WARNING - 2026-04-15 23:12:10 --> [DEPRECATED] ini_set(): session.sid_length INI setting is deprecated in SYSTEMPATH/Session/Handlers/FileHandler.php on line 321.
 1 SYSTEMPATH/Session/Handlers/FileHandler.php(321): ini_set('session.sid_length', '40')
 2 SYSTEMPATH/Session/Handlers/FileHandler.php(85): CodeIgniter\Session\Handlers\FileHandler->configureSessionIDRegex()
 3 SYSTEMPATH/Config/Services.php(697): CodeIgniter\Session\Handlers\FileHandler->__construct(Object(Config\Session), '::1')
 4 SYSTEMPATH/Config/BaseService.php(312): CodeIgniter\Config\Services::session(Object(Config\Session), false)
 5 SYSTEMPATH/Config/BaseService.php(251): CodeIgniter\Config\BaseService::__callStatic('session', [...])
 6 SYSTEMPATH/Config/Services.php(668): CodeIgniter\Config\BaseService::getSharedInstance('session', null)
 7 SYSTEMPATH/Config/BaseService.php(321): CodeIgniter\Config\Services::session()
 8 SYSTEMPATH/Config/BaseService.php(202): CodeIgniter\Config\BaseService::__callStatic('session', [])
 9 SYSTEMPATH/Common.php(998): CodeIgniter\Config\BaseService::get('session')
10 SYSTEMPATH/Common.php(971): service('session')
11 APPPATH/Controllers/BaseController.php(59): session()
12 APPPATH/Controllers/Home.php(13): App\Controllers\BaseController->initController(Object(CodeIgniter\HTTP\IncomingRequest), Object(CodeIgniter\HTTP\Response), Object(CodeIgniter\Log\Logger))
13 SYSTEMPATH/CodeIgniter.php(904): App\Controllers\Home->initController(Object(CodeIgniter\HTTP\IncomingRequest), Object(CodeIgniter\HTTP\Response), Object(CodeIgniter\Log\Logger))
14 SYSTEMPATH/CodeIgniter.php(500): CodeIgniter\CodeIgniter->createController()
15 SYSTEMPATH/CodeIgniter.php(355): CodeIgniter\CodeIgniter->handleRequest(null, Object(Config\Cache), false)
16 SYSTEMPATH/Boot.php(325): CodeIgniter\CodeIgniter->run()
17 SYSTEMPATH/Boot.php(67): CodeIgniter\Boot::runCodeIgniter(Object(CodeIgniter\CodeIgniter))
18 FCPATH/index.php(60): CodeIgniter\Boot::bootWeb(Object(Config\Paths))
19 SYSTEMPATH/rewrite.php(44): require_once('/home/Gilang/DPMPTSP/DataInvest/public/index.php')
WARNING - 2026-04-15 23:12:10 --> [DEPRECATED] Return type of CodeIgniter\I18n\TimeTrait::createFromTimestamp(int|float $timestamp) should either be compatible with DateTimeImmutable::createFromTimestamp(int|float $timestamp): static, or the #[\ReturnTypeWillChange] attribute should be used to temporarily suppress the notice in SYSTEMPATH/I18n/TimeTrait.php on line 268.
 1 VENDORPATH/composer/ClassLoader.php(576): include('/home/Gilang/DPMPTSP/DataInvest/system/I18n/Time.php')
 2 VENDORPATH/composer/ClassLoader.php(427): {closure:Composer\Autoload\ClassLoader::initializeIncludeClosure():575}('/home/Gilang/DPMPTSP/DataInvest/vendor/composer/../../system/I18n/Time.php')
 3 SYSTEMPATH/Session/Session.php(193): Composer\Autoload\ClassLoader->loadClass('CodeIgniter\\I18n\\Time')
 4 SYSTEMPATH/Config/Services.php(700): CodeIgniter\Session\Session->__construct(Object(CodeIgniter\Session\Handlers\FileHandler), Object(Config\Session))
 5 SYSTEMPATH/Config/BaseService.php(312): CodeIgniter\Config\Services::session(Object(Config\Session), false)
 6 SYSTEMPATH/Config/BaseService.php(251): CodeIgniter\Config\BaseService::__callStatic('session', [...])
 7 SYSTEMPATH/Config/Services.php(668): CodeIgniter\Config\BaseService::getSharedInstance('session', null)
 8 SYSTEMPATH/Config/BaseService.php(321): CodeIgniter\Config\Services::session()
 9 SYSTEMPATH/Config/BaseService.php(202): CodeIgniter\Config\BaseService::__callStatic('session', [])
10 SYSTEMPATH/Common.php(998): CodeIgniter\Config\BaseService::get('session')
11 SYSTEMPATH/Common.php(971): service('session')
12 APPPATH/Controllers/BaseController.php(59): session()
13 APPPATH/Controllers/Home.php(13): App\Controllers\BaseController->initController(Object(CodeIgniter\HTTP\IncomingRequest), Object(CodeIgniter\HTTP\Response), Object(CodeIgniter\Log\Logger))
14 SYSTEMPATH/CodeIgniter.php(904): App\Controllers\Home->initController(Object(CodeIgniter\HTTP\IncomingRequest), Object(CodeIgniter\HTTP\Response), Object(CodeIgniter\Log\Logger))
15 SYSTEMPATH/CodeIgniter.php(500): CodeIgniter\CodeIgniter->createController()
16 SYSTEMPATH/CodeIgniter.php(355): CodeIgniter\CodeIgniter->handleRequest(null, Object(Config\Cache), false)
17 SYSTEMPATH/Boot.php(325): CodeIgniter\CodeIgniter->run()
18 SYSTEMPATH/Boot.php(67): CodeIgniter\Boot::runCodeIgniter(Object(CodeIgniter\CodeIgniter))
19 FCPATH/index.php(60): CodeIgniter\Boot::bootWeb(Object(Config\Paths))
20 SYSTEMPATH/rewrite.php(44): require_once('/home/Gilang/DPMPTSP/DataInvest/public/index.php')
INFO - 2026-04-15 23:12:10 --> Session: Class initialized using 'CodeIgniter\Session\Handlers\FileHandler' driver.
DEBUG - 2026-04-15 23:12:10 --> === getSectorCountByCompany START ===
DEBUG - 2026-04-15 23:12:10 --> Upload ID: {"jenis_investasi":"PMA"}
DEBUG - 2026-04-15 23:12:10 --> Filters: []
DEBUG - 2026-04-15 23:12:10 --> PMA records found: 0
DEBUG - 2026-04-15 23:12:10 --> PMDN records found: 0
DEBUG - 2026-04-15 23:12:10 --> === getSectorCountByCompany END ===
DEBUG - 2026-04-15 23:12:10 --> === getSectorCountByCompany START ===
DEBUG - 2026-04-15 23:12:10 --> Upload ID: {"jenis_investasi":"PMDN"}
DEBUG - 2026-04-15 23:12:10 --> Filters: []
DEBUG - 2026-04-15 23:12:10 --> PMA records found: 0
DEBUG - 2026-04-15 23:12:10 --> PMDN records found: 0
DEBUG - 2026-04-15 23:12:10 --> === getSectorCountByCompany END ===
DEBUG - 2026-04-15 23:12:10 --> === getSectorCountByCompany START ===
DEBUG - 2026-04-15 23:12:10 --> Upload ID: 166
DEBUG - 2026-04-15 23:12:10 --> Filters: []
DEBUG - 2026-04-15 23:12:10 --> PMA records found: 10
DEBUG - 2026-04-15 23:12:10 --> PMDN records found: 128
DEBUG - 2026-04-15 23:12:10 --> === getSectorCountByCompany END ===
DEBUG - 2026-04-15 23:12:10 --> Sector count in DashboardService: {"PMA":{"data":[{"nama_perusahaan":"TRANSCOAL MINERGY","tambahan_realisasi":2255862677068,"jumlah_tki":18,"jumlah_tka":41,"jumlah_proyek":4},{"nama_perusahaan":"ANUGERAH BAROKAH CAKRAWALA","tambahan_realisasi":142647000000,"jumlah_tki":0,"jumlah_tka":0,"jumlah_proyek":6},{"nama_perusahaan":"ANUGERAH BAROKAH ENERGI BARU","tambahan_realisasi":95321760000,"jumlah_tki":0,"jumlah_tka":4,"jumlah_proyek":1},{"nama_perusahaan":"THIESS CONTRACTORS INDONESIA","tambahan_realisasi":15696536959,"jumlah_tki":0,"jumlah_tka":0,"jumlah_proyek":2},{"nama_perusahaan":"YIWAN MINING","tambahan_realisasi":1285213685,"jumlah_tki":20,"jumlah_tka":0,"jumlah_proyek":1},{"nama_perusahaan":"MERATUS HYDRO POWER","tambahan_realisasi":1650000,"jumlah_tki":0,"jumlah_tka":0,"jumlah_proyek":1},{"nama_perusahaan":"CAHAYA ANUGRAH SARANA CATERING","tambahan_realisasi":0,"jumlah_tki":0,"jumlah_tka":0,"jumlah_proyek":2},{"nama_perusahaan":"JAYA MANDIRI SUKSES","tambahan_realisasi":0,"jumlah_tki":0,"jumlah_tka":0,"jumlah_proyek":1},{"nama_perusahaan":"MITRA SETIA TANAH BUMBU","tambahan_realisasi":0,"jumlah_tki":0,"jumlah_tka":0,"jumlah_proyek":1},{"nama_perusahaan":"VKS DRILLTEK INDO","tambahan_realisasi":0,"jumlah_tki":0,"jumlah_tka":0,"jumlah_proyek":1}],"total":2510814837712},"PMDN":{"data":[{"nama_perusahaan":"PUTRA PERKASA ABADI","tambahan_realisasi":440891512970,"jumlah_tki":561,"jumlah_tka":0,"jumlah_proyek":3},{"nama_perusahaan":"DUA SAMUDERA PERKASA","tambahan_realisasi":338553745351,"jumlah_tki":24,"jumlah_tka":0,"jumlah_proyek":3},{"nama_perusahaan":"BORNEO INDOBARA","tambahan_realisasi":148300672954,"jumlah_tki":6,"jumlah_tka":0,"jumlah_proyek":34},{"nama_perusahaan":"JHONLIN AGRO RAYA Tbk","tambahan_realisasi":139466902491,"jumlah_tki":232,"jumlah_tka":0,"jumlah_proyek":2},{"nama_perusahaan":"JHONLIN AGRO LESTARI","tambahan_realisasi":94555509589,"jumlah_tki":232,"jumlah_tka":0,"jumlah_proyek":1},{"nama_perusahaan":"KODECO AGROJAYA MANDIRI","tambahan_realisasi":70231563086,"jumlah_tki":102,"jumlah_tka":0,"jumlah_proyek":4},{"nama_perusahaan":"MAMING PROPERTI BATULICIN","tambahan_realisasi":37142843910,"jumlah_tki":0,"jumlah_tka":0,"jumlah_proyek":1},{"nama_perusahaan":"REZKI BATULICIN TRANSPORT","tambahan_realisasi":34928037100,"jumlah_tki":0,"jumlah_tka":0,"jumlah_proyek":4},{"nama_perusahaan":"WAHANA BARATAMA MINING","tambahan_realisasi":16950602545,"jumlah_tki":0,"jumlah_tka":0,"jumlah_proyek":1},{"nama_perusahaan":"TANAH BUMBU RESOURCES","tambahan_realisasi":10680308978,"jumlah_tki":0,"jumlah_tka":0,"jumlah_proyek":2},{"nama_perusahaan":"ROYAN BATU PERKASA","tambahan_realisasi":4713540028,"jumlah_tki":0,"jumlah_tka":0,"jumlah_proyek":1},{"nama_perusahaan":"SANGGAR SARANA BAJA","tambahan_realisasi":4021566350,"jumlah_tki":0,"jumlah_tka":0,"jumlah_proyek":1},{"nama_perusahaan":"ANZAWARA SATRIA","tambahan_realisasi":3444811501,"jumlah_tki":71,"jumlah_tka":0,"jumlah_proyek":1},{"nama_perusahaan":"UDANG MARIANI ENAM SEMBILAN","tambahan_realisasi":3247293086,"jumlah_tki":0,"jumlah_tka":0,"jumlah_proyek":2},{"nama_perusahaan":"DAYA INDAH ANDALAN","tambahan_realisasi":3235902840,"jumlah_tki":0,"jumlah_tka":0,"jumlah_proyek":2},{"nama_perusahaan":"UNITED TRACTORS","tambahan_realisasi":2340774700,"jumlah_tki":0,"jumlah_tka":0,"jumlah_proyek":36},{"nama_perusahaan":"PERUSAHAAN PERSEROAN (PERSERO) PT SUPERINTENDING COMPANY OF INDONESIA","tambahan_realisasi":1756200000,"jumlah_tki":0,"jumlah_tka":0,"jumlah_proyek":1},{"nama_perusahaan":"RAYANE BATULICIN TRANSPORT","tambahan_realisasi":1022146463,"jumlah_tki":0,"jumlah_tka":0,"jumlah_proyek":2},{"nama_perusahaan":"PINUS MERAH ABADI","tambahan_realisasi":879000000,"jumlah_tki":0,"jumlah_tka":0,"jumlah_proyek":1},{"nama_perusahaan":"BATULICIN BUMI BERSUJUD","tambahan_realisasi":650802919,"jumlah_tki":0,"jumlah_tka":0,"jumlah_proyek":2},{"nama_perusahaan":"AXIS PRATAMA INDONESIA","tambahan_realisasi":607779311,"jumlah_tki":0,"jumlah_tka":0,"jumlah_proyek":4},{"nama_perusahaan":"TIRTAKENCANA TATAWARNA","tambahan_realisasi":452171699,"jumlah_tki":0,"jumlah_tka":0,"jumlah_proyek":6},{"nama_perusahaan":"GRAND DUTA BORNEO","tambahan_realisasi":416150282,"jumlah_tki":0,"jumlah_tka":0,"jumlah_proyek":2},{"nama_perusahaan":"KARYA ABIDIN BERSAMA","tambahan_realisasi":300000000,"jumlah_tki":0,"jumlah_tka":0,"jumlah_proyek":2},{"nama_perusahaan":"MANDIRI AMAN SEKAWAN","tambahan_realisasi":200000000,"jumlah_tki":0,"jumlah_tka":0,"jumlah_proyek":40},{"nama_perusahaan":"KHARISMA KAISAR BATULICIN","tambahan_realisasi":191200000,"jumlah_tki":10,"jumlah_tka":0,"jumlah_proyek":5},{"nama_perusahaan":"MANDIRI AMAN SEJAHTERA","tambahan_realisasi":180000000,"jumlah_tki":0,"jumlah_tka":0,"jumlah_proyek":53},{"nama_perusahaan":"TRAKINDO UTAMA","tambahan_realisasi":171000000,"jumlah_tki":0,"jumlah_tka":0,"jumlah_proyek":2},{"nama_perusahaan":"SUMBER ALFARIA TRIJAYA","tambahan_realisasi":157939807,"jumlah_tki":0,"jumlah_tka":0,"jumlah_proyek":20},{"nama_perusahaan":"INDOMARCO PRISMATAMA","tambahan_realisasi":112630733,"jumlah_tki":0,"jumlah_tka":0,"jumlah_proyek":7},{"nama_perusahaan":"SUMBERDAYA SEWATAMA","tambahan_realisasi":110000000,"jumlah_tki":0,"jumlah_tka":0,"jumlah_proyek":1},{"nama_perusahaan":"JEMBATAN NUSANTARA","tambahan_realisasi":100000000,"jumlah_tki":0,"jumlah_tka":0,"jumlah_proyek":1},{"nama_perusahaan":"REFANGGA JAYA LAND","tambahan_realisasi":100000000,"jumlah_tki":0,"jumlah_tka":0,"jumlah_proyek":9},{"nama_perusahaan":"SILIKA MITRA PERKASA","tambahan_realisasi":80416667,"jumlah_tki":0,"jumlah_tka":0,"jumlah_proyek":1},{"nama_perusahaan":"SINARNIAGA SEJAHTERA","tambahan_realisasi":80324472,"jumlah_tki":0,"jumlah_tka":0,"jumlah_proyek":1},{"nama_perusahaan":"BATU GUNUNG DELAPAN ENAM","tambahan_realisasi":80208333,"jumlah_tki":0,"jumlah_tka":0,"jumlah_proyek":1},{"nama_perusahaan":"ASDP INDONESIA FERRY","tambahan_realisasi":64500000,"jumlah_tki":1,"jumlah_tka":0,"jumlah_proyek":2},{"nama_perusahaan":"WARGI SANTOSA","tambahan_realisasi":50000000,"jumlah_tki":0,"jumlah_tka":0,"jumlah_proyek":10},{"nama_perusahaan":"FAST FOOD INDONESIA","tambahan_realisasi":31596660,"jumlah_tki":22,"jumlah_tka":0,"jumlah_proyek":1},{"nama_perusahaan":"BUMI NUSA PALAPA","tambahan_realisasi":30024236,"jumlah_tki":0,"jumlah_tka":0,"jumlah_proyek":1},{"nama_perusahaan":"PESTA PORA ABADI","tambahan_realisasi":16446200,"jumlah_tki":88,"jumlah_tka":0,"jumlah_proyek":3},{"nama_perusahaan":"NUSANTARA BATULICIN","tambahan_realisasi":12000000,"jumlah_tki":0,"jumlah_tka":0,"jumlah_proyek":1},{"nama_perusahaan":"TUNAS TIMUR","tambahan_realisasi":2450000,"jumlah_tki":0,"jumlah_tka":0,"jumlah_proyek":2},{"nama_perusahaan":"SUMBER BERLIAN MOTORS","tambahan_realisasi":1364000,"jumlah_tki":0,"jumlah_tka":0,"jumlah_proyek":2},{"nama_perusahaan":"SENTRA AGRO SUMBER RAYA","tambahan_realisasi":1250000,"jumlah_tki":0,"jumlah_tka":0,"jumlah_proyek":3},{"nama_perusahaan":"DAYA INDAH YASA","tambahan_realisasi":1010873,"jumlah_tki":0,"jumlah_tka":0,"jumlah_proyek":1},{"nama_perusahaan":"GEMA TAMBANG NUSANTARA","tambahan_realisasi":568744,"jumlah_tki":0,"jumlah_tka":0,"jumlah_proyek":1},{"nama_perusahaan":"ADIDAYA AKBAR BERKARYA","tambahan_realisasi":345946,"jumlah_tki":3,"jumlah_tka":0,"jumlah_proyek":3},{"nama_perusahaan":"ADISURYA CIPTA LESTARI","tambahan_realisasi":0,"jumlah_tki":0,"jumlah_tka":0,"jumlah_proyek":3},{"nama_perusahaan":"AMANAH PUTRA BORNEO","tambahan_realisasi":0,"jumlah_tki":0,"jumlah_tka":0,"jumlah_proyek":2},{"nama_perusahaan":"ANDIFA KHARISMA BORNEO PRATAMA","tambahan_realisasi":0,"jumlah_tki":9,"jumlah_tka":0,"jumlah_proyek":7},{"nama_perusahaan":"ANDIFA NUSA SAMUDERA","tambahan_realisasi":0,"jumlah_tki":9,"jumlah_tka":0,"jumlah_proyek":5},{"nama_perusahaan":"ANDIFA PERKASA ENERGI","tambahan_realisasi":0,"jumlah_tki":0,"jumlah_tka":0,"jumlah_proyek":3},{"nama_perusahaan":"ANGSANA JAYA ENERGI","tambahan_realisasi":0,"jumlah_tki":0,"jumlah_tka":0,"jumlah_proyek":1},{"nama_perusahaan":"ANINDYA WIRAPUTRA KONSULT","tambahan_realisasi":0,"jumlah_tki":0,"jumlah_tka":0,"jumlah_proyek":3},{"nama_perusahaan":"ARUTMIN INDONESIA","tambahan_realisasi":0,"jumlah_tki":0,"jumlah_tka":0,"jumlah_proyek":7},{"nama_perusahaan":"BANDAR INDO RAYA","tambahan_realisasi":0,"jumlah_tki":0,"jumlah_tka":0,"jumlah_proyek":1},{"nama_perusahaan":"BANGUN ARTA HUTAMA","tambahan_realisasi":0,"jumlah_tki":0,"jumlah_tka":0,"jumlah_proyek":9},{"nama_perusahaan":"BARA ASIA COALTRADE","tambahan_realisasi":0,"jumlah_tki":0,"jumlah_tka":0,"jumlah_proyek":1},{"nama_perusahaan":"BATULICIN ENAM SEMBILAN","tambahan_realisasi":0,"jumlah_tki":0,"jumlah_tka":0,"jumlah_proyek":1},{"nama_perusahaan":"BATULICIN ENAM SEMBILAN PELABUHAN","tambahan_realisasi":0,"jumlah_tki":0,"jumlah_tka":0,"jumlah_proyek":1},{"nama_perusahaan":"BATULICIN ENAM SEMBILAN PERTAMBANGAN","tambahan_realisasi":0,"jumlah_tki":0,"jumlah_tka":0,"jumlah_proyek":2},{"nama_perusahaan":"BATULICIN ENAM SEMBILAN TRANSPORTASI","tambahan_realisasi":0,"jumlah_tki":0,"jumlah_tka":0,"jumlah_proyek":1},{"nama_perusahaan":"BATULICIN NUSANTARA MARITIM","tambahan_realisasi":0,"jumlah_tki":0,"jumlah_tka":0,"jumlah_proyek":1},{"nama_perusahaan":"BAYAN RESOURCES","tambahan_realisasi":0,"jumlah_tki":0,"jumlah_tka":0,"jumlah_proyek":2},{"nama_perusahaan":"BINA BATULICIN USAHA","tambahan_realisasi":0,"jumlah_tki":0,"jumlah_tka":0,"jumlah_proyek":1},{"nama_perusahaan":"BINA INDO RAYA","tambahan_realisasi":0,"jumlah_tki":0,"jumlah_tka":0,"jumlah_proyek":1},{"nama_perusahaan":"BINA KARYA PUTRA BATULICIN","tambahan_realisasi":0,"jumlah_tki":0,"jumlah_tka":0,"jumlah_proyek":1},{"nama_perusahaan":"BINA USAHA BATULICIN","tambahan_realisasi":0,"jumlah_tki":0,"jumlah_tka":0,"jumlah_proyek":4},{"nama_perusahaan":"BORNEO MITRA BARATAMA","tambahan_realisasi":0,"jumlah_tki":0,"jumlah_tka":0,"jumlah_proyek":1},{"nama_perusahaan":"BORNEO PALM PLANTATION","tambahan_realisasi":0,"jumlah_tki":0,"jumlah_tka":0,"jumlah_proyek":2},{"nama_perusahaan":"BUANA RINDANG LESTARI","tambahan_realisasi":0,"jumlah_tki":1,"jumlah_tka":0,"jumlah_proyek":4},{"nama_perusahaan":"BUKIT MAKMUR MANDIRI UTAMA","tambahan_realisasi":0,"jumlah_tki":0,"jumlah_tka":0,"jumlah_proyek":1},{"nama_perusahaan":"CAKRAWALA LANGIT SEJAHTERA","tambahan_realisasi":0,"jumlah_tki":0,"jumlah_tka":0,"jumlah_proyek":1},{"nama_perusahaan":"CIPTA KRIDA BAHARI","tambahan_realisasi":0,"jumlah_tki":0,"jumlah_tka":0,"jumlah_proyek":2},{"nama_perusahaan":"CIPTA KRIDATAMA","tambahan_realisasi":0,"jumlah_tki":0,"jumlah_tka":0,"jumlah_proyek":2},{"nama_perusahaan":"CMP MOTOR SPORT","tambahan_realisasi":0,"jumlah_tki":0,"jumlah_tka":0,"jumlah_proyek":3},{"nama_perusahaan":"DARMA HENWA","tambahan_realisasi":0,"jumlah_tki":0,"jumlah_tka":0,"jumlah_proyek":2},{"nama_perusahaan":"DAYA ENERGI TEKNIK","tambahan_realisasi":0,"jumlah_tki":4,"jumlah_tka":0,"jumlah_proyek":3},{"nama_perusahaan":"DELTA GARDA PERSADA","tambahan_realisasi":0,"jumlah_tki":0,"jumlah_tka":0,"jumlah_proyek":1},{"nama_perusahaan":"DIANTA DAYA EMBARA","tambahan_realisasi":0,"jumlah_tki":0,"jumlah_tka":0,"jumlah_proyek":3},{"nama_perusahaan":"DUA KOTA LAUT","tambahan_realisasi":0,"jumlah_tki":0,"jumlah_tka":0,"jumlah_proyek":1},{"nama_perusahaan":"ENAM SEMBILAN NIAGA NIKEL","tambahan_realisasi":0,"jumlah_tki":0,"jumlah_tka":0,"jumlah_proyek":1},{"nama_perusahaan":"ENAM SEMBILAN TRADING BATUBARA","tambahan_realisasi":0,"jumlah_tki":0,"jumlah_tka":0,"jumlah_proyek":1},{"nama_perusahaan":"GARUDA WISNU AMERTA","tambahan_realisasi":0,"jumlah_tki":0,"jumlah_tka":0,"jumlah_proyek":1},{"nama_perusahaan":"GUNUNG MAYANG STONE","tambahan_realisasi":0,"jumlah_tki":0,"jumlah_tka":0,"jumlah_proyek":1},{"nama_perusahaan":"HAJI MAMING PELABUHAN","tambahan_realisasi":0,"jumlah_tki":0,"jumlah_tka":0,"jumlah_proyek":1},{"nama_perusahaan":"HALONG JAYA BERGETAR","tambahan_realisasi":0,"jumlah_tki":0,"jumlah_tka":0,"jumlah_proyek":1},{"nama_perusahaan":"JHONLIN AGRO MANDIRI","tambahan_realisasi":0,"jumlah_tki":0,"jumlah_tka":0,"jumlah_proyek":1},{"nama_perusahaan":"KRIDA CIPTA SATYA","tambahan_realisasi":0,"jumlah_tki":0,"jumlah_tka":0,"jumlah_proyek":3},{"nama_perusahaan":"LADANGRUMPUN SUBURABADI","tambahan_realisasi":0,"jumlah_tki":0,"jumlah_tka":0,"jumlah_proyek":8},{"nama_perusahaan":"LINTAS FORTUNA NUSANTARA","tambahan_realisasi":0,"jumlah_tki":0,"jumlah_tka":0,"jumlah_proyek":1},{"nama_perusahaan":"MAMING ENAM SEMBILAN","tambahan_realisasi":0,"jumlah_tki":0,"jumlah_tka":0,"jumlah_proyek":1},{"nama_perusahaan":"MENARA ANGKASA SEMESTA","tambahan_realisasi":0,"jumlah_tki":0,"jumlah_tka":0,"jumlah_proyek":6},{"nama_perusahaan":"MERATUS JAYA IRON & STEEL","tambahan_realisasi":0,"jumlah_tki":0,"jumlah_tka":0,"jumlah_proyek":1},{"nama_perusahaan":"MITRA JASA SEBAMBAN UTAMA","tambahan_realisasi":0,"jumlah_tki":2,"jumlah_tka":0,"jumlah_proyek":3},{"nama_perusahaan":"MITRA SEHAT CARE","tambahan_realisasi":0,"jumlah_tki":1,"jumlah_tka":0,"jumlah_proyek":1},{"nama_perusahaan":"MITRAJAYA ABADI BERSAMA","tambahan_realisasi":0,"jumlah_tki":0,"jumlah_tka":0,"jumlah_proyek":2},{"nama_perusahaan":"NAGATA BIO ENERGI","tambahan_realisasi":0,"jumlah_tki":0,"jumlah_tka":0,"jumlah_proyek":2},{"nama_perusahaan":"NAWAKARA PERKASA NUSANTARA","tambahan_realisasi":0,"jumlah_tki":169,"jumlah_tka":0,"jumlah_proyek":2},{"nama_perusahaan":"ONO KREASI GASINDO","tambahan_realisasi":0,"jumlah_tki":0,"jumlah_tka":0,"jumlah_proyek":2},{"nama_perusahaan":"PAGAR MULYA KARYATAMA","tambahan_realisasi":0,"jumlah_tki":6,"jumlah_tka":0,"jumlah_proyek":4},{"nama_perusahaan":"PELABUHAN BUANA REJA","tambahan_realisasi":0,"jumlah_tki":0,"jumlah_tka":0,"jumlah_proyek":2},{"nama_perusahaan":"PELAYARAN BAHTERA ADHIGUNA","tambahan_realisasi":0,"jumlah_tki":0,"jumlah_tka":0,"jumlah_proyek":1},{"nama_perusahaan":"PERKEBUNAN NUSANTARA IV","tambahan_realisasi":0,"jumlah_tki":0,"jumlah_tka":0,"jumlah_proyek":1},{"nama_perusahaan":"PERUSAHAAN PERSEROAN (PERSERO) PT PELABUHAN INDONESIA DISINGKAT PT PELABUHAN INDONESIA (PERSERO)","tambahan_realisasi":0,"jumlah_tki":0,"jumlah_tka":0,"jumlah_proyek":1},{"nama_perusahaan":"PROFESIONAL TELEKOMUNIKASI INDONESIA","tambahan_realisasi":0,"jumlah_tki":0,"jumlah_tka":0,"jumlah_proyek":8},{"nama_perusahaan":"RASYA PRATAMA MANDIRI","tambahan_realisasi":0,"jumlah_tki":0,"jumlah_tka":0,"jumlah_proyek":38},{"nama_perusahaan":"SAJANG HEULANG","tambahan_realisasi":0,"jumlah_tki":0,"jumlah_tka":0,"jumlah_proyek":8},{"nama_perusahaan":"SALAM PACIFIC INDONESIA LINES","tambahan_realisasi":0,"jumlah_tki":0,"jumlah_tka":0,"jumlah_proyek":1},{"nama_perusahaan":"SAMATOR GAS INDUSTRI","tambahan_realisasi":0,"jumlah_tki":0,"jumlah_tka":0,"jumlah_proyek":1},{"nama_perusahaan":"SAPTAINDRA SEJATI","tambahan_realisasi":0,"jumlah_tki":0,"jumlah_tka":0,"jumlah_proyek":1},{"nama_perusahaan":"SEIA MITRA MANDIRI","tambahan_realisasi":0,"jumlah_tki":0,"jumlah_tka":0,"jumlah_proyek":1},{"nama_perusahaan":"SERASI SHIPPING INDONESIA","tambahan_realisasi":0,"jumlah_tki":0,"jumlah_tka":0,"jumlah_proyek":1},{"nama_perusahaan":"SINAR BINTANG MULIA","tambahan_realisasi":0,"jumlah_tki":0,"jumlah_tka":0,"jumlah_proyek":12},{"nama_perusahaan":"SINAR JAYA KOMUNIKA","tambahan_realisasi":0,"jumlah_tki":0,"jumlah_tka":0,"jumlah_proyek":4},{"nama_perusahaan":"SOLUSI TUNAS PRATAMA","tambahan_realisasi":0,"jumlah_tki":0,"jumlah_tka":0,"jumlah_proyek":7},{"nama_perusahaan":"SUMBER CIPTA MULTINIAGA","tambahan_realisasi":0,"jumlah_tki":0,"jumlah_tka":0,"jumlah_proyek":1},{"nama_perusahaan":"SUNGAI DANAU JAYA","tambahan_realisasi":0,"jumlah_tki":0,"jumlah_tka":0,"jumlah_proyek":3},{"nama_perusahaan":"SUPRIMA MITRA ADIHUSADA","tambahan_realisasi":0,"jumlah_tki":0,"jumlah_tka":0,"jumlah_proyek":2},{"nama_perusahaan":"TATA BUANA KARYA","tambahan_realisasi":0,"jumlah_tki":0,"jumlah_tka":0,"jumlah_proyek":1},{"nama_perusahaan":"TIMUR SATRIA PERKASA","tambahan_realisasi":0,"jumlah_tki":0,"jumlah_tka":0,"jumlah_proyek":1},{"nama_perusahaan":"TOWER BERSAMA","tambahan_realisasi":0,"jumlah_tki":0,"jumlah_tka":0,"jumlah_proyek":5},{"nama_perusahaan":"TUNAS INTI ABADI","tambahan_realisasi":0,"jumlah_tki":0,"jumlah_tka":0,"jumlah_proyek":3},{"nama_perusahaan":"VIJETA BOLA SEMBILAN","tambahan_realisasi":0,"jumlah_tki":7,"jumlah_tka":0,"jumlah_proyek":1},{"nama_perusahaan":"WAHANA KONSTRUKSI MANDIRI","tambahan_realisasi":0,"jumlah_tki":0,"jumlah_tka":0,"jumlah_proyek":17},{"nama_perusahaan":"WIJAYA SUKSES MULYA","tambahan_realisasi":0,"jumlah_tki":0,"jumlah_tka":0,"jumlah_proyek":55},{"nama_perusahaan":"WORLD TERMINALINDO","tambahan_realisasi":0,"jumlah_tki":0,"jumlah_tka":0,"jumlah_proyek":1}],"total":1360565114824}}
DEBUG - 2026-04-15 23:12:10 --> QuarterlyChartService - Total uploads: 1
DEBUG - 2026-04-15 23:12:10 --> QuarterlyChartService - Selected year: all
DEBUG - 2026-04-15 23:12:10 --> Processing upload ID: 166, Status: completed, Year: 2025, Quarter: Q4
DEBUG - 2026-04-15 23:12:10 --> Upload ID 166 - PMA: 2510814837712, PMDN: 1360565114824
DEBUG - 2026-04-15 23:12:10 --> Added to Q4: 3871379952536 (Total now: 3871379952536)
DEBUG - 2026-04-15 23:12:10 --> Final quarterly data before conversion: {"Q1":0,"Q2":0,"Q3":0,"Q4":3871379952536}
DEBUG - 2026-04-15 23:12:10 --> QuarterlyChartService (All Years) - Total uploads: 1
DEBUG - 2026-04-15 23:12:10 --> Initialized year: 2025
DEBUG - 2026-04-15 23:12:10 --> Upload ID 166 - PMA: 2510814837712, PMDN: 1360565114824
DEBUG - 2026-04-15 23:12:10 --> Added to Q4: 3871379952536 (Total now: 3871379952536)
DEBUG - 2026-04-15 23:12:10 --> Yearly quarterly data before conversion: {"2025":{"Q1":0,"Q2":0,"Q3":0,"Q4":3871379952536}}
DEBUG - 2026-04-15 23:12:10 --> QuarterlyChartService (All Years) - Final result: {"2025":{"labels":["Q1","Q2","Q3","Q4"],"values":[0,0,0,3871379952536]}}
WARNING - 2026-04-15 23:12:14 --> [DEPRECATED] ini_set(): session.sid_length INI setting is deprecated in SYSTEMPATH/Session/Handlers/FileHandler.php on line 321.
 1 SYSTEMPATH/Session/Handlers/FileHandler.php(321): ini_set('session.sid_length', '40')
 2 SYSTEMPATH/Session/Handlers/FileHandler.php(85): CodeIgniter\Session\Handlers\FileHandler->configureSessionIDRegex()
 3 SYSTEMPATH/Config/Services.php(697): CodeIgniter\Session\Handlers\FileHandler->__construct(Object(Config\Session), '::1')
 4 SYSTEMPATH/Config/BaseService.php(312): CodeIgniter\Config\Services::session(Object(Config\Session), false)
 5 SYSTEMPATH/Config/BaseService.php(251): CodeIgniter\Config\BaseService::__callStatic('session', [...])
 6 SYSTEMPATH/Config/Services.php(668): CodeIgniter\Config\BaseService::getSharedInstance('session', null)
 7 SYSTEMPATH/Config/BaseService.php(321): CodeIgniter\Config\Services::session()
 8 SYSTEMPATH/Config/BaseService.php(202): CodeIgniter\Config\BaseService::__callStatic('session', [])
 9 SYSTEMPATH/Common.php(998): CodeIgniter\Config\BaseService::get('session')
10 SYSTEMPATH/Common.php(971): service('session')
11 APPPATH/Filters/AuthFilter.php(13): session()
12 SYSTEMPATH/Filters/Filters.php(203): App\Filters\AuthFilter->before(Object(CodeIgniter\HTTP\IncomingRequest), [...])
13 SYSTEMPATH/Filters/Filters.php(184): CodeIgniter\Filters\Filters->runBefore([...])
14 SYSTEMPATH/CodeIgniter.php(481): CodeIgniter\Filters\Filters->run('auth/login', 'before')
15 SYSTEMPATH/CodeIgniter.php(355): CodeIgniter\CodeIgniter->handleRequest(null, Object(Config\Cache), false)
16 SYSTEMPATH/Boot.php(325): CodeIgniter\CodeIgniter->run()
17 SYSTEMPATH/Boot.php(67): CodeIgniter\Boot::runCodeIgniter(Object(CodeIgniter\CodeIgniter))
18 FCPATH/index.php(60): CodeIgniter\Boot::bootWeb(Object(Config\Paths))
19 SYSTEMPATH/rewrite.php(44): require_once('/home/Gilang/DPMPTSP/DataInvest/public/index.php')
WARNING - 2026-04-15 23:12:14 --> [DEPRECATED] Return type of CodeIgniter\I18n\TimeTrait::createFromTimestamp(int|float $timestamp) should either be compatible with DateTimeImmutable::createFromTimestamp(int|float $timestamp): static, or the #[\ReturnTypeWillChange] attribute should be used to temporarily suppress the notice in SYSTEMPATH/I18n/TimeTrait.php on line 268.
 1 VENDORPATH/composer/ClassLoader.php(576): include('/home/Gilang/DPMPTSP/DataInvest/system/I18n/Time.php')
 2 VENDORPATH/composer/ClassLoader.php(427): {closure:Composer\Autoload\ClassLoader::initializeIncludeClosure():575}('/home/Gilang/DPMPTSP/DataInvest/vendor/composer/../../system/I18n/Time.php')
 3 SYSTEMPATH/Session/Session.php(193): Composer\Autoload\ClassLoader->loadClass('CodeIgniter\\I18n\\Time')
 4 SYSTEMPATH/Config/Services.php(700): CodeIgniter\Session\Session->__construct(Object(CodeIgniter\Session\Handlers\FileHandler), Object(Config\Session))
 5 SYSTEMPATH/Config/BaseService.php(312): CodeIgniter\Config\Services::session(Object(Config\Session), false)
 6 SYSTEMPATH/Config/BaseService.php(251): CodeIgniter\Config\BaseService::__callStatic('session', [...])
 7 SYSTEMPATH/Config/Services.php(668): CodeIgniter\Config\BaseService::getSharedInstance('session', null)
 8 SYSTEMPATH/Config/BaseService.php(321): CodeIgniter\Config\Services::session()
 9 SYSTEMPATH/Config/BaseService.php(202): CodeIgniter\Config\BaseService::__callStatic('session', [])
10 SYSTEMPATH/Common.php(998): CodeIgniter\Config\BaseService::get('session')
11 SYSTEMPATH/Common.php(971): service('session')
12 APPPATH/Filters/AuthFilter.php(13): session()
13 SYSTEMPATH/Filters/Filters.php(203): App\Filters\AuthFilter->before(Object(CodeIgniter\HTTP\IncomingRequest), [...])
14 SYSTEMPATH/Filters/Filters.php(184): CodeIgniter\Filters\Filters->runBefore([...])
15 SYSTEMPATH/CodeIgniter.php(481): CodeIgniter\Filters\Filters->run('auth/login', 'before')
16 SYSTEMPATH/CodeIgniter.php(355): CodeIgniter\CodeIgniter->handleRequest(null, Object(Config\Cache), false)
17 SYSTEMPATH/Boot.php(325): CodeIgniter\CodeIgniter->run()
18 SYSTEMPATH/Boot.php(67): CodeIgniter\Boot::runCodeIgniter(Object(CodeIgniter\CodeIgniter))
19 FCPATH/index.php(60): CodeIgniter\Boot::bootWeb(Object(Config\Paths))
20 SYSTEMPATH/rewrite.php(44): require_once('/home/Gilang/DPMPTSP/DataInvest/public/index.php')
INFO - 2026-04-15 23:12:14 --> Session: Class initialized using 'CodeIgniter\Session\Handlers\FileHandler' driver.
WARNING - 2026-04-15 23:12:18 --> [DEPRECATED] ini_set(): session.sid_length INI setting is deprecated in SYSTEMPATH/Session/Handlers/FileHandler.php on line 321.
 1 SYSTEMPATH/Session/Handlers/FileHandler.php(321): ini_set('session.sid_length', '40')
 2 SYSTEMPATH/Session/Handlers/FileHandler.php(85): CodeIgniter\Session\Handlers\FileHandler->configureSessionIDRegex()
 3 SYSTEMPATH/Config/Services.php(697): CodeIgniter\Session\Handlers\FileHandler->__construct(Object(Config\Session), '::1')
 4 SYSTEMPATH/Config/BaseService.php(312): CodeIgniter\Config\Services::session(Object(Config\Session), false)
 5 SYSTEMPATH/Config/BaseService.php(251): CodeIgniter\Config\BaseService::__callStatic('session', [...])
 6 SYSTEMPATH/Config/Services.php(668): CodeIgniter\Config\BaseService::getSharedInstance('session', null)
 7 SYSTEMPATH/Config/BaseService.php(321): CodeIgniter\Config\Services::session()
 8 SYSTEMPATH/Config/BaseService.php(202): CodeIgniter\Config\BaseService::__callStatic('session', [])
 9 SYSTEMPATH/Common.php(998): CodeIgniter\Config\BaseService::get('session')
10 SYSTEMPATH/Common.php(971): service('session')
11 APPPATH/Controllers/Auth.php(15): session()
12 SYSTEMPATH/CodeIgniter.php(903): App\Controllers\Auth->__construct()
13 SYSTEMPATH/CodeIgniter.php(500): CodeIgniter\CodeIgniter->createController()
14 SYSTEMPATH/CodeIgniter.php(355): CodeIgniter\CodeIgniter->handleRequest(null, Object(Config\Cache), false)
15 SYSTEMPATH/Boot.php(325): CodeIgniter\CodeIgniter->run()
16 SYSTEMPATH/Boot.php(67): CodeIgniter\Boot::runCodeIgniter(Object(CodeIgniter\CodeIgniter))
17 FCPATH/index.php(60): CodeIgniter\Boot::bootWeb(Object(Config\Paths))
18 SYSTEMPATH/rewrite.php(44): require_once('/home/Gilang/DPMPTSP/DataInvest/public/index.php')
WARNING - 2026-04-15 23:12:18 --> [DEPRECATED] Return type of CodeIgniter\I18n\TimeTrait::createFromTimestamp(int|float $timestamp) should either be compatible with DateTimeImmutable::createFromTimestamp(int|float $timestamp): static, or the #[\ReturnTypeWillChange] attribute should be used to temporarily suppress the notice in SYSTEMPATH/I18n/TimeTrait.php on line 268.
 1 VENDORPATH/composer/ClassLoader.php(576): include('/home/Gilang/DPMPTSP/DataInvest/system/I18n/Time.php')
 2 VENDORPATH/composer/ClassLoader.php(427): {closure:Composer\Autoload\ClassLoader::initializeIncludeClosure():575}('/home/Gilang/DPMPTSP/DataInvest/vendor/composer/../../system/I18n/Time.php')
 3 SYSTEMPATH/Session/Session.php(193): Composer\Autoload\ClassLoader->loadClass('CodeIgniter\\I18n\\Time')
 4 SYSTEMPATH/Config/Services.php(700): CodeIgniter\Session\Session->__construct(Object(CodeIgniter\Session\Handlers\FileHandler), Object(Config\Session))
 5 SYSTEMPATH/Config/BaseService.php(312): CodeIgniter\Config\Services::session(Object(Config\Session), false)
 6 SYSTEMPATH/Config/BaseService.php(251): CodeIgniter\Config\BaseService::__callStatic('session', [...])
 7 SYSTEMPATH/Config/Services.php(668): CodeIgniter\Config\BaseService::getSharedInstance('session', null)
 8 SYSTEMPATH/Config/BaseService.php(321): CodeIgniter\Config\Services::session()
 9 SYSTEMPATH/Config/BaseService.php(202): CodeIgniter\Config\BaseService::__callStatic('session', [])
10 SYSTEMPATH/Common.php(998): CodeIgniter\Config\BaseService::get('session')
11 SYSTEMPATH/Common.php(971): service('session')
12 APPPATH/Controllers/Auth.php(15): session()
13 SYSTEMPATH/CodeIgniter.php(903): App\Controllers\Auth->__construct()
14 SYSTEMPATH/CodeIgniter.php(500): CodeIgniter\CodeIgniter->createController()
15 SYSTEMPATH/CodeIgniter.php(355): CodeIgniter\CodeIgniter->handleRequest(null, Object(Config\Cache), false)
16 SYSTEMPATH/Boot.php(325): CodeIgniter\CodeIgniter->run()
17 SYSTEMPATH/Boot.php(67): CodeIgniter\Boot::runCodeIgniter(Object(CodeIgniter\CodeIgniter))
18 FCPATH/index.php(60): CodeIgniter\Boot::bootWeb(Object(Config\Paths))
19 SYSTEMPATH/rewrite.php(44): require_once('/home/Gilang/DPMPTSP/DataInvest/public/index.php')
INFO - 2026-04-15 23:12:18 --> Session: Class initialized using 'CodeIgniter\Session\Handlers\FileHandler' driver.
WARNING - 2026-04-15 23:12:18 --> [DEPRECATED] ini_set(): session.sid_length INI setting is deprecated in SYSTEMPATH/Session/Handlers/FileHandler.php on line 321.
 1 SYSTEMPATH/Session/Handlers/FileHandler.php(321): ini_set('session.sid_length', '40')
 2 SYSTEMPATH/Session/Handlers/FileHandler.php(85): CodeIgniter\Session\Handlers\FileHandler->configureSessionIDRegex()
 3 SYSTEMPATH/Config/Services.php(697): CodeIgniter\Session\Handlers\FileHandler->__construct(Object(Config\Session), '::1')
 4 SYSTEMPATH/Config/BaseService.php(312): CodeIgniter\Config\Services::session(Object(Config\Session), false)
 5 SYSTEMPATH/Config/BaseService.php(251): CodeIgniter\Config\BaseService::__callStatic('session', [...])
 6 SYSTEMPATH/Config/Services.php(668): CodeIgniter\Config\BaseService::getSharedInstance('session', null)
 7 SYSTEMPATH/Config/BaseService.php(321): CodeIgniter\Config\Services::session()
 8 SYSTEMPATH/Config/BaseService.php(202): CodeIgniter\Config\BaseService::__callStatic('session', [])
 9 SYSTEMPATH/Common.php(998): CodeIgniter\Config\BaseService::get('session')
10 SYSTEMPATH/Common.php(971): service('session')
11 APPPATH/Controllers/BaseController.php(59): session()
12 APPPATH/Controllers/Home.php(13): App\Controllers\BaseController->initController(Object(CodeIgniter\HTTP\IncomingRequest), Object(CodeIgniter\HTTP\Response), Object(CodeIgniter\Log\Logger))
13 SYSTEMPATH/CodeIgniter.php(904): App\Controllers\Home->initController(Object(CodeIgniter\HTTP\IncomingRequest), Object(CodeIgniter\HTTP\Response), Object(CodeIgniter\Log\Logger))
14 SYSTEMPATH/CodeIgniter.php(500): CodeIgniter\CodeIgniter->createController()
15 SYSTEMPATH/CodeIgniter.php(355): CodeIgniter\CodeIgniter->handleRequest(null, Object(Config\Cache), false)
16 SYSTEMPATH/Boot.php(325): CodeIgniter\CodeIgniter->run()
17 SYSTEMPATH/Boot.php(67): CodeIgniter\Boot::runCodeIgniter(Object(CodeIgniter\CodeIgniter))
18 FCPATH/index.php(60): CodeIgniter\Boot::bootWeb(Object(Config\Paths))
19 SYSTEMPATH/rewrite.php(44): require_once('/home/Gilang/DPMPTSP/DataInvest/public/index.php')
WARNING - 2026-04-15 23:12:18 --> [DEPRECATED] Return type of CodeIgniter\I18n\TimeTrait::createFromTimestamp(int|float $timestamp) should either be compatible with DateTimeImmutable::createFromTimestamp(int|float $timestamp): static, or the #[\ReturnTypeWillChange] attribute should be used to temporarily suppress the notice in SYSTEMPATH/I18n/TimeTrait.php on line 268.
 1 VENDORPATH/composer/ClassLoader.php(576): include('/home/Gilang/DPMPTSP/DataInvest/system/I18n/Time.php')
 2 VENDORPATH/composer/ClassLoader.php(427): {closure:Composer\Autoload\ClassLoader::initializeIncludeClosure():575}('/home/Gilang/DPMPTSP/DataInvest/vendor/composer/../../system/I18n/Time.php')
 3 SYSTEMPATH/Session/Session.php(193): Composer\Autoload\ClassLoader->loadClass('CodeIgniter\\I18n\\Time')
 4 SYSTEMPATH/Config/Services.php(700): CodeIgniter\Session\Session->__construct(Object(CodeIgniter\Session\Handlers\FileHandler), Object(Config\Session))
 5 SYSTEMPATH/Config/BaseService.php(312): CodeIgniter\Config\Services::session(Object(Config\Session), false)
 6 SYSTEMPATH/Config/BaseService.php(251): CodeIgniter\Config\BaseService::__callStatic('session', [...])
 7 SYSTEMPATH/Config/Services.php(668): CodeIgniter\Config\BaseService::getSharedInstance('session', null)
 8 SYSTEMPATH/Config/BaseService.php(321): CodeIgniter\Config\Services::session()
 9 SYSTEMPATH/Config/BaseService.php(202): CodeIgniter\Config\BaseService::__callStatic('session', [])
10 SYSTEMPATH/Common.php(998): CodeIgniter\Config\BaseService::get('session')
11 SYSTEMPATH/Common.php(971): service('session')
12 APPPATH/Controllers/BaseController.php(59): session()
13 APPPATH/Controllers/Home.php(13): App\Controllers\BaseController->initController(Object(CodeIgniter\HTTP\IncomingRequest), Object(CodeIgniter\HTTP\Response), Object(CodeIgniter\Log\Logger))
14 SYSTEMPATH/CodeIgniter.php(904): App\Controllers\Home->initController(Object(CodeIgniter\HTTP\IncomingRequest), Object(CodeIgniter\HTTP\Response), Object(CodeIgniter\Log\Logger))
15 SYSTEMPATH/CodeIgniter.php(500): CodeIgniter\CodeIgniter->createController()
16 SYSTEMPATH/CodeIgniter.php(355): CodeIgniter\CodeIgniter->handleRequest(null, Object(Config\Cache), false)
17 SYSTEMPATH/Boot.php(325): CodeIgniter\CodeIgniter->run()
18 SYSTEMPATH/Boot.php(67): CodeIgniter\Boot::runCodeIgniter(Object(CodeIgniter\CodeIgniter))
19 FCPATH/index.php(60): CodeIgniter\Boot::bootWeb(Object(Config\Paths))
20 SYSTEMPATH/rewrite.php(44): require_once('/home/Gilang/DPMPTSP/DataInvest/public/index.php')
INFO - 2026-04-15 23:12:18 --> Session: Class initialized using 'CodeIgniter\Session\Handlers\FileHandler' driver.
DEBUG - 2026-04-15 23:12:18 --> === getSectorCountByCompany START ===
DEBUG - 2026-04-15 23:12:18 --> Upload ID: {"jenis_investasi":"PMA"}
DEBUG - 2026-04-15 23:12:18 --> Filters: []
DEBUG - 2026-04-15 23:12:18 --> PMA records found: 0
DEBUG - 2026-04-15 23:12:18 --> PMDN records found: 0
DEBUG - 2026-04-15 23:12:18 --> === getSectorCountByCompany END ===
DEBUG - 2026-04-15 23:12:18 --> === getSectorCountByCompany START ===
DEBUG - 2026-04-15 23:12:18 --> Upload ID: {"jenis_investasi":"PMDN"}
DEBUG - 2026-04-15 23:12:18 --> Filters: []
DEBUG - 2026-04-15 23:12:18 --> PMA records found: 0
DEBUG - 2026-04-15 23:12:18 --> PMDN records found: 0
DEBUG - 2026-04-15 23:12:18 --> === getSectorCountByCompany END ===
DEBUG - 2026-04-15 23:12:18 --> === getSectorCountByCompany START ===
DEBUG - 2026-04-15 23:12:18 --> Upload ID: 166
DEBUG - 2026-04-15 23:12:18 --> Filters: []
DEBUG - 2026-04-15 23:12:18 --> PMA records found: 10
DEBUG - 2026-04-15 23:12:18 --> PMDN records found: 128
DEBUG - 2026-04-15 23:12:18 --> === getSectorCountByCompany END ===
DEBUG - 2026-04-15 23:12:18 --> Sector count in DashboardService: {"PMA":{"data":[{"nama_perusahaan":"TRANSCOAL MINERGY","tambahan_realisasi":2255862677068,"jumlah_tki":18,"jumlah_tka":41,"jumlah_proyek":4},{"nama_perusahaan":"ANUGERAH BAROKAH CAKRAWALA","tambahan_realisasi":142647000000,"jumlah_tki":0,"jumlah_tka":0,"jumlah_proyek":6},{"nama_perusahaan":"ANUGERAH BAROKAH ENERGI BARU","tambahan_realisasi":95321760000,"jumlah_tki":0,"jumlah_tka":4,"jumlah_proyek":1},{"nama_perusahaan":"THIESS CONTRACTORS INDONESIA","tambahan_realisasi":15696536959,"jumlah_tki":0,"jumlah_tka":0,"jumlah_proyek":2},{"nama_perusahaan":"YIWAN MINING","tambahan_realisasi":1285213685,"jumlah_tki":20,"jumlah_tka":0,"jumlah_proyek":1},{"nama_perusahaan":"MERATUS HYDRO POWER","tambahan_realisasi":1650000,"jumlah_tki":0,"jumlah_tka":0,"jumlah_proyek":1},{"nama_perusahaan":"CAHAYA ANUGRAH SARANA CATERING","tambahan_realisasi":0,"jumlah_tki":0,"jumlah_tka":0,"jumlah_proyek":2},{"nama_perusahaan":"JAYA MANDIRI SUKSES","tambahan_realisasi":0,"jumlah_tki":0,"jumlah_tka":0,"jumlah_proyek":1},{"nama_perusahaan":"MITRA SETIA TANAH BUMBU","tambahan_realisasi":0,"jumlah_tki":0,"jumlah_tka":0,"jumlah_proyek":1},{"nama_perusahaan":"VKS DRILLTEK INDO","tambahan_realisasi":0,"jumlah_tki":0,"jumlah_tka":0,"jumlah_proyek":1}],"total":2510814837712},"PMDN":{"data":[{"nama_perusahaan":"PUTRA PERKASA ABADI","tambahan_realisasi":440891512970,"jumlah_tki":561,"jumlah_tka":0,"jumlah_proyek":3},{"nama_perusahaan":"DUA SAMUDERA PERKASA","tambahan_realisasi":338553745351,"jumlah_tki":24,"jumlah_tka":0,"jumlah_proyek":3},{"nama_perusahaan":"BORNEO INDOBARA","tambahan_realisasi":148300672954,"jumlah_tki":6,"jumlah_tka":0,"jumlah_proyek":34},{"nama_perusahaan":"JHONLIN AGRO RAYA Tbk","tambahan_realisasi":139466902491,"jumlah_tki":232,"jumlah_tka":0,"jumlah_proyek":2},{"nama_perusahaan":"JHONLIN AGRO LESTARI","tambahan_realisasi":94555509589,"jumlah_tki":232,"jumlah_tka":0,"jumlah_proyek":1},{"nama_perusahaan":"KODECO AGROJAYA MANDIRI","tambahan_realisasi":70231563086,"jumlah_tki":102,"jumlah_tka":0,"jumlah_proyek":4},{"nama_perusahaan":"MAMING PROPERTI BATULICIN","tambahan_realisasi":37142843910,"jumlah_tki":0,"jumlah_tka":0,"jumlah_proyek":1},{"nama_perusahaan":"REZKI BATULICIN TRANSPORT","tambahan_realisasi":34928037100,"jumlah_tki":0,"jumlah_tka":0,"jumlah_proyek":4},{"nama_perusahaan":"WAHANA BARATAMA MINING","tambahan_realisasi":16950602545,"jumlah_tki":0,"jumlah_tka":0,"jumlah_proyek":1},{"nama_perusahaan":"TANAH BUMBU RESOURCES","tambahan_realisasi":10680308978,"jumlah_tki":0,"jumlah_tka":0,"jumlah_proyek":2},{"nama_perusahaan":"ROYAN BATU PERKASA","tambahan_realisasi":4713540028,"jumlah_tki":0,"jumlah_tka":0,"jumlah_proyek":1},{"nama_perusahaan":"SANGGAR SARANA BAJA","tambahan_realisasi":4021566350,"jumlah_tki":0,"jumlah_tka":0,"jumlah_proyek":1},{"nama_perusahaan":"ANZAWARA SATRIA","tambahan_realisasi":3444811501,"jumlah_tki":71,"jumlah_tka":0,"jumlah_proyek":1},{"nama_perusahaan":"UDANG MARIANI ENAM SEMBILAN","tambahan_realisasi":3247293086,"jumlah_tki":0,"jumlah_tka":0,"jumlah_proyek":2},{"nama_perusahaan":"DAYA INDAH ANDALAN","tambahan_realisasi":3235902840,"jumlah_tki":0,"jumlah_tka":0,"jumlah_proyek":2},{"nama_perusahaan":"UNITED TRACTORS","tambahan_realisasi":2340774700,"jumlah_tki":0,"jumlah_tka":0,"jumlah_proyek":36},{"nama_perusahaan":"PERUSAHAAN PERSEROAN (PERSERO) PT SUPERINTENDING COMPANY OF INDONESIA","tambahan_realisasi":1756200000,"jumlah_tki":0,"jumlah_tka":0,"jumlah_proyek":1},{"nama_perusahaan":"RAYANE BATULICIN TRANSPORT","tambahan_realisasi":1022146463,"jumlah_tki":0,"jumlah_tka":0,"jumlah_proyek":2},{"nama_perusahaan":"PINUS MERAH ABADI","tambahan_realisasi":879000000,"jumlah_tki":0,"jumlah_tka":0,"jumlah_proyek":1},{"nama_perusahaan":"BATULICIN BUMI BERSUJUD","tambahan_realisasi":650802919,"jumlah_tki":0,"jumlah_tka":0,"jumlah_proyek":2},{"nama_perusahaan":"AXIS PRATAMA INDONESIA","tambahan_realisasi":607779311,"jumlah_tki":0,"jumlah_tka":0,"jumlah_proyek":4},{"nama_perusahaan":"TIRTAKENCANA TATAWARNA","tambahan_realisasi":452171699,"jumlah_tki":0,"jumlah_tka":0,"jumlah_proyek":6},{"nama_perusahaan":"GRAND DUTA BORNEO","tambahan_realisasi":416150282,"jumlah_tki":0,"jumlah_tka":0,"jumlah_proyek":2},{"nama_perusahaan":"KARYA ABIDIN BERSAMA","tambahan_realisasi":300000000,"jumlah_tki":0,"jumlah_tka":0,"jumlah_proyek":2},{"nama_perusahaan":"MANDIRI AMAN SEKAWAN","tambahan_realisasi":200000000,"jumlah_tki":0,"jumlah_tka":0,"jumlah_proyek":40},{"nama_perusahaan":"KHARISMA KAISAR BATULICIN","tambahan_realisasi":191200000,"jumlah_tki":10,"jumlah_tka":0,"jumlah_proyek":5},{"nama_perusahaan":"MANDIRI AMAN SEJAHTERA","tambahan_realisasi":180000000,"jumlah_tki":0,"jumlah_tka":0,"jumlah_proyek":53},{"nama_perusahaan":"TRAKINDO UTAMA","tambahan_realisasi":171000000,"jumlah_tki":0,"jumlah_tka":0,"jumlah_proyek":2},{"nama_perusahaan":"SUMBER ALFARIA TRIJAYA","tambahan_realisasi":157939807,"jumlah_tki":0,"jumlah_tka":0,"jumlah_proyek":20},{"nama_perusahaan":"INDOMARCO PRISMATAMA","tambahan_realisasi":112630733,"jumlah_tki":0,"jumlah_tka":0,"jumlah_proyek":7},{"nama_perusahaan":"SUMBERDAYA SEWATAMA","tambahan_realisasi":110000000,"jumlah_tki":0,"jumlah_tka":0,"jumlah_proyek":1},{"nama_perusahaan":"JEMBATAN NUSANTARA","tambahan_realisasi":100000000,"jumlah_tki":0,"jumlah_tka":0,"jumlah_proyek":1},{"nama_perusahaan":"REFANGGA JAYA LAND","tambahan_realisasi":100000000,"jumlah_tki":0,"jumlah_tka":0,"jumlah_proyek":9},{"nama_perusahaan":"SILIKA MITRA PERKASA","tambahan_realisasi":80416667,"jumlah_tki":0,"jumlah_tka":0,"jumlah_proyek":1},{"nama_perusahaan":"SINARNIAGA SEJAHTERA","tambahan_realisasi":80324472,"jumlah_tki":0,"jumlah_tka":0,"jumlah_proyek":1},{"nama_perusahaan":"BATU GUNUNG DELAPAN ENAM","tambahan_realisasi":80208333,"jumlah_tki":0,"jumlah_tka":0,"jumlah_proyek":1},{"nama_perusahaan":"ASDP INDONESIA FERRY","tambahan_realisasi":64500000,"jumlah_tki":1,"jumlah_tka":0,"jumlah_proyek":2},{"nama_perusahaan":"WARGI SANTOSA","tambahan_realisasi":50000000,"jumlah_tki":0,"jumlah_tka":0,"jumlah_proyek":10},{"nama_perusahaan":"FAST FOOD INDONESIA","tambahan_realisasi":31596660,"jumlah_tki":22,"jumlah_tka":0,"jumlah_proyek":1},{"nama_perusahaan":"BUMI NUSA PALAPA","tambahan_realisasi":30024236,"jumlah_tki":0,"jumlah_tka":0,"jumlah_proyek":1},{"nama_perusahaan":"PESTA PORA ABADI","tambahan_realisasi":16446200,"jumlah_tki":88,"jumlah_tka":0,"jumlah_proyek":3},{"nama_perusahaan":"NUSANTARA BATULICIN","tambahan_realisasi":12000000,"jumlah_tki":0,"jumlah_tka":0,"jumlah_proyek":1},{"nama_perusahaan":"TUNAS TIMUR","tambahan_realisasi":2450000,"jumlah_tki":0,"jumlah_tka":0,"jumlah_proyek":2},{"nama_perusahaan":"SUMBER BERLIAN MOTORS","tambahan_realisasi":1364000,"jumlah_tki":0,"jumlah_tka":0,"jumlah_proyek":2},{"nama_perusahaan":"SENTRA AGRO SUMBER RAYA","tambahan_realisasi":1250000,"jumlah_tki":0,"jumlah_tka":0,"jumlah_proyek":3},{"nama_perusahaan":"DAYA INDAH YASA","tambahan_realisasi":1010873,"jumlah_tki":0,"jumlah_tka":0,"jumlah_proyek":1},{"nama_perusahaan":"GEMA TAMBANG NUSANTARA","tambahan_realisasi":568744,"jumlah_tki":0,"jumlah_tka":0,"jumlah_proyek":1},{"nama_perusahaan":"ADIDAYA AKBAR BERKARYA","tambahan_realisasi":345946,"jumlah_tki":3,"jumlah_tka":0,"jumlah_proyek":3},{"nama_perusahaan":"ADISURYA CIPTA LESTARI","tambahan_realisasi":0,"jumlah_tki":0,"jumlah_tka":0,"jumlah_proyek":3},{"nama_perusahaan":"AMANAH PUTRA BORNEO","tambahan_realisasi":0,"jumlah_tki":0,"jumlah_tka":0,"jumlah_proyek":2},{"nama_perusahaan":"ANDIFA KHARISMA BORNEO PRATAMA","tambahan_realisasi":0,"jumlah_tki":9,"jumlah_tka":0,"jumlah_proyek":7},{"nama_perusahaan":"ANDIFA NUSA SAMUDERA","tambahan_realisasi":0,"jumlah_tki":9,"jumlah_tka":0,"jumlah_proyek":5},{"nama_perusahaan":"ANDIFA PERKASA ENERGI","tambahan_realisasi":0,"jumlah_tki":0,"jumlah_tka":0,"jumlah_proyek":3},{"nama_perusahaan":"ANGSANA JAYA ENERGI","tambahan_realisasi":0,"jumlah_tki":0,"jumlah_tka":0,"jumlah_proyek":1},{"nama_perusahaan":"ANINDYA WIRAPUTRA KONSULT","tambahan_realisasi":0,"jumlah_tki":0,"jumlah_tka":0,"jumlah_proyek":3},{"nama_perusahaan":"ARUTMIN INDONESIA","tambahan_realisasi":0,"jumlah_tki":0,"jumlah_tka":0,"jumlah_proyek":7},{"nama_perusahaan":"BANDAR INDO RAYA","tambahan_realisasi":0,"jumlah_tki":0,"jumlah_tka":0,"jumlah_proyek":1},{"nama_perusahaan":"BANGUN ARTA HUTAMA","tambahan_realisasi":0,"jumlah_tki":0,"jumlah_tka":0,"jumlah_proyek":9},{"nama_perusahaan":"BARA ASIA COALTRADE","tambahan_realisasi":0,"jumlah_tki":0,"jumlah_tka":0,"jumlah_proyek":1},{"nama_perusahaan":"BATULICIN ENAM SEMBILAN","tambahan_realisasi":0,"jumlah_tki":0,"jumlah_tka":0,"jumlah_proyek":1},{"nama_perusahaan":"BATULICIN ENAM SEMBILAN PELABUHAN","tambahan_realisasi":0,"jumlah_tki":0,"jumlah_tka":0,"jumlah_proyek":1},{"nama_perusahaan":"BATULICIN ENAM SEMBILAN PERTAMBANGAN","tambahan_realisasi":0,"jumlah_tki":0,"jumlah_tka":0,"jumlah_proyek":2},{"nama_perusahaan":"BATULICIN ENAM SEMBILAN TRANSPORTASI","tambahan_realisasi":0,"jumlah_tki":0,"jumlah_tka":0,"jumlah_proyek":1},{"nama_perusahaan":"BATULICIN NUSANTARA MARITIM","tambahan_realisasi":0,"jumlah_tki":0,"jumlah_tka":0,"jumlah_proyek":1},{"nama_perusahaan":"BAYAN RESOURCES","tambahan_realisasi":0,"jumlah_tki":0,"jumlah_tka":0,"jumlah_proyek":2},{"nama_perusahaan":"BINA BATULICIN USAHA","tambahan_realisasi":0,"jumlah_tki":0,"jumlah_tka":0,"jumlah_proyek":1},{"nama_perusahaan":"BINA INDO RAYA","tambahan_realisasi":0,"jumlah_tki":0,"jumlah_tka":0,"jumlah_proyek":1},{"nama_perusahaan":"BINA KARYA PUTRA BATULICIN","tambahan_realisasi":0,"jumlah_tki":0,"jumlah_tka":0,"jumlah_proyek":1},{"nama_perusahaan":"BINA USAHA BATULICIN","tambahan_realisasi":0,"jumlah_tki":0,"jumlah_tka":0,"jumlah_proyek":4},{"nama_perusahaan":"BORNEO MITRA BARATAMA","tambahan_realisasi":0,"jumlah_tki":0,"jumlah_tka":0,"jumlah_proyek":1},{"nama_perusahaan":"BORNEO PALM PLANTATION","tambahan_realisasi":0,"jumlah_tki":0,"jumlah_tka":0,"jumlah_proyek":2},{"nama_perusahaan":"BUANA RINDANG LESTARI","tambahan_realisasi":0,"jumlah_tki":1,"jumlah_tka":0,"jumlah_proyek":4},{"nama_perusahaan":"BUKIT MAKMUR MANDIRI UTAMA","tambahan_realisasi":0,"jumlah_tki":0,"jumlah_tka":0,"jumlah_proyek":1},{"nama_perusahaan":"CAKRAWALA LANGIT SEJAHTERA","tambahan_realisasi":0,"jumlah_tki":0,"jumlah_tka":0,"jumlah_proyek":1},{"nama_perusahaan":"CIPTA KRIDA BAHARI","tambahan_realisasi":0,"jumlah_tki":0,"jumlah_tka":0,"jumlah_proyek":2},{"nama_perusahaan":"CIPTA KRIDATAMA","tambahan_realisasi":0,"jumlah_tki":0,"jumlah_tka":0,"jumlah_proyek":2},{"nama_perusahaan":"CMP MOTOR SPORT","tambahan_realisasi":0,"jumlah_tki":0,"jumlah_tka":0,"jumlah_proyek":3},{"nama_perusahaan":"DARMA HENWA","tambahan_realisasi":0,"jumlah_tki":0,"jumlah_tka":0,"jumlah_proyek":2},{"nama_perusahaan":"DAYA ENERGI TEKNIK","tambahan_realisasi":0,"jumlah_tki":4,"jumlah_tka":0,"jumlah_proyek":3},{"nama_perusahaan":"DELTA GARDA PERSADA","tambahan_realisasi":0,"jumlah_tki":0,"jumlah_tka":0,"jumlah_proyek":1},{"nama_perusahaan":"DIANTA DAYA EMBARA","tambahan_realisasi":0,"jumlah_tki":0,"jumlah_tka":0,"jumlah_proyek":3},{"nama_perusahaan":"DUA KOTA LAUT","tambahan_realisasi":0,"jumlah_tki":0,"jumlah_tka":0,"jumlah_proyek":1},{"nama_perusahaan":"ENAM SEMBILAN NIAGA NIKEL","tambahan_realisasi":0,"jumlah_tki":0,"jumlah_tka":0,"jumlah_proyek":1},{"nama_perusahaan":"ENAM SEMBILAN TRADING BATUBARA","tambahan_realisasi":0,"jumlah_tki":0,"jumlah_tka":0,"jumlah_proyek":1},{"nama_perusahaan":"GARUDA WISNU AMERTA","tambahan_realisasi":0,"jumlah_tki":0,"jumlah_tka":0,"jumlah_proyek":1},{"nama_perusahaan":"GUNUNG MAYANG STONE","tambahan_realisasi":0,"jumlah_tki":0,"jumlah_tka":0,"jumlah_proyek":1},{"nama_perusahaan":"HAJI MAMING PELABUHAN","tambahan_realisasi":0,"jumlah_tki":0,"jumlah_tka":0,"jumlah_proyek":1},{"nama_perusahaan":"HALONG JAYA BERGETAR","tambahan_realisasi":0,"jumlah_tki":0,"jumlah_tka":0,"jumlah_proyek":1},{"nama_perusahaan":"JHONLIN AGRO MANDIRI","tambahan_realisasi":0,"jumlah_tki":0,"jumlah_tka":0,"jumlah_proyek":1},{"nama_perusahaan":"KRIDA CIPTA SATYA","tambahan_realisasi":0,"jumlah_tki":0,"jumlah_tka":0,"jumlah_proyek":3},{"nama_perusahaan":"LADANGRUMPUN SUBURABADI","tambahan_realisasi":0,"jumlah_tki":0,"jumlah_tka":0,"jumlah_proyek":8},{"nama_perusahaan":"LINTAS FORTUNA NUSANTARA","tambahan_realisasi":0,"jumlah_tki":0,"jumlah_tka":0,"jumlah_proyek":1},{"nama_perusahaan":"MAMING ENAM SEMBILAN","tambahan_realisasi":0,"jumlah_tki":0,"jumlah_tka":0,"jumlah_proyek":1},{"nama_perusahaan":"MENARA ANGKASA SEMESTA","tambahan_realisasi":0,"jumlah_tki":0,"jumlah_tka":0,"jumlah_proyek":6},{"nama_perusahaan":"MERATUS JAYA IRON & STEEL","tambahan_realisasi":0,"jumlah_tki":0,"jumlah_tka":0,"jumlah_proyek":1},{"nama_perusahaan":"MITRA JASA SEBAMBAN UTAMA","tambahan_realisasi":0,"jumlah_tki":2,"jumlah_tka":0,"jumlah_proyek":3},{"nama_perusahaan":"MITRA SEHAT CARE","tambahan_realisasi":0,"jumlah_tki":1,"jumlah_tka":0,"jumlah_proyek":1},{"nama_perusahaan":"MITRAJAYA ABADI BERSAMA","tambahan_realisasi":0,"jumlah_tki":0,"jumlah_tka":0,"jumlah_proyek":2},{"nama_perusahaan":"NAGATA BIO ENERGI","tambahan_realisasi":0,"jumlah_tki":0,"jumlah_tka":0,"jumlah_proyek":2},{"nama_perusahaan":"NAWAKARA PERKASA NUSANTARA","tambahan_realisasi":0,"jumlah_tki":169,"jumlah_tka":0,"jumlah_proyek":2},{"nama_perusahaan":"ONO KREASI GASINDO","tambahan_realisasi":0,"jumlah_tki":0,"jumlah_tka":0,"jumlah_proyek":2},{"nama_perusahaan":"PAGAR MULYA KARYATAMA","tambahan_realisasi":0,"jumlah_tki":6,"jumlah_tka":0,"jumlah_proyek":4},{"nama_perusahaan":"PELABUHAN BUANA REJA","tambahan_realisasi":0,"jumlah_tki":0,"jumlah_tka":0,"jumlah_proyek":2},{"nama_perusahaan":"PELAYARAN BAHTERA ADHIGUNA","tambahan_realisasi":0,"jumlah_tki":0,"jumlah_tka":0,"jumlah_proyek":1},{"nama_perusahaan":"PERKEBUNAN NUSANTARA IV","tambahan_realisasi":0,"jumlah_tki":0,"jumlah_tka":0,"jumlah_proyek":1},{"nama_perusahaan":"PERUSAHAAN PERSEROAN (PERSERO) PT PELABUHAN INDONESIA DISINGKAT PT PELABUHAN INDONESIA (PERSERO)","tambahan_realisasi":0,"jumlah_tki":0,"jumlah_tka":0,"jumlah_proyek":1},{"nama_perusahaan":"PROFESIONAL TELEKOMUNIKASI INDONESIA","tambahan_realisasi":0,"jumlah_tki":0,"jumlah_tka":0,"jumlah_proyek":8},{"nama_perusahaan":"RASYA PRATAMA MANDIRI","tambahan_realisasi":0,"jumlah_tki":0,"jumlah_tka":0,"jumlah_proyek":38},{"nama_perusahaan":"SAJANG HEULANG","tambahan_realisasi":0,"jumlah_tki":0,"jumlah_tka":0,"jumlah_proyek":8},{"nama_perusahaan":"SALAM PACIFIC INDONESIA LINES","tambahan_realisasi":0,"jumlah_tki":0,"jumlah_tka":0,"jumlah_proyek":1},{"nama_perusahaan":"SAMATOR GAS INDUSTRI","tambahan_realisasi":0,"jumlah_tki":0,"jumlah_tka":0,"jumlah_proyek":1},{"nama_perusahaan":"SAPTAINDRA SEJATI","tambahan_realisasi":0,"jumlah_tki":0,"jumlah_tka":0,"jumlah_proyek":1},{"nama_perusahaan":"SEIA MITRA MANDIRI","tambahan_realisasi":0,"jumlah_tki":0,"jumlah_tka":0,"jumlah_proyek":1},{"nama_perusahaan":"SERASI SHIPPING INDONESIA","tambahan_realisasi":0,"jumlah_tki":0,"jumlah_tka":0,"jumlah_proyek":1},{"nama_perusahaan":"SINAR BINTANG MULIA","tambahan_realisasi":0,"jumlah_tki":0,"jumlah_tka":0,"jumlah_proyek":12},{"nama_perusahaan":"SINAR JAYA KOMUNIKA","tambahan_realisasi":0,"jumlah_tki":0,"jumlah_tka":0,"jumlah_proyek":4},{"nama_perusahaan":"SOLUSI TUNAS PRATAMA","tambahan_realisasi":0,"jumlah_tki":0,"jumlah_tka":0,"jumlah_proyek":7},{"nama_perusahaan":"SUMBER CIPTA MULTINIAGA","tambahan_realisasi":0,"jumlah_tki":0,"jumlah_tka":0,"jumlah_proyek":1},{"nama_perusahaan":"SUNGAI DANAU JAYA","tambahan_realisasi":0,"jumlah_tki":0,"jumlah_tka":0,"jumlah_proyek":3},{"nama_perusahaan":"SUPRIMA MITRA ADIHUSADA","tambahan_realisasi":0,"jumlah_tki":0,"jumlah_tka":0,"jumlah_proyek":2},{"nama_perusahaan":"TATA BUANA KARYA","tambahan_realisasi":0,"jumlah_tki":0,"jumlah_tka":0,"jumlah_proyek":1},{"nama_perusahaan":"TIMUR SATRIA PERKASA","tambahan_realisasi":0,"jumlah_tki":0,"jumlah_tka":0,"jumlah_proyek":1},{"nama_perusahaan":"TOWER BERSAMA","tambahan_realisasi":0,"jumlah_tki":0,"jumlah_tka":0,"jumlah_proyek":5},{"nama_perusahaan":"TUNAS INTI ABADI","tambahan_realisasi":0,"jumlah_tki":0,"jumlah_tka":0,"jumlah_proyek":3},{"nama_perusahaan":"VIJETA BOLA SEMBILAN","tambahan_realisasi":0,"jumlah_tki":7,"jumlah_tka":0,"jumlah_proyek":1},{"nama_perusahaan":"WAHANA KONSTRUKSI MANDIRI","tambahan_realisasi":0,"jumlah_tki":0,"jumlah_tka":0,"jumlah_proyek":17},{"nama_perusahaan":"WIJAYA SUKSES MULYA","tambahan_realisasi":0,"jumlah_tki":0,"jumlah_tka":0,"jumlah_proyek":55},{"nama_perusahaan":"WORLD TERMINALINDO","tambahan_realisasi":0,"jumlah_tki":0,"jumlah_tka":0,"jumlah_proyek":1}],"total":1360565114824}}
DEBUG - 2026-04-15 23:12:18 --> QuarterlyChartService - Total uploads: 1
DEBUG - 2026-04-15 23:12:18 --> QuarterlyChartService - Selected year: all
DEBUG - 2026-04-15 23:12:18 --> Processing upload ID: 166, Status: completed, Year: 2025, Quarter: Q4
DEBUG - 2026-04-15 23:12:18 --> Upload ID 166 - PMA: 2510814837712, PMDN: 1360565114824
DEBUG - 2026-04-15 23:12:18 --> Added to Q4: 3871379952536 (Total now: 3871379952536)
DEBUG - 2026-04-15 23:12:18 --> Final quarterly data before conversion: {"Q1":0,"Q2":0,"Q3":0,"Q4":3871379952536}
DEBUG - 2026-04-15 23:12:18 --> QuarterlyChartService (All Years) - Total uploads: 1
DEBUG - 2026-04-15 23:12:18 --> Initialized year: 2025
DEBUG - 2026-04-15 23:12:18 --> Upload ID 166 - PMA: 2510814837712, PMDN: 1360565114824
DEBUG - 2026-04-15 23:12:18 --> Added to Q4: 3871379952536 (Total now: 3871379952536)
DEBUG - 2026-04-15 23:12:18 --> Yearly quarterly data before conversion: {"2025":{"Q1":0,"Q2":0,"Q3":0,"Q4":3871379952536}}
DEBUG - 2026-04-15 23:12:18 --> QuarterlyChartService (All Years) - Final result: {"2025":{"labels":["Q1","Q2","Q3","Q4"],"values":[0,0,0,3871379952536]}}
WARNING - 2026-04-15 23:12:20 --> [DEPRECATED] ini_set(): session.sid_length INI setting is deprecated in SYSTEMPATH/Session/Handlers/FileHandler.php on line 321.
 1 SYSTEMPATH/Session/Handlers/FileHandler.php(321): ini_set('session.sid_length', '40')
 2 SYSTEMPATH/Session/Handlers/FileHandler.php(85): CodeIgniter\Session\Handlers\FileHandler->configureSessionIDRegex()
 3 SYSTEMPATH/Config/Services.php(697): CodeIgniter\Session\Handlers\FileHandler->__construct(Object(Config\Session), '::1')
 4 SYSTEMPATH/Config/BaseService.php(312): CodeIgniter\Config\Services::session(Object(Config\Session), false)
 5 SYSTEMPATH/Config/BaseService.php(251): CodeIgniter\Config\BaseService::__callStatic('session', [...])
 6 SYSTEMPATH/Config/Services.php(668): CodeIgniter\Config\BaseService::getSharedInstance('session', null)
 7 SYSTEMPATH/Config/BaseService.php(321): CodeIgniter\Config\Services::session()
 8 SYSTEMPATH/Config/BaseService.php(202): CodeIgniter\Config\BaseService::__callStatic('session', [])
 9 SYSTEMPATH/Common.php(998): CodeIgniter\Config\BaseService::get('session')
10 SYSTEMPATH/Common.php(971): service('session')
11 APPPATH/Filters/RoleFilter.php(13): session()
12 SYSTEMPATH/Filters/Filters.php(203): App\Filters\RoleFilter->before(Object(CodeIgniter\HTTP\IncomingRequest), null)
13 SYSTEMPATH/Filters/Filters.php(184): CodeIgniter\Filters\Filters->runBefore([...])
14 SYSTEMPATH/CodeIgniter.php(481): CodeIgniter\Filters\Filters->run('dashboard', 'before')
15 SYSTEMPATH/CodeIgniter.php(355): CodeIgniter\CodeIgniter->handleRequest(null, Object(Config\Cache), false)
16 SYSTEMPATH/Boot.php(325): CodeIgniter\CodeIgniter->run()
17 SYSTEMPATH/Boot.php(67): CodeIgniter\Boot::runCodeIgniter(Object(CodeIgniter\CodeIgniter))
18 FCPATH/index.php(60): CodeIgniter\Boot::bootWeb(Object(Config\Paths))
19 SYSTEMPATH/rewrite.php(44): require_once('/home/Gilang/DPMPTSP/DataInvest/public/index.php')
WARNING - 2026-04-15 23:12:20 --> [DEPRECATED] Return type of CodeIgniter\I18n\TimeTrait::createFromTimestamp(int|float $timestamp) should either be compatible with DateTimeImmutable::createFromTimestamp(int|float $timestamp): static, or the #[\ReturnTypeWillChange] attribute should be used to temporarily suppress the notice in SYSTEMPATH/I18n/TimeTrait.php on line 268.
 1 VENDORPATH/composer/ClassLoader.php(576): include('/home/Gilang/DPMPTSP/DataInvest/system/I18n/Time.php')
 2 VENDORPATH/composer/ClassLoader.php(427): {closure:Composer\Autoload\ClassLoader::initializeIncludeClosure():575}('/home/Gilang/DPMPTSP/DataInvest/vendor/composer/../../system/I18n/Time.php')
 3 SYSTEMPATH/Session/Session.php(193): Composer\Autoload\ClassLoader->loadClass('CodeIgniter\\I18n\\Time')
 4 SYSTEMPATH/Config/Services.php(700): CodeIgniter\Session\Session->__construct(Object(CodeIgniter\Session\Handlers\FileHandler), Object(Config\Session))
 5 SYSTEMPATH/Config/BaseService.php(312): CodeIgniter\Config\Services::session(Object(Config\Session), false)
 6 SYSTEMPATH/Config/BaseService.php(251): CodeIgniter\Config\BaseService::__callStatic('session', [...])
 7 SYSTEMPATH/Config/Services.php(668): CodeIgniter\Config\BaseService::getSharedInstance('session', null)
 8 SYSTEMPATH/Config/BaseService.php(321): CodeIgniter\Config\Services::session()
 9 SYSTEMPATH/Config/BaseService.php(202): CodeIgniter\Config\BaseService::__callStatic('session', [])
10 SYSTEMPATH/Common.php(998): CodeIgniter\Config\BaseService::get('session')
11 SYSTEMPATH/Common.php(971): service('session')
12 APPPATH/Filters/RoleFilter.php(13): session()
13 SYSTEMPATH/Filters/Filters.php(203): App\Filters\RoleFilter->before(Object(CodeIgniter\HTTP\IncomingRequest), null)
14 SYSTEMPATH/Filters/Filters.php(184): CodeIgniter\Filters\Filters->runBefore([...])
15 SYSTEMPATH/CodeIgniter.php(481): CodeIgniter\Filters\Filters->run('dashboard', 'before')
16 SYSTEMPATH/CodeIgniter.php(355): CodeIgniter\CodeIgniter->handleRequest(null, Object(Config\Cache), false)
17 SYSTEMPATH/Boot.php(325): CodeIgniter\CodeIgniter->run()
18 SYSTEMPATH/Boot.php(67): CodeIgniter\Boot::runCodeIgniter(Object(CodeIgniter\CodeIgniter))
19 FCPATH/index.php(60): CodeIgniter\Boot::bootWeb(Object(Config\Paths))
20 SYSTEMPATH/rewrite.php(44): require_once('/home/Gilang/DPMPTSP/DataInvest/public/index.php')
INFO - 2026-04-15 23:12:20 --> Session: Class initialized using 'CodeIgniter\Session\Handlers\FileHandler' driver.
DEBUG - 2026-04-15 23:12:20 --> === getSectorCountByCompany START ===
DEBUG - 2026-04-15 23:12:20 --> Upload ID: {"jenis_investasi":"PMA"}
DEBUG - 2026-04-15 23:12:20 --> Filters: []
DEBUG - 2026-04-15 23:12:20 --> PMA records found: 0
DEBUG - 2026-04-15 23:12:20 --> PMDN records found: 0
DEBUG - 2026-04-15 23:12:20 --> === getSectorCountByCompany END ===
DEBUG - 2026-04-15 23:12:20 --> === getSectorCountByCompany START ===
DEBUG - 2026-04-15 23:12:20 --> Upload ID: {"jenis_investasi":"PMDN"}
DEBUG - 2026-04-15 23:12:20 --> Filters: []
DEBUG - 2026-04-15 23:12:20 --> PMA records found: 0
DEBUG - 2026-04-15 23:12:20 --> PMDN records found: 0
DEBUG - 2026-04-15 23:12:20 --> === getSectorCountByCompany END ===
DEBUG - 2026-04-15 23:12:20 --> === getSectorCountByCompany START ===
DEBUG - 2026-04-15 23:12:20 --> Upload ID: 166
DEBUG - 2026-04-15 23:12:20 --> Filters: []
DEBUG - 2026-04-15 23:12:20 --> PMA records found: 10
DEBUG - 2026-04-15 23:12:20 --> PMDN records found: 128
DEBUG - 2026-04-15 23:12:20 --> === getSectorCountByCompany END ===
DEBUG - 2026-04-15 23:12:20 --> Sector count in DashboardService: {"PMA":{"data":[{"nama_perusahaan":"TRANSCOAL MINERGY","tambahan_realisasi":2255862677068,"jumlah_tki":18,"jumlah_tka":41,"jumlah_proyek":4},{"nama_perusahaan":"ANUGERAH BAROKAH CAKRAWALA","tambahan_realisasi":142647000000,"jumlah_tki":0,"jumlah_tka":0,"jumlah_proyek":6},{"nama_perusahaan":"ANUGERAH BAROKAH ENERGI BARU","tambahan_realisasi":95321760000,"jumlah_tki":0,"jumlah_tka":4,"jumlah_proyek":1},{"nama_perusahaan":"THIESS CONTRACTORS INDONESIA","tambahan_realisasi":15696536959,"jumlah_tki":0,"jumlah_tka":0,"jumlah_proyek":2},{"nama_perusahaan":"YIWAN MINING","tambahan_realisasi":1285213685,"jumlah_tki":20,"jumlah_tka":0,"jumlah_proyek":1},{"nama_perusahaan":"MERATUS HYDRO POWER","tambahan_realisasi":1650000,"jumlah_tki":0,"jumlah_tka":0,"jumlah_proyek":1},{"nama_perusahaan":"CAHAYA ANUGRAH SARANA CATERING","tambahan_realisasi":0,"jumlah_tki":0,"jumlah_tka":0,"jumlah_proyek":2},{"nama_perusahaan":"JAYA MANDIRI SUKSES","tambahan_realisasi":0,"jumlah_tki":0,"jumlah_tka":0,"jumlah_proyek":1},{"nama_perusahaan":"MITRA SETIA TANAH BUMBU","tambahan_realisasi":0,"jumlah_tki":0,"jumlah_tka":0,"jumlah_proyek":1},{"nama_perusahaan":"VKS DRILLTEK INDO","tambahan_realisasi":0,"jumlah_tki":0,"jumlah_tka":0,"jumlah_proyek":1}],"total":2510814837712},"PMDN":{"data":[{"nama_perusahaan":"PUTRA PERKASA ABADI","tambahan_realisasi":440891512970,"jumlah_tki":561,"jumlah_tka":0,"jumlah_proyek":3},{"nama_perusahaan":"DUA SAMUDERA PERKASA","tambahan_realisasi":338553745351,"jumlah_tki":24,"jumlah_tka":0,"jumlah_proyek":3},{"nama_perusahaan":"BORNEO INDOBARA","tambahan_realisasi":148300672954,"jumlah_tki":6,"jumlah_tka":0,"jumlah_proyek":34},{"nama_perusahaan":"JHONLIN AGRO RAYA Tbk","tambahan_realisasi":139466902491,"jumlah_tki":232,"jumlah_tka":0,"jumlah_proyek":2},{"nama_perusahaan":"JHONLIN AGRO LESTARI","tambahan_realisasi":94555509589,"jumlah_tki":232,"jumlah_tka":0,"jumlah_proyek":1},{"nama_perusahaan":"KODECO AGROJAYA MANDIRI","tambahan_realisasi":70231563086,"jumlah_tki":102,"jumlah_tka":0,"jumlah_proyek":4},{"nama_perusahaan":"MAMING PROPERTI BATULICIN","tambahan_realisasi":37142843910,"jumlah_tki":0,"jumlah_tka":0,"jumlah_proyek":1},{"nama_perusahaan":"REZKI BATULICIN TRANSPORT","tambahan_realisasi":34928037100,"jumlah_tki":0,"jumlah_tka":0,"jumlah_proyek":4},{"nama_perusahaan":"WAHANA BARATAMA MINING","tambahan_realisasi":16950602545,"jumlah_tki":0,"jumlah_tka":0,"jumlah_proyek":1},{"nama_perusahaan":"TANAH BUMBU RESOURCES","tambahan_realisasi":10680308978,"jumlah_tki":0,"jumlah_tka":0,"jumlah_proyek":2},{"nama_perusahaan":"ROYAN BATU PERKASA","tambahan_realisasi":4713540028,"jumlah_tki":0,"jumlah_tka":0,"jumlah_proyek":1},{"nama_perusahaan":"SANGGAR SARANA BAJA","tambahan_realisasi":4021566350,"jumlah_tki":0,"jumlah_tka":0,"jumlah_proyek":1},{"nama_perusahaan":"ANZAWARA SATRIA","tambahan_realisasi":3444811501,"jumlah_tki":71,"jumlah_tka":0,"jumlah_proyek":1},{"nama_perusahaan":"UDANG MARIANI ENAM SEMBILAN","tambahan_realisasi":3247293086,"jumlah_tki":0,"jumlah_tka":0,"jumlah_proyek":2},{"nama_perusahaan":"DAYA INDAH ANDALAN","tambahan_realisasi":3235902840,"jumlah_tki":0,"jumlah_tka":0,"jumlah_proyek":2},{"nama_perusahaan":"UNITED TRACTORS","tambahan_realisasi":2340774700,"jumlah_tki":0,"jumlah_tka":0,"jumlah_proyek":36},{"nama_perusahaan":"PERUSAHAAN PERSEROAN (PERSERO) PT SUPERINTENDING COMPANY OF INDONESIA","tambahan_realisasi":1756200000,"jumlah_tki":0,"jumlah_tka":0,"jumlah_proyek":1},{"nama_perusahaan":"RAYANE BATULICIN TRANSPORT","tambahan_realisasi":1022146463,"jumlah_tki":0,"jumlah_tka":0,"jumlah_proyek":2},{"nama_perusahaan":"PINUS MERAH ABADI","tambahan_realisasi":879000000,"jumlah_tki":0,"jumlah_tka":0,"jumlah_proyek":1},{"nama_perusahaan":"BATULICIN BUMI BERSUJUD","tambahan_realisasi":650802919,"jumlah_tki":0,"jumlah_tka":0,"jumlah_proyek":2},{"nama_perusahaan":"AXIS PRATAMA INDONESIA","tambahan_realisasi":607779311,"jumlah_tki":0,"jumlah_tka":0,"jumlah_proyek":4},{"nama_perusahaan":"TIRTAKENCANA TATAWARNA","tambahan_realisasi":452171699,"jumlah_tki":0,"jumlah_tka":0,"jumlah_proyek":6},{"nama_perusahaan":"GRAND DUTA BORNEO","tambahan_realisasi":416150282,"jumlah_tki":0,"jumlah_tka":0,"jumlah_proyek":2},{"nama_perusahaan":"KARYA ABIDIN BERSAMA","tambahan_realisasi":300000000,"jumlah_tki":0,"jumlah_tka":0,"jumlah_proyek":2},{"nama_perusahaan":"MANDIRI AMAN SEKAWAN","tambahan_realisasi":200000000,"jumlah_tki":0,"jumlah_tka":0,"jumlah_proyek":40},{"nama_perusahaan":"KHARISMA KAISAR BATULICIN","tambahan_realisasi":191200000,"jumlah_tki":10,"jumlah_tka":0,"jumlah_proyek":5},{"nama_perusahaan":"MANDIRI AMAN SEJAHTERA","tambahan_realisasi":180000000,"jumlah_tki":0,"jumlah_tka":0,"jumlah_proyek":53},{"nama_perusahaan":"TRAKINDO UTAMA","tambahan_realisasi":171000000,"jumlah_tki":0,"jumlah_tka":0,"jumlah_proyek":2},{"nama_perusahaan":"SUMBER ALFARIA TRIJAYA","tambahan_realisasi":157939807,"jumlah_tki":0,"jumlah_tka":0,"jumlah_proyek":20},{"nama_perusahaan":"INDOMARCO PRISMATAMA","tambahan_realisasi":112630733,"jumlah_tki":0,"jumlah_tka":0,"jumlah_proyek":7},{"nama_perusahaan":"SUMBERDAYA SEWATAMA","tambahan_realisasi":110000000,"jumlah_tki":0,"jumlah_tka":0,"jumlah_proyek":1},{"nama_perusahaan":"JEMBATAN NUSANTARA","tambahan_realisasi":100000000,"jumlah_tki":0,"jumlah_tka":0,"jumlah_proyek":1},{"nama_perusahaan":"REFANGGA JAYA LAND","tambahan_realisasi":100000000,"jumlah_tki":0,"jumlah_tka":0,"jumlah_proyek":9},{"nama_perusahaan":"SILIKA MITRA PERKASA","tambahan_realisasi":80416667,"jumlah_tki":0,"jumlah_tka":0,"jumlah_proyek":1},{"nama_perusahaan":"SINARNIAGA SEJAHTERA","tambahan_realisasi":80324472,"jumlah_tki":0,"jumlah_tka":0,"jumlah_proyek":1},{"nama_perusahaan":"BATU GUNUNG DELAPAN ENAM","tambahan_realisasi":80208333,"jumlah_tki":0,"jumlah_tka":0,"jumlah_proyek":1},{"nama_perusahaan":"ASDP INDONESIA FERRY","tambahan_realisasi":64500000,"jumlah_tki":1,"jumlah_tka":0,"jumlah_proyek":2},{"nama_perusahaan":"WARGI SANTOSA","tambahan_realisasi":50000000,"jumlah_tki":0,"jumlah_tka":0,"jumlah_proyek":10},{"nama_perusahaan":"FAST FOOD INDONESIA","tambahan_realisasi":31596660,"jumlah_tki":22,"jumlah_tka":0,"jumlah_proyek":1},{"nama_perusahaan":"BUMI NUSA PALAPA","tambahan_realisasi":30024236,"jumlah_tki":0,"jumlah_tka":0,"jumlah_proyek":1},{"nama_perusahaan":"PESTA PORA ABADI","tambahan_realisasi":16446200,"jumlah_tki":88,"jumlah_tka":0,"jumlah_proyek":3},{"nama_perusahaan":"NUSANTARA BATULICIN","tambahan_realisasi":12000000,"jumlah_tki":0,"jumlah_tka":0,"jumlah_proyek":1},{"nama_perusahaan":"TUNAS TIMUR","tambahan_realisasi":2450000,"jumlah_tki":0,"jumlah_tka":0,"jumlah_proyek":2},{"nama_perusahaan":"SUMBER BERLIAN MOTORS","tambahan_realisasi":1364000,"jumlah_tki":0,"jumlah_tka":0,"jumlah_proyek":2},{"nama_perusahaan":"SENTRA AGRO SUMBER RAYA","tambahan_realisasi":1250000,"jumlah_tki":0,"jumlah_tka":0,"jumlah_proyek":3},{"nama_perusahaan":"DAYA INDAH YASA","tambahan_realisasi":1010873,"jumlah_tki":0,"jumlah_tka":0,"jumlah_proyek":1},{"nama_perusahaan":"GEMA TAMBANG NUSANTARA","tambahan_realisasi":568744,"jumlah_tki":0,"jumlah_tka":0,"jumlah_proyek":1},{"nama_perusahaan":"ADIDAYA AKBAR BERKARYA","tambahan_realisasi":345946,"jumlah_tki":3,"jumlah_tka":0,"jumlah_proyek":3},{"nama_perusahaan":"ADISURYA CIPTA LESTARI","tambahan_realisasi":0,"jumlah_tki":0,"jumlah_tka":0,"jumlah_proyek":3},{"nama_perusahaan":"AMANAH PUTRA BORNEO","tambahan_realisasi":0,"jumlah_tki":0,"jumlah_tka":0,"jumlah_proyek":2},{"nama_perusahaan":"ANDIFA KHARISMA BORNEO PRATAMA","tambahan_realisasi":0,"jumlah_tki":9,"jumlah_tka":0,"jumlah_proyek":7},{"nama_perusahaan":"ANDIFA NUSA SAMUDERA","tambahan_realisasi":0,"jumlah_tki":9,"jumlah_tka":0,"jumlah_proyek":5},{"nama_perusahaan":"ANDIFA PERKASA ENERGI","tambahan_realisasi":0,"jumlah_tki":0,"jumlah_tka":0,"jumlah_proyek":3},{"nama_perusahaan":"ANGSANA JAYA ENERGI","tambahan_realisasi":0,"jumlah_tki":0,"jumlah_tka":0,"jumlah_proyek":1},{"nama_perusahaan":"ANINDYA WIRAPUTRA KONSULT","tambahan_realisasi":0,"jumlah_tki":0,"jumlah_tka":0,"jumlah_proyek":3},{"nama_perusahaan":"ARUTMIN INDONESIA","tambahan_realisasi":0,"jumlah_tki":0,"jumlah_tka":0,"jumlah_proyek":7},{"nama_perusahaan":"BANDAR INDO RAYA","tambahan_realisasi":0,"jumlah_tki":0,"jumlah_tka":0,"jumlah_proyek":1},{"nama_perusahaan":"BANGUN ARTA HUTAMA","tambahan_realisasi":0,"jumlah_tki":0,"jumlah_tka":0,"jumlah_proyek":9},{"nama_perusahaan":"BARA ASIA COALTRADE","tambahan_realisasi":0,"jumlah_tki":0,"jumlah_tka":0,"jumlah_proyek":1},{"nama_perusahaan":"BATULICIN ENAM SEMBILAN","tambahan_realisasi":0,"jumlah_tki":0,"jumlah_tka":0,"jumlah_proyek":1},{"nama_perusahaan":"BATULICIN ENAM SEMBILAN PELABUHAN","tambahan_realisasi":0,"jumlah_tki":0,"jumlah_tka":0,"jumlah_proyek":1},{"nama_perusahaan":"BATULICIN ENAM SEMBILAN PERTAMBANGAN","tambahan_realisasi":0,"jumlah_tki":0,"jumlah_tka":0,"jumlah_proyek":2},{"nama_perusahaan":"BATULICIN ENAM SEMBILAN TRANSPORTASI","tambahan_realisasi":0,"jumlah_tki":0,"jumlah_tka":0,"jumlah_proyek":1},{"nama_perusahaan":"BATULICIN NUSANTARA MARITIM","tambahan_realisasi":0,"jumlah_tki":0,"jumlah_tka":0,"jumlah_proyek":1},{"nama_perusahaan":"BAYAN RESOURCES","tambahan_realisasi":0,"jumlah_tki":0,"jumlah_tka":0,"jumlah_proyek":2},{"nama_perusahaan":"BINA BATULICIN USAHA","tambahan_realisasi":0,"jumlah_tki":0,"jumlah_tka":0,"jumlah_proyek":1},{"nama_perusahaan":"BINA INDO RAYA","tambahan_realisasi":0,"jumlah_tki":0,"jumlah_tka":0,"jumlah_proyek":1},{"nama_perusahaan":"BINA KARYA PUTRA BATULICIN","tambahan_realisasi":0,"jumlah_tki":0,"jumlah_tka":0,"jumlah_proyek":1},{"nama_perusahaan":"BINA USAHA BATULICIN","tambahan_realisasi":0,"jumlah_tki":0,"jumlah_tka":0,"jumlah_proyek":4},{"nama_perusahaan":"BORNEO MITRA BARATAMA","tambahan_realisasi":0,"jumlah_tki":0,"jumlah_tka":0,"jumlah_proyek":1},{"nama_perusahaan":"BORNEO PALM PLANTATION","tambahan_realisasi":0,"jumlah_tki":0,"jumlah_tka":0,"jumlah_proyek":2},{"nama_perusahaan":"BUANA RINDANG LESTARI","tambahan_realisasi":0,"jumlah_tki":1,"jumlah_tka":0,"jumlah_proyek":4},{"nama_perusahaan":"BUKIT MAKMUR MANDIRI UTAMA","tambahan_realisasi":0,"jumlah_tki":0,"jumlah_tka":0,"jumlah_proyek":1},{"nama_perusahaan":"CAKRAWALA LANGIT SEJAHTERA","tambahan_realisasi":0,"jumlah_tki":0,"jumlah_tka":0,"jumlah_proyek":1},{"nama_perusahaan":"CIPTA KRIDA BAHARI","tambahan_realisasi":0,"jumlah_tki":0,"jumlah_tka":0,"jumlah_proyek":2},{"nama_perusahaan":"CIPTA KRIDATAMA","tambahan_realisasi":0,"jumlah_tki":0,"jumlah_tka":0,"jumlah_proyek":2},{"nama_perusahaan":"CMP MOTOR SPORT","tambahan_realisasi":0,"jumlah_tki":0,"jumlah_tka":0,"jumlah_proyek":3},{"nama_perusahaan":"DARMA HENWA","tambahan_realisasi":0,"jumlah_tki":0,"jumlah_tka":0,"jumlah_proyek":2},{"nama_perusahaan":"DAYA ENERGI TEKNIK","tambahan_realisasi":0,"jumlah_tki":4,"jumlah_tka":0,"jumlah_proyek":3},{"nama_perusahaan":"DELTA GARDA PERSADA","tambahan_realisasi":0,"jumlah_tki":0,"jumlah_tka":0,"jumlah_proyek":1},{"nama_perusahaan":"DIANTA DAYA EMBARA","tambahan_realisasi":0,"jumlah_tki":0,"jumlah_tka":0,"jumlah_proyek":3},{"nama_perusahaan":"DUA KOTA LAUT","tambahan_realisasi":0,"jumlah_tki":0,"jumlah_tka":0,"jumlah_proyek":1},{"nama_perusahaan":"ENAM SEMBILAN NIAGA NIKEL","tambahan_realisasi":0,"jumlah_tki":0,"jumlah_tka":0,"jumlah_proyek":1},{"nama_perusahaan":"ENAM SEMBILAN TRADING BATUBARA","tambahan_realisasi":0,"jumlah_tki":0,"jumlah_tka":0,"jumlah_proyek":1},{"nama_perusahaan":"GARUDA WISNU AMERTA","tambahan_realisasi":0,"jumlah_tki":0,"jumlah_tka":0,"jumlah_proyek":1},{"nama_perusahaan":"GUNUNG MAYANG STONE","tambahan_realisasi":0,"jumlah_tki":0,"jumlah_tka":0,"jumlah_proyek":1},{"nama_perusahaan":"HAJI MAMING PELABUHAN","tambahan_realisasi":0,"jumlah_tki":0,"jumlah_tka":0,"jumlah_proyek":1},{"nama_perusahaan":"HALONG JAYA BERGETAR","tambahan_realisasi":0,"jumlah_tki":0,"jumlah_tka":0,"jumlah_proyek":1},{"nama_perusahaan":"JHONLIN AGRO MANDIRI","tambahan_realisasi":0,"jumlah_tki":0,"jumlah_tka":0,"jumlah_proyek":1},{"nama_perusahaan":"KRIDA CIPTA SATYA","tambahan_realisasi":0,"jumlah_tki":0,"jumlah_tka":0,"jumlah_proyek":3},{"nama_perusahaan":"LADANGRUMPUN SUBURABADI","tambahan_realisasi":0,"jumlah_tki":0,"jumlah_tka":0,"jumlah_proyek":8},{"nama_perusahaan":"LINTAS FORTUNA NUSANTARA","tambahan_realisasi":0,"jumlah_tki":0,"jumlah_tka":0,"jumlah_proyek":1},{"nama_perusahaan":"MAMING ENAM SEMBILAN","tambahan_realisasi":0,"jumlah_tki":0,"jumlah_tka":0,"jumlah_proyek":1},{"nama_perusahaan":"MENARA ANGKASA SEMESTA","tambahan_realisasi":0,"jumlah_tki":0,"jumlah_tka":0,"jumlah_proyek":6},{"nama_perusahaan":"MERATUS JAYA IRON & STEEL","tambahan_realisasi":0,"jumlah_tki":0,"jumlah_tka":0,"jumlah_proyek":1},{"nama_perusahaan":"MITRA JASA SEBAMBAN UTAMA","tambahan_realisasi":0,"jumlah_tki":2,"jumlah_tka":0,"jumlah_proyek":3},{"nama_perusahaan":"MITRA SEHAT CARE","tambahan_realisasi":0,"jumlah_tki":1,"jumlah_tka":0,"jumlah_proyek":1},{"nama_perusahaan":"MITRAJAYA ABADI BERSAMA","tambahan_realisasi":0,"jumlah_tki":0,"jumlah_tka":0,"jumlah_proyek":2},{"nama_perusahaan":"NAGATA BIO ENERGI","tambahan_realisasi":0,"jumlah_tki":0,"jumlah_tka":0,"jumlah_proyek":2},{"nama_perusahaan":"NAWAKARA PERKASA NUSANTARA","tambahan_realisasi":0,"jumlah_tki":169,"jumlah_tka":0,"jumlah_proyek":2},{"nama_perusahaan":"ONO KREASI GASINDO","tambahan_realisasi":0,"jumlah_tki":0,"jumlah_tka":0,"jumlah_proyek":2},{"nama_perusahaan":"PAGAR MULYA KARYATAMA","tambahan_realisasi":0,"jumlah_tki":6,"jumlah_tka":0,"jumlah_proyek":4},{"nama_perusahaan":"PELABUHAN BUANA REJA","tambahan_realisasi":0,"jumlah_tki":0,"jumlah_tka":0,"jumlah_proyek":2},{"nama_perusahaan":"PELAYARAN BAHTERA ADHIGUNA","tambahan_realisasi":0,"jumlah_tki":0,"jumlah_tka":0,"jumlah_proyek":1},{"nama_perusahaan":"PERKEBUNAN NUSANTARA IV","tambahan_realisasi":0,"jumlah_tki":0,"jumlah_tka":0,"jumlah_proyek":1},{"nama_perusahaan":"PERUSAHAAN PERSEROAN (PERSERO) PT PELABUHAN INDONESIA DISINGKAT PT PELABUHAN INDONESIA (PERSERO)","tambahan_realisasi":0,"jumlah_tki":0,"jumlah_tka":0,"jumlah_proyek":1},{"nama_perusahaan":"PROFESIONAL TELEKOMUNIKASI INDONESIA","tambahan_realisasi":0,"jumlah_tki":0,"jumlah_tka":0,"jumlah_proyek":8},{"nama_perusahaan":"RASYA PRATAMA MANDIRI","tambahan_realisasi":0,"jumlah_tki":0,"jumlah_tka":0,"jumlah_proyek":38},{"nama_perusahaan":"SAJANG HEULANG","tambahan_realisasi":0,"jumlah_tki":0,"jumlah_tka":0,"jumlah_proyek":8},{"nama_perusahaan":"SALAM PACIFIC INDONESIA LINES","tambahan_realisasi":0,"jumlah_tki":0,"jumlah_tka":0,"jumlah_proyek":1},{"nama_perusahaan":"SAMATOR GAS INDUSTRI","tambahan_realisasi":0,"jumlah_tki":0,"jumlah_tka":0,"jumlah_proyek":1},{"nama_perusahaan":"SAPTAINDRA SEJATI","tambahan_realisasi":0,"jumlah_tki":0,"jumlah_tka":0,"jumlah_proyek":1},{"nama_perusahaan":"SEIA MITRA MANDIRI","tambahan_realisasi":0,"jumlah_tki":0,"jumlah_tka":0,"jumlah_proyek":1},{"nama_perusahaan":"SERASI SHIPPING INDONESIA","tambahan_realisasi":0,"jumlah_tki":0,"jumlah_tka":0,"jumlah_proyek":1},{"nama_perusahaan":"SINAR BINTANG MULIA","tambahan_realisasi":0,"jumlah_tki":0,"jumlah_tka":0,"jumlah_proyek":12},{"nama_perusahaan":"SINAR JAYA KOMUNIKA","tambahan_realisasi":0,"jumlah_tki":0,"jumlah_tka":0,"jumlah_proyek":4},{"nama_perusahaan":"SOLUSI TUNAS PRATAMA","tambahan_realisasi":0,"jumlah_tki":0,"jumlah_tka":0,"jumlah_proyek":7},{"nama_perusahaan":"SUMBER CIPTA MULTINIAGA","tambahan_realisasi":0,"jumlah_tki":0,"jumlah_tka":0,"jumlah_proyek":1},{"nama_perusahaan":"SUNGAI DANAU JAYA","tambahan_realisasi":0,"jumlah_tki":0,"jumlah_tka":0,"jumlah_proyek":3},{"nama_perusahaan":"SUPRIMA MITRA ADIHUSADA","tambahan_realisasi":0,"jumlah_tki":0,"jumlah_tka":0,"jumlah_proyek":2},{"nama_perusahaan":"TATA BUANA KARYA","tambahan_realisasi":0,"jumlah_tki":0,"jumlah_tka":0,"jumlah_proyek":1},{"nama_perusahaan":"TIMUR SATRIA PERKASA","tambahan_realisasi":0,"jumlah_tki":0,"jumlah_tka":0,"jumlah_proyek":1},{"nama_perusahaan":"TOWER BERSAMA","tambahan_realisasi":0,"jumlah_tki":0,"jumlah_tka":0,"jumlah_proyek":5},{"nama_perusahaan":"TUNAS INTI ABADI","tambahan_realisasi":0,"jumlah_tki":0,"jumlah_tka":0,"jumlah_proyek":3},{"nama_perusahaan":"VIJETA BOLA SEMBILAN","tambahan_realisasi":0,"jumlah_tki":7,"jumlah_tka":0,"jumlah_proyek":1},{"nama_perusahaan":"WAHANA KONSTRUKSI MANDIRI","tambahan_realisasi":0,"jumlah_tki":0,"jumlah_tka":0,"jumlah_proyek":17},{"nama_perusahaan":"WIJAYA SUKSES MULYA","tambahan_realisasi":0,"jumlah_tki":0,"jumlah_tka":0,"jumlah_proyek":55},{"nama_perusahaan":"WORLD TERMINALINDO","tambahan_realisasi":0,"jumlah_tki":0,"jumlah_tka":0,"jumlah_proyek":1}],"total":1360565114824}}
DEBUG - 2026-04-15 23:12:20 --> QuarterlyChartService - Total uploads: 1
DEBUG - 2026-04-15 23:12:20 --> QuarterlyChartService - Selected year: all
DEBUG - 2026-04-15 23:12:20 --> Processing upload ID: 166, Status: completed, Year: 2025, Quarter: Q4
DEBUG - 2026-04-15 23:12:20 --> Upload ID 166 - PMA: 2510814837712, PMDN: 1360565114824
DEBUG - 2026-04-15 23:12:20 --> Added to Q4: 3871379952536 (Total now: 3871379952536)
DEBUG - 2026-04-15 23:12:20 --> Final quarterly data before conversion: {"Q1":0,"Q2":0,"Q3":0,"Q4":3871379952536}
DEBUG - 2026-04-15 23:12:20 --> QuarterlyChartService (All Years) - Total uploads: 1
DEBUG - 2026-04-15 23:12:20 --> Initialized year: 2025
DEBUG - 2026-04-15 23:12:20 --> Upload ID 166 - PMA: 2510814837712, PMDN: 1360565114824
DEBUG - 2026-04-15 23:12:20 --> Added to Q4: 3871379952536 (Total now: 3871379952536)
DEBUG - 2026-04-15 23:12:20 --> Yearly quarterly data before conversion: {"2025":{"Q1":0,"Q2":0,"Q3":0,"Q4":3871379952536}}
DEBUG - 2026-04-15 23:12:20 --> QuarterlyChartService (All Years) - Final result: {"2025":{"labels":["Q1","Q2","Q3","Q4"],"values":[0,0,0,3871379952536]}}
WARNING - 2026-04-15 23:13:22 --> [DEPRECATED] ini_set(): session.sid_length INI setting is deprecated in SYSTEMPATH/Session/Handlers/FileHandler.php on line 321.
 1 SYSTEMPATH/Session/Handlers/FileHandler.php(321): ini_set('session.sid_length', '40')
 2 SYSTEMPATH/Session/Handlers/FileHandler.php(85): CodeIgniter\Session\Handlers\FileHandler->configureSessionIDRegex()
 3 SYSTEMPATH/Config/Services.php(697): CodeIgniter\Session\Handlers\FileHandler->__construct(Object(Config\Session), '::1')
 4 SYSTEMPATH/Config/BaseService.php(312): CodeIgniter\Config\Services::session(Object(Config\Session), false)
 5 SYSTEMPATH/Config/BaseService.php(251): CodeIgniter\Config\BaseService::__callStatic('session', [...])
 6 SYSTEMPATH/Config/Services.php(668): CodeIgniter\Config\BaseService::getSharedInstance('session', null)
 7 SYSTEMPATH/Config/BaseService.php(321): CodeIgniter\Config\Services::session()
 8 SYSTEMPATH/Config/BaseService.php(202): CodeIgniter\Config\BaseService::__callStatic('session', [])
 9 SYSTEMPATH/Common.php(998): CodeIgniter\Config\BaseService::get('session')
10 SYSTEMPATH/Common.php(971): service('session')
11 APPPATH/Filters/AuthFilter.php(13): session()
12 SYSTEMPATH/Filters/Filters.php(203): App\Filters\AuthFilter->before(Object(CodeIgniter\HTTP\IncomingRequest), null)
13 SYSTEMPATH/Filters/Filters.php(184): CodeIgniter\Filters\Filters->runBefore([...])
14 SYSTEMPATH/CodeIgniter.php(481): CodeIgniter\Filters\Filters->run('profile', 'before')
15 SYSTEMPATH/CodeIgniter.php(355): CodeIgniter\CodeIgniter->handleRequest(null, Object(Config\Cache), false)
16 SYSTEMPATH/Boot.php(325): CodeIgniter\CodeIgniter->run()
17 SYSTEMPATH/Boot.php(67): CodeIgniter\Boot::runCodeIgniter(Object(CodeIgniter\CodeIgniter))
18 FCPATH/index.php(60): CodeIgniter\Boot::bootWeb(Object(Config\Paths))
19 SYSTEMPATH/rewrite.php(44): require_once('/home/Gilang/DPMPTSP/DataInvest/public/index.php')
WARNING - 2026-04-15 23:13:22 --> [DEPRECATED] Return type of CodeIgniter\I18n\TimeTrait::createFromTimestamp(int|float $timestamp) should either be compatible with DateTimeImmutable::createFromTimestamp(int|float $timestamp): static, or the #[\ReturnTypeWillChange] attribute should be used to temporarily suppress the notice in SYSTEMPATH/I18n/TimeTrait.php on line 268.
 1 VENDORPATH/composer/ClassLoader.php(576): include('/home/Gilang/DPMPTSP/DataInvest/system/I18n/Time.php')
 2 VENDORPATH/composer/ClassLoader.php(427): {closure:Composer\Autoload\ClassLoader::initializeIncludeClosure():575}('/home/Gilang/DPMPTSP/DataInvest/vendor/composer/../../system/I18n/Time.php')
 3 SYSTEMPATH/Session/Session.php(193): Composer\Autoload\ClassLoader->loadClass('CodeIgniter\\I18n\\Time')
 4 SYSTEMPATH/Config/Services.php(700): CodeIgniter\Session\Session->__construct(Object(CodeIgniter\Session\Handlers\FileHandler), Object(Config\Session))
 5 SYSTEMPATH/Config/BaseService.php(312): CodeIgniter\Config\Services::session(Object(Config\Session), false)
 6 SYSTEMPATH/Config/BaseService.php(251): CodeIgniter\Config\BaseService::__callStatic('session', [...])
 7 SYSTEMPATH/Config/Services.php(668): CodeIgniter\Config\BaseService::getSharedInstance('session', null)
 8 SYSTEMPATH/Config/BaseService.php(321): CodeIgniter\Config\Services::session()
 9 SYSTEMPATH/Config/BaseService.php(202): CodeIgniter\Config\BaseService::__callStatic('session', [])
10 SYSTEMPATH/Common.php(998): CodeIgniter\Config\BaseService::get('session')
11 SYSTEMPATH/Common.php(971): service('session')
12 APPPATH/Filters/AuthFilter.php(13): session()
13 SYSTEMPATH/Filters/Filters.php(203): App\Filters\AuthFilter->before(Object(CodeIgniter\HTTP\IncomingRequest), null)
14 SYSTEMPATH/Filters/Filters.php(184): CodeIgniter\Filters\Filters->runBefore([...])
15 SYSTEMPATH/CodeIgniter.php(481): CodeIgniter\Filters\Filters->run('profile', 'before')
16 SYSTEMPATH/CodeIgniter.php(355): CodeIgniter\CodeIgniter->handleRequest(null, Object(Config\Cache), false)
17 SYSTEMPATH/Boot.php(325): CodeIgniter\CodeIgniter->run()
18 SYSTEMPATH/Boot.php(67): CodeIgniter\Boot::runCodeIgniter(Object(CodeIgniter\CodeIgniter))
19 FCPATH/index.php(60): CodeIgniter\Boot::bootWeb(Object(Config\Paths))
20 SYSTEMPATH/rewrite.php(44): require_once('/home/Gilang/DPMPTSP/DataInvest/public/index.php')
INFO - 2026-04-15 23:13:22 --> Session: Class initialized using 'CodeIgniter\Session\Handlers\FileHandler' driver.
WARNING - 2026-04-15 23:14:08 --> [DEPRECATED] ini_set(): session.sid_length INI setting is deprecated in SYSTEMPATH/Session/Handlers/FileHandler.php on line 321.
 1 SYSTEMPATH/Session/Handlers/FileHandler.php(321): ini_set('session.sid_length', '40')
 2 SYSTEMPATH/Session/Handlers/FileHandler.php(85): CodeIgniter\Session\Handlers\FileHandler->configureSessionIDRegex()
 3 SYSTEMPATH/Config/Services.php(697): CodeIgniter\Session\Handlers\FileHandler->__construct(Object(Config\Session), '::1')
 4 SYSTEMPATH/Config/BaseService.php(312): CodeIgniter\Config\Services::session(Object(Config\Session), false)
 5 SYSTEMPATH/Config/BaseService.php(251): CodeIgniter\Config\BaseService::__callStatic('session', [...])
 6 SYSTEMPATH/Config/Services.php(668): CodeIgniter\Config\BaseService::getSharedInstance('session', null)
 7 SYSTEMPATH/Config/BaseService.php(321): CodeIgniter\Config\Services::session()
 8 SYSTEMPATH/Config/BaseService.php(202): CodeIgniter\Config\BaseService::__callStatic('session', [])
 9 SYSTEMPATH/Common.php(998): CodeIgniter\Config\BaseService::get('session')
10 SYSTEMPATH/Common.php(971): service('session')
11 APPPATH/Filters/RoleFilter.php(13): session()
12 SYSTEMPATH/Filters/Filters.php(203): App\Filters\RoleFilter->before(Object(CodeIgniter\HTTP\IncomingRequest), null)
13 SYSTEMPATH/Filters/Filters.php(184): CodeIgniter\Filters\Filters->runBefore([...])
14 SYSTEMPATH/CodeIgniter.php(481): CodeIgniter\Filters\Filters->run('settings', 'before')
15 SYSTEMPATH/CodeIgniter.php(355): CodeIgniter\CodeIgniter->handleRequest(null, Object(Config\Cache), false)
16 SYSTEMPATH/Boot.php(325): CodeIgniter\CodeIgniter->run()
17 SYSTEMPATH/Boot.php(67): CodeIgniter\Boot::runCodeIgniter(Object(CodeIgniter\CodeIgniter))
18 FCPATH/index.php(60): CodeIgniter\Boot::bootWeb(Object(Config\Paths))
19 SYSTEMPATH/rewrite.php(44): require_once('/home/Gilang/DPMPTSP/DataInvest/public/index.php')
WARNING - 2026-04-15 23:14:08 --> [DEPRECATED] Return type of CodeIgniter\I18n\TimeTrait::createFromTimestamp(int|float $timestamp) should either be compatible with DateTimeImmutable::createFromTimestamp(int|float $timestamp): static, or the #[\ReturnTypeWillChange] attribute should be used to temporarily suppress the notice in SYSTEMPATH/I18n/TimeTrait.php on line 268.
 1 VENDORPATH/composer/ClassLoader.php(576): include('/home/Gilang/DPMPTSP/DataInvest/system/I18n/Time.php')
 2 VENDORPATH/composer/ClassLoader.php(427): {closure:Composer\Autoload\ClassLoader::initializeIncludeClosure():575}('/home/Gilang/DPMPTSP/DataInvest/vendor/composer/../../system/I18n/Time.php')
 3 SYSTEMPATH/Session/Session.php(193): Composer\Autoload\ClassLoader->loadClass('CodeIgniter\\I18n\\Time')
 4 SYSTEMPATH/Config/Services.php(700): CodeIgniter\Session\Session->__construct(Object(CodeIgniter\Session\Handlers\FileHandler), Object(Config\Session))
 5 SYSTEMPATH/Config/BaseService.php(312): CodeIgniter\Config\Services::session(Object(Config\Session), false)
 6 SYSTEMPATH/Config/BaseService.php(251): CodeIgniter\Config\BaseService::__callStatic('session', [...])
 7 SYSTEMPATH/Config/Services.php(668): CodeIgniter\Config\BaseService::getSharedInstance('session', null)
 8 SYSTEMPATH/Config/BaseService.php(321): CodeIgniter\Config\Services::session()
 9 SYSTEMPATH/Config/BaseService.php(202): CodeIgniter\Config\BaseService::__callStatic('session', [])
10 SYSTEMPATH/Common.php(998): CodeIgniter\Config\BaseService::get('session')
11 SYSTEMPATH/Common.php(971): service('session')
12 APPPATH/Filters/RoleFilter.php(13): session()
13 SYSTEMPATH/Filters/Filters.php(203): App\Filters\RoleFilter->before(Object(CodeIgniter\HTTP\IncomingRequest), null)
14 SYSTEMPATH/Filters/Filters.php(184): CodeIgniter\Filters\Filters->runBefore([...])
15 SYSTEMPATH/CodeIgniter.php(481): CodeIgniter\Filters\Filters->run('settings', 'before')
16 SYSTEMPATH/CodeIgniter.php(355): CodeIgniter\CodeIgniter->handleRequest(null, Object(Config\Cache), false)
17 SYSTEMPATH/Boot.php(325): CodeIgniter\CodeIgniter->run()
18 SYSTEMPATH/Boot.php(67): CodeIgniter\Boot::runCodeIgniter(Object(CodeIgniter\CodeIgniter))
19 FCPATH/index.php(60): CodeIgniter\Boot::bootWeb(Object(Config\Paths))
20 SYSTEMPATH/rewrite.php(44): require_once('/home/Gilang/DPMPTSP/DataInvest/public/index.php')
INFO - 2026-04-15 23:14:08 --> Session: Class initialized using 'CodeIgniter\Session\Handlers\FileHandler' driver.
WARNING - 2026-04-15 23:14:24 --> [DEPRECATED] ini_set(): session.sid_length INI setting is deprecated in SYSTEMPATH/Session/Handlers/FileHandler.php on line 321.
 1 SYSTEMPATH/Session/Handlers/FileHandler.php(321): ini_set('session.sid_length', '40')
 2 SYSTEMPATH/Session/Handlers/FileHandler.php(85): CodeIgniter\Session\Handlers\FileHandler->configureSessionIDRegex()
 3 SYSTEMPATH/Config/Services.php(697): CodeIgniter\Session\Handlers\FileHandler->__construct(Object(Config\Session), '::1')
 4 SYSTEMPATH/Config/BaseService.php(312): CodeIgniter\Config\Services::session(Object(Config\Session), false)
 5 SYSTEMPATH/Config/BaseService.php(251): CodeIgniter\Config\BaseService::__callStatic('session', [...])
 6 SYSTEMPATH/Config/Services.php(668): CodeIgniter\Config\BaseService::getSharedInstance('session', null)
 7 SYSTEMPATH/Config/BaseService.php(321): CodeIgniter\Config\Services::session()
 8 SYSTEMPATH/Config/BaseService.php(202): CodeIgniter\Config\BaseService::__callStatic('session', [])
 9 SYSTEMPATH/Common.php(998): CodeIgniter\Config\BaseService::get('session')
10 SYSTEMPATH/Common.php(971): service('session')
11 APPPATH/Filters/RoleFilter.php(13): session()
12 SYSTEMPATH/Filters/Filters.php(203): App\Filters\RoleFilter->before(Object(CodeIgniter\HTTP\IncomingRequest), null)
13 SYSTEMPATH/Filters/Filters.php(184): CodeIgniter\Filters\Filters->runBefore([...])
14 SYSTEMPATH/CodeIgniter.php(481): CodeIgniter\Filters\Filters->run('dashboard', 'before')
15 SYSTEMPATH/CodeIgniter.php(355): CodeIgniter\CodeIgniter->handleRequest(null, Object(Config\Cache), false)
16 SYSTEMPATH/Boot.php(325): CodeIgniter\CodeIgniter->run()
17 SYSTEMPATH/Boot.php(67): CodeIgniter\Boot::runCodeIgniter(Object(CodeIgniter\CodeIgniter))
18 FCPATH/index.php(60): CodeIgniter\Boot::bootWeb(Object(Config\Paths))
19 SYSTEMPATH/rewrite.php(44): require_once('/home/Gilang/DPMPTSP/DataInvest/public/index.php')
WARNING - 2026-04-15 23:14:24 --> [DEPRECATED] Return type of CodeIgniter\I18n\TimeTrait::createFromTimestamp(int|float $timestamp) should either be compatible with DateTimeImmutable::createFromTimestamp(int|float $timestamp): static, or the #[\ReturnTypeWillChange] attribute should be used to temporarily suppress the notice in SYSTEMPATH/I18n/TimeTrait.php on line 268.
 1 VENDORPATH/composer/ClassLoader.php(576): include('/home/Gilang/DPMPTSP/DataInvest/system/I18n/Time.php')
 2 VENDORPATH/composer/ClassLoader.php(427): {closure:Composer\Autoload\ClassLoader::initializeIncludeClosure():575}('/home/Gilang/DPMPTSP/DataInvest/vendor/composer/../../system/I18n/Time.php')
 3 SYSTEMPATH/Session/Session.php(193): Composer\Autoload\ClassLoader->loadClass('CodeIgniter\\I18n\\Time')
 4 SYSTEMPATH/Config/Services.php(700): CodeIgniter\Session\Session->__construct(Object(CodeIgniter\Session\Handlers\FileHandler), Object(Config\Session))
 5 SYSTEMPATH/Config/BaseService.php(312): CodeIgniter\Config\Services::session(Object(Config\Session), false)
 6 SYSTEMPATH/Config/BaseService.php(251): CodeIgniter\Config\BaseService::__callStatic('session', [...])
 7 SYSTEMPATH/Config/Services.php(668): CodeIgniter\Config\BaseService::getSharedInstance('session', null)
 8 SYSTEMPATH/Config/BaseService.php(321): CodeIgniter\Config\Services::session()
 9 SYSTEMPATH/Config/BaseService.php(202): CodeIgniter\Config\BaseService::__callStatic('session', [])
10 SYSTEMPATH/Common.php(998): CodeIgniter\Config\BaseService::get('session')
11 SYSTEMPATH/Common.php(971): service('session')
12 APPPATH/Filters/RoleFilter.php(13): session()
13 SYSTEMPATH/Filters/Filters.php(203): App\Filters\RoleFilter->before(Object(CodeIgniter\HTTP\IncomingRequest), null)
14 SYSTEMPATH/Filters/Filters.php(184): CodeIgniter\Filters\Filters->runBefore([...])
15 SYSTEMPATH/CodeIgniter.php(481): CodeIgniter\Filters\Filters->run('dashboard', 'before')
16 SYSTEMPATH/CodeIgniter.php(355): CodeIgniter\CodeIgniter->handleRequest(null, Object(Config\Cache), false)
17 SYSTEMPATH/Boot.php(325): CodeIgniter\CodeIgniter->run()
18 SYSTEMPATH/Boot.php(67): CodeIgniter\Boot::runCodeIgniter(Object(CodeIgniter\CodeIgniter))
19 FCPATH/index.php(60): CodeIgniter\Boot::bootWeb(Object(Config\Paths))
20 SYSTEMPATH/rewrite.php(44): require_once('/home/Gilang/DPMPTSP/DataInvest/public/index.php')
INFO - 2026-04-15 23:14:24 --> Session: Class initialized using 'CodeIgniter\Session\Handlers\FileHandler' driver.
DEBUG - 2026-04-15 23:14:24 --> === getSectorCountByCompany START ===
DEBUG - 2026-04-15 23:14:24 --> Upload ID: {"jenis_investasi":"PMA"}
DEBUG - 2026-04-15 23:14:24 --> Filters: []
DEBUG - 2026-04-15 23:14:24 --> PMA records found: 0
DEBUG - 2026-04-15 23:14:24 --> PMDN records found: 0
DEBUG - 2026-04-15 23:14:24 --> === getSectorCountByCompany END ===
DEBUG - 2026-04-15 23:14:24 --> === getSectorCountByCompany START ===
DEBUG - 2026-04-15 23:14:24 --> Upload ID: {"jenis_investasi":"PMDN"}
DEBUG - 2026-04-15 23:14:24 --> Filters: []
DEBUG - 2026-04-15 23:14:24 --> PMA records found: 0
DEBUG - 2026-04-15 23:14:24 --> PMDN records found: 0
DEBUG - 2026-04-15 23:14:24 --> === getSectorCountByCompany END ===
DEBUG - 2026-04-15 23:14:24 --> === getSectorCountByCompany START ===
DEBUG - 2026-04-15 23:14:24 --> Upload ID: 166
DEBUG - 2026-04-15 23:14:24 --> Filters: []
DEBUG - 2026-04-15 23:14:24 --> PMA records found: 10
DEBUG - 2026-04-15 23:14:24 --> PMDN records found: 128
DEBUG - 2026-04-15 23:14:24 --> === getSectorCountByCompany END ===
DEBUG - 2026-04-15 23:14:24 --> Sector count in DashboardService: {"PMA":{"data":[{"nama_perusahaan":"TRANSCOAL MINERGY","tambahan_realisasi":2255862677068,"jumlah_tki":18,"jumlah_tka":41,"jumlah_proyek":4},{"nama_perusahaan":"ANUGERAH BAROKAH CAKRAWALA","tambahan_realisasi":142647000000,"jumlah_tki":0,"jumlah_tka":0,"jumlah_proyek":6},{"nama_perusahaan":"ANUGERAH BAROKAH ENERGI BARU","tambahan_realisasi":95321760000,"jumlah_tki":0,"jumlah_tka":4,"jumlah_proyek":1},{"nama_perusahaan":"THIESS CONTRACTORS INDONESIA","tambahan_realisasi":15696536959,"jumlah_tki":0,"jumlah_tka":0,"jumlah_proyek":2},{"nama_perusahaan":"YIWAN MINING","tambahan_realisasi":1285213685,"jumlah_tki":20,"jumlah_tka":0,"jumlah_proyek":1},{"nama_perusahaan":"MERATUS HYDRO POWER","tambahan_realisasi":1650000,"jumlah_tki":0,"jumlah_tka":0,"jumlah_proyek":1},{"nama_perusahaan":"CAHAYA ANUGRAH SARANA CATERING","tambahan_realisasi":0,"jumlah_tki":0,"jumlah_tka":0,"jumlah_proyek":2},{"nama_perusahaan":"JAYA MANDIRI SUKSES","tambahan_realisasi":0,"jumlah_tki":0,"jumlah_tka":0,"jumlah_proyek":1},{"nama_perusahaan":"MITRA SETIA TANAH BUMBU","tambahan_realisasi":0,"jumlah_tki":0,"jumlah_tka":0,"jumlah_proyek":1},{"nama_perusahaan":"VKS DRILLTEK INDO","tambahan_realisasi":0,"jumlah_tki":0,"jumlah_tka":0,"jumlah_proyek":1}],"total":2510814837712},"PMDN":{"data":[{"nama_perusahaan":"PUTRA PERKASA ABADI","tambahan_realisasi":440891512970,"jumlah_tki":561,"jumlah_tka":0,"jumlah_proyek":3},{"nama_perusahaan":"DUA SAMUDERA PERKASA","tambahan_realisasi":338553745351,"jumlah_tki":24,"jumlah_tka":0,"jumlah_proyek":3},{"nama_perusahaan":"BORNEO INDOBARA","tambahan_realisasi":148300672954,"jumlah_tki":6,"jumlah_tka":0,"jumlah_proyek":34},{"nama_perusahaan":"JHONLIN AGRO RAYA Tbk","tambahan_realisasi":139466902491,"jumlah_tki":232,"jumlah_tka":0,"jumlah_proyek":2},{"nama_perusahaan":"JHONLIN AGRO LESTARI","tambahan_realisasi":94555509589,"jumlah_tki":232,"jumlah_tka":0,"jumlah_proyek":1},{"nama_perusahaan":"KODECO AGROJAYA MANDIRI","tambahan_realisasi":70231563086,"jumlah_tki":102,"jumlah_tka":0,"jumlah_proyek":4},{"nama_perusahaan":"MAMING PROPERTI BATULICIN","tambahan_realisasi":37142843910,"jumlah_tki":0,"jumlah_tka":0,"jumlah_proyek":1},{"nama_perusahaan":"REZKI BATULICIN TRANSPORT","tambahan_realisasi":34928037100,"jumlah_tki":0,"jumlah_tka":0,"jumlah_proyek":4},{"nama_perusahaan":"WAHANA BARATAMA MINING","tambahan_realisasi":16950602545,"jumlah_tki":0,"jumlah_tka":0,"jumlah_proyek":1},{"nama_perusahaan":"TANAH BUMBU RESOURCES","tambahan_realisasi":10680308978,"jumlah_tki":0,"jumlah_tka":0,"jumlah_proyek":2},{"nama_perusahaan":"ROYAN BATU PERKASA","tambahan_realisasi":4713540028,"jumlah_tki":0,"jumlah_tka":0,"jumlah_proyek":1},{"nama_perusahaan":"SANGGAR SARANA BAJA","tambahan_realisasi":4021566350,"jumlah_tki":0,"jumlah_tka":0,"jumlah_proyek":1},{"nama_perusahaan":"ANZAWARA SATRIA","tambahan_realisasi":3444811501,"jumlah_tki":71,"jumlah_tka":0,"jumlah_proyek":1},{"nama_perusahaan":"UDANG MARIANI ENAM SEMBILAN","tambahan_realisasi":3247293086,"jumlah_tki":0,"jumlah_tka":0,"jumlah_proyek":2},{"nama_perusahaan":"DAYA INDAH ANDALAN","tambahan_realisasi":3235902840,"jumlah_tki":0,"jumlah_tka":0,"jumlah_proyek":2},{"nama_perusahaan":"UNITED TRACTORS","tambahan_realisasi":2340774700,"jumlah_tki":0,"jumlah_tka":0,"jumlah_proyek":36},{"nama_perusahaan":"PERUSAHAAN PERSEROAN (PERSERO) PT SUPERINTENDING COMPANY OF INDONESIA","tambahan_realisasi":1756200000,"jumlah_tki":0,"jumlah_tka":0,"jumlah_proyek":1},{"nama_perusahaan":"RAYANE BATULICIN TRANSPORT","tambahan_realisasi":1022146463,"jumlah_tki":0,"jumlah_tka":0,"jumlah_proyek":2},{"nama_perusahaan":"PINUS MERAH ABADI","tambahan_realisasi":879000000,"jumlah_tki":0,"jumlah_tka":0,"jumlah_proyek":1},{"nama_perusahaan":"BATULICIN BUMI BERSUJUD","tambahan_realisasi":650802919,"jumlah_tki":0,"jumlah_tka":0,"jumlah_proyek":2},{"nama_perusahaan":"AXIS PRATAMA INDONESIA","tambahan_realisasi":607779311,"jumlah_tki":0,"jumlah_tka":0,"jumlah_proyek":4},{"nama_perusahaan":"TIRTAKENCANA TATAWARNA","tambahan_realisasi":452171699,"jumlah_tki":0,"jumlah_tka":0,"jumlah_proyek":6},{"nama_perusahaan":"GRAND DUTA BORNEO","tambahan_realisasi":416150282,"jumlah_tki":0,"jumlah_tka":0,"jumlah_proyek":2},{"nama_perusahaan":"KARYA ABIDIN BERSAMA","tambahan_realisasi":300000000,"jumlah_tki":0,"jumlah_tka":0,"jumlah_proyek":2},{"nama_perusahaan":"MANDIRI AMAN SEKAWAN","tambahan_realisasi":200000000,"jumlah_tki":0,"jumlah_tka":0,"jumlah_proyek":40},{"nama_perusahaan":"KHARISMA KAISAR BATULICIN","tambahan_realisasi":191200000,"jumlah_tki":10,"jumlah_tka":0,"jumlah_proyek":5},{"nama_perusahaan":"MANDIRI AMAN SEJAHTERA","tambahan_realisasi":180000000,"jumlah_tki":0,"jumlah_tka":0,"jumlah_proyek":53},{"nama_perusahaan":"TRAKINDO UTAMA","tambahan_realisasi":171000000,"jumlah_tki":0,"jumlah_tka":0,"jumlah_proyek":2},{"nama_perusahaan":"SUMBER ALFARIA TRIJAYA","tambahan_realisasi":157939807,"jumlah_tki":0,"jumlah_tka":0,"jumlah_proyek":20},{"nama_perusahaan":"INDOMARCO PRISMATAMA","tambahan_realisasi":112630733,"jumlah_tki":0,"jumlah_tka":0,"jumlah_proyek":7},{"nama_perusahaan":"SUMBERDAYA SEWATAMA","tambahan_realisasi":110000000,"jumlah_tki":0,"jumlah_tka":0,"jumlah_proyek":1},{"nama_perusahaan":"JEMBATAN NUSANTARA","tambahan_realisasi":100000000,"jumlah_tki":0,"jumlah_tka":0,"jumlah_proyek":1},{"nama_perusahaan":"REFANGGA JAYA LAND","tambahan_realisasi":100000000,"jumlah_tki":0,"jumlah_tka":0,"jumlah_proyek":9},{"nama_perusahaan":"SILIKA MITRA PERKASA","tambahan_realisasi":80416667,"jumlah_tki":0,"jumlah_tka":0,"jumlah_proyek":1},{"nama_perusahaan":"SINARNIAGA SEJAHTERA","tambahan_realisasi":80324472,"jumlah_tki":0,"jumlah_tka":0,"jumlah_proyek":1},{"nama_perusahaan":"BATU GUNUNG DELAPAN ENAM","tambahan_realisasi":80208333,"jumlah_tki":0,"jumlah_tka":0,"jumlah_proyek":1},{"nama_perusahaan":"ASDP INDONESIA FERRY","tambahan_realisasi":64500000,"jumlah_tki":1,"jumlah_tka":0,"jumlah_proyek":2},{"nama_perusahaan":"WARGI SANTOSA","tambahan_realisasi":50000000,"jumlah_tki":0,"jumlah_tka":0,"jumlah_proyek":10},{"nama_perusahaan":"FAST FOOD INDONESIA","tambahan_realisasi":31596660,"jumlah_tki":22,"jumlah_tka":0,"jumlah_proyek":1},{"nama_perusahaan":"BUMI NUSA PALAPA","tambahan_realisasi":30024236,"jumlah_tki":0,"jumlah_tka":0,"jumlah_proyek":1},{"nama_perusahaan":"PESTA PORA ABADI","tambahan_realisasi":16446200,"jumlah_tki":88,"jumlah_tka":0,"jumlah_proyek":3},{"nama_perusahaan":"NUSANTARA BATULICIN","tambahan_realisasi":12000000,"jumlah_tki":0,"jumlah_tka":0,"jumlah_proyek":1},{"nama_perusahaan":"TUNAS TIMUR","tambahan_realisasi":2450000,"jumlah_tki":0,"jumlah_tka":0,"jumlah_proyek":2},{"nama_perusahaan":"SUMBER BERLIAN MOTORS","tambahan_realisasi":1364000,"jumlah_tki":0,"jumlah_tka":0,"jumlah_proyek":2},{"nama_perusahaan":"SENTRA AGRO SUMBER RAYA","tambahan_realisasi":1250000,"jumlah_tki":0,"jumlah_tka":0,"jumlah_proyek":3},{"nama_perusahaan":"DAYA INDAH YASA","tambahan_realisasi":1010873,"jumlah_tki":0,"jumlah_tka":0,"jumlah_proyek":1},{"nama_perusahaan":"GEMA TAMBANG NUSANTARA","tambahan_realisasi":568744,"jumlah_tki":0,"jumlah_tka":0,"jumlah_proyek":1},{"nama_perusahaan":"ADIDAYA AKBAR BERKARYA","tambahan_realisasi":345946,"jumlah_tki":3,"jumlah_tka":0,"jumlah_proyek":3},{"nama_perusahaan":"ADISURYA CIPTA LESTARI","tambahan_realisasi":0,"jumlah_tki":0,"jumlah_tka":0,"jumlah_proyek":3},{"nama_perusahaan":"AMANAH PUTRA BORNEO","tambahan_realisasi":0,"jumlah_tki":0,"jumlah_tka":0,"jumlah_proyek":2},{"nama_perusahaan":"ANDIFA KHARISMA BORNEO PRATAMA","tambahan_realisasi":0,"jumlah_tki":9,"jumlah_tka":0,"jumlah_proyek":7},{"nama_perusahaan":"ANDIFA NUSA SAMUDERA","tambahan_realisasi":0,"jumlah_tki":9,"jumlah_tka":0,"jumlah_proyek":5},{"nama_perusahaan":"ANDIFA PERKASA ENERGI","tambahan_realisasi":0,"jumlah_tki":0,"jumlah_tka":0,"jumlah_proyek":3},{"nama_perusahaan":"ANGSANA JAYA ENERGI","tambahan_realisasi":0,"jumlah_tki":0,"jumlah_tka":0,"jumlah_proyek":1},{"nama_perusahaan":"ANINDYA WIRAPUTRA KONSULT","tambahan_realisasi":0,"jumlah_tki":0,"jumlah_tka":0,"jumlah_proyek":3},{"nama_perusahaan":"ARUTMIN INDONESIA","tambahan_realisasi":0,"jumlah_tki":0,"jumlah_tka":0,"jumlah_proyek":7},{"nama_perusahaan":"BANDAR INDO RAYA","tambahan_realisasi":0,"jumlah_tki":0,"jumlah_tka":0,"jumlah_proyek":1},{"nama_perusahaan":"BANGUN ARTA HUTAMA","tambahan_realisasi":0,"jumlah_tki":0,"jumlah_tka":0,"jumlah_proyek":9},{"nama_perusahaan":"BARA ASIA COALTRADE","tambahan_realisasi":0,"jumlah_tki":0,"jumlah_tka":0,"jumlah_proyek":1},{"nama_perusahaan":"BATULICIN ENAM SEMBILAN","tambahan_realisasi":0,"jumlah_tki":0,"jumlah_tka":0,"jumlah_proyek":1},{"nama_perusahaan":"BATULICIN ENAM SEMBILAN PELABUHAN","tambahan_realisasi":0,"jumlah_tki":0,"jumlah_tka":0,"jumlah_proyek":1},{"nama_perusahaan":"BATULICIN ENAM SEMBILAN PERTAMBANGAN","tambahan_realisasi":0,"jumlah_tki":0,"jumlah_tka":0,"jumlah_proyek":2},{"nama_perusahaan":"BATULICIN ENAM SEMBILAN TRANSPORTASI","tambahan_realisasi":0,"jumlah_tki":0,"jumlah_tka":0,"jumlah_proyek":1},{"nama_perusahaan":"BATULICIN NUSANTARA MARITIM","tambahan_realisasi":0,"jumlah_tki":0,"jumlah_tka":0,"jumlah_proyek":1},{"nama_perusahaan":"BAYAN RESOURCES","tambahan_realisasi":0,"jumlah_tki":0,"jumlah_tka":0,"jumlah_proyek":2},{"nama_perusahaan":"BINA BATULICIN USAHA","tambahan_realisasi":0,"jumlah_tki":0,"jumlah_tka":0,"jumlah_proyek":1},{"nama_perusahaan":"BINA INDO RAYA","tambahan_realisasi":0,"jumlah_tki":0,"jumlah_tka":0,"jumlah_proyek":1},{"nama_perusahaan":"BINA KARYA PUTRA BATULICIN","tambahan_realisasi":0,"jumlah_tki":0,"jumlah_tka":0,"jumlah_proyek":1},{"nama_perusahaan":"BINA USAHA BATULICIN","tambahan_realisasi":0,"jumlah_tki":0,"jumlah_tka":0,"jumlah_proyek":4},{"nama_perusahaan":"BORNEO MITRA BARATAMA","tambahan_realisasi":0,"jumlah_tki":0,"jumlah_tka":0,"jumlah_proyek":1},{"nama_perusahaan":"BORNEO PALM PLANTATION","tambahan_realisasi":0,"jumlah_tki":0,"jumlah_tka":0,"jumlah_proyek":2},{"nama_perusahaan":"BUANA RINDANG LESTARI","tambahan_realisasi":0,"jumlah_tki":1,"jumlah_tka":0,"jumlah_proyek":4},{"nama_perusahaan":"BUKIT MAKMUR MANDIRI UTAMA","tambahan_realisasi":0,"jumlah_tki":0,"jumlah_tka":0,"jumlah_proyek":1},{"nama_perusahaan":"CAKRAWALA LANGIT SEJAHTERA","tambahan_realisasi":0,"jumlah_tki":0,"jumlah_tka":0,"jumlah_proyek":1},{"nama_perusahaan":"CIPTA KRIDA BAHARI","tambahan_realisasi":0,"jumlah_tki":0,"jumlah_tka":0,"jumlah_proyek":2},{"nama_perusahaan":"CIPTA KRIDATAMA","tambahan_realisasi":0,"jumlah_tki":0,"jumlah_tka":0,"jumlah_proyek":2},{"nama_perusahaan":"CMP MOTOR SPORT","tambahan_realisasi":0,"jumlah_tki":0,"jumlah_tka":0,"jumlah_proyek":3},{"nama_perusahaan":"DARMA HENWA","tambahan_realisasi":0,"jumlah_tki":0,"jumlah_tka":0,"jumlah_proyek":2},{"nama_perusahaan":"DAYA ENERGI TEKNIK","tambahan_realisasi":0,"jumlah_tki":4,"jumlah_tka":0,"jumlah_proyek":3},{"nama_perusahaan":"DELTA GARDA PERSADA","tambahan_realisasi":0,"jumlah_tki":0,"jumlah_tka":0,"jumlah_proyek":1},{"nama_perusahaan":"DIANTA DAYA EMBARA","tambahan_realisasi":0,"jumlah_tki":0,"jumlah_tka":0,"jumlah_proyek":3},{"nama_perusahaan":"DUA KOTA LAUT","tambahan_realisasi":0,"jumlah_tki":0,"jumlah_tka":0,"jumlah_proyek":1},{"nama_perusahaan":"ENAM SEMBILAN NIAGA NIKEL","tambahan_realisasi":0,"jumlah_tki":0,"jumlah_tka":0,"jumlah_proyek":1},{"nama_perusahaan":"ENAM SEMBILAN TRADING BATUBARA","tambahan_realisasi":0,"jumlah_tki":0,"jumlah_tka":0,"jumlah_proyek":1},{"nama_perusahaan":"GARUDA WISNU AMERTA","tambahan_realisasi":0,"jumlah_tki":0,"jumlah_tka":0,"jumlah_proyek":1},{"nama_perusahaan":"GUNUNG MAYANG STONE","tambahan_realisasi":0,"jumlah_tki":0,"jumlah_tka":0,"jumlah_proyek":1},{"nama_perusahaan":"HAJI MAMING PELABUHAN","tambahan_realisasi":0,"jumlah_tki":0,"jumlah_tka":0,"jumlah_proyek":1},{"nama_perusahaan":"HALONG JAYA BERGETAR","tambahan_realisasi":0,"jumlah_tki":0,"jumlah_tka":0,"jumlah_proyek":1},{"nama_perusahaan":"JHONLIN AGRO MANDIRI","tambahan_realisasi":0,"jumlah_tki":0,"jumlah_tka":0,"jumlah_proyek":1},{"nama_perusahaan":"KRIDA CIPTA SATYA","tambahan_realisasi":0,"jumlah_tki":0,"jumlah_tka":0,"jumlah_proyek":3},{"nama_perusahaan":"LADANGRUMPUN SUBURABADI","tambahan_realisasi":0,"jumlah_tki":0,"jumlah_tka":0,"jumlah_proyek":8},{"nama_perusahaan":"LINTAS FORTUNA NUSANTARA","tambahan_realisasi":0,"jumlah_tki":0,"jumlah_tka":0,"jumlah_proyek":1},{"nama_perusahaan":"MAMING ENAM SEMBILAN","tambahan_realisasi":0,"jumlah_tki":0,"jumlah_tka":0,"jumlah_proyek":1},{"nama_perusahaan":"MENARA ANGKASA SEMESTA","tambahan_realisasi":0,"jumlah_tki":0,"jumlah_tka":0,"jumlah_proyek":6},{"nama_perusahaan":"MERATUS JAYA IRON & STEEL","tambahan_realisasi":0,"jumlah_tki":0,"jumlah_tka":0,"jumlah_proyek":1},{"nama_perusahaan":"MITRA JASA SEBAMBAN UTAMA","tambahan_realisasi":0,"jumlah_tki":2,"jumlah_tka":0,"jumlah_proyek":3},{"nama_perusahaan":"MITRA SEHAT CARE","tambahan_realisasi":0,"jumlah_tki":1,"jumlah_tka":0,"jumlah_proyek":1},{"nama_perusahaan":"MITRAJAYA ABADI BERSAMA","tambahan_realisasi":0,"jumlah_tki":0,"jumlah_tka":0,"jumlah_proyek":2},{"nama_perusahaan":"NAGATA BIO ENERGI","tambahan_realisasi":0,"jumlah_tki":0,"jumlah_tka":0,"jumlah_proyek":2},{"nama_perusahaan":"NAWAKARA PERKASA NUSANTARA","tambahan_realisasi":0,"jumlah_tki":169,"jumlah_tka":0,"jumlah_proyek":2},{"nama_perusahaan":"ONO KREASI GASINDO","tambahan_realisasi":0,"jumlah_tki":0,"jumlah_tka":0,"jumlah_proyek":2},{"nama_perusahaan":"PAGAR MULYA KARYATAMA","tambahan_realisasi":0,"jumlah_tki":6,"jumlah_tka":0,"jumlah_proyek":4},{"nama_perusahaan":"PELABUHAN BUANA REJA","tambahan_realisasi":0,"jumlah_tki":0,"jumlah_tka":0,"jumlah_proyek":2},{"nama_perusahaan":"PELAYARAN BAHTERA ADHIGUNA","tambahan_realisasi":0,"jumlah_tki":0,"jumlah_tka":0,"jumlah_proyek":1},{"nama_perusahaan":"PERKEBUNAN NUSANTARA IV","tambahan_realisasi":0,"jumlah_tki":0,"jumlah_tka":0,"jumlah_proyek":1},{"nama_perusahaan":"PERUSAHAAN PERSEROAN (PERSERO) PT PELABUHAN INDONESIA DISINGKAT PT PELABUHAN INDONESIA (PERSERO)","tambahan_realisasi":0,"jumlah_tki":0,"jumlah_tka":0,"jumlah_proyek":1},{"nama_perusahaan":"PROFESIONAL TELEKOMUNIKASI INDONESIA","tambahan_realisasi":0,"jumlah_tki":0,"jumlah_tka":0,"jumlah_proyek":8},{"nama_perusahaan":"RASYA PRATAMA MANDIRI","tambahan_realisasi":0,"jumlah_tki":0,"jumlah_tka":0,"jumlah_proyek":38},{"nama_perusahaan":"SAJANG HEULANG","tambahan_realisasi":0,"jumlah_tki":0,"jumlah_tka":0,"jumlah_proyek":8},{"nama_perusahaan":"SALAM PACIFIC INDONESIA LINES","tambahan_realisasi":0,"jumlah_tki":0,"jumlah_tka":0,"jumlah_proyek":1},{"nama_perusahaan":"SAMATOR GAS INDUSTRI","tambahan_realisasi":0,"jumlah_tki":0,"jumlah_tka":0,"jumlah_proyek":1},{"nama_perusahaan":"SAPTAINDRA SEJATI","tambahan_realisasi":0,"jumlah_tki":0,"jumlah_tka":0,"jumlah_proyek":1},{"nama_perusahaan":"SEIA MITRA MANDIRI","tambahan_realisasi":0,"jumlah_tki":0,"jumlah_tka":0,"jumlah_proyek":1},{"nama_perusahaan":"SERASI SHIPPING INDONESIA","tambahan_realisasi":0,"jumlah_tki":0,"jumlah_tka":0,"jumlah_proyek":1},{"nama_perusahaan":"SINAR BINTANG MULIA","tambahan_realisasi":0,"jumlah_tki":0,"jumlah_tka":0,"jumlah_proyek":12},{"nama_perusahaan":"SINAR JAYA KOMUNIKA","tambahan_realisasi":0,"jumlah_tki":0,"jumlah_tka":0,"jumlah_proyek":4},{"nama_perusahaan":"SOLUSI TUNAS PRATAMA","tambahan_realisasi":0,"jumlah_tki":0,"jumlah_tka":0,"jumlah_proyek":7},{"nama_perusahaan":"SUMBER CIPTA MULTINIAGA","tambahan_realisasi":0,"jumlah_tki":0,"jumlah_tka":0,"jumlah_proyek":1},{"nama_perusahaan":"SUNGAI DANAU JAYA","tambahan_realisasi":0,"jumlah_tki":0,"jumlah_tka":0,"jumlah_proyek":3},{"nama_perusahaan":"SUPRIMA MITRA ADIHUSADA","tambahan_realisasi":0,"jumlah_tki":0,"jumlah_tka":0,"jumlah_proyek":2},{"nama_perusahaan":"TATA BUANA KARYA","tambahan_realisasi":0,"jumlah_tki":0,"jumlah_tka":0,"jumlah_proyek":1},{"nama_perusahaan":"TIMUR SATRIA PERKASA","tambahan_realisasi":0,"jumlah_tki":0,"jumlah_tka":0,"jumlah_proyek":1},{"nama_perusahaan":"TOWER BERSAMA","tambahan_realisasi":0,"jumlah_tki":0,"jumlah_tka":0,"jumlah_proyek":5},{"nama_perusahaan":"TUNAS INTI ABADI","tambahan_realisasi":0,"jumlah_tki":0,"jumlah_tka":0,"jumlah_proyek":3},{"nama_perusahaan":"VIJETA BOLA SEMBILAN","tambahan_realisasi":0,"jumlah_tki":7,"jumlah_tka":0,"jumlah_proyek":1},{"nama_perusahaan":"WAHANA KONSTRUKSI MANDIRI","tambahan_realisasi":0,"jumlah_tki":0,"jumlah_tka":0,"jumlah_proyek":17},{"nama_perusahaan":"WIJAYA SUKSES MULYA","tambahan_realisasi":0,"jumlah_tki":0,"jumlah_tka":0,"jumlah_proyek":55},{"nama_perusahaan":"WORLD TERMINALINDO","tambahan_realisasi":0,"jumlah_tki":0,"jumlah_tka":0,"jumlah_proyek":1}],"total":1360565114824}}
DEBUG - 2026-04-15 23:14:24 --> QuarterlyChartService - Total uploads: 1
DEBUG - 2026-04-15 23:14:24 --> QuarterlyChartService - Selected year: all
DEBUG - 2026-04-15 23:14:24 --> Processing upload ID: 166, Status: completed, Year: 2025, Quarter: Q4
DEBUG - 2026-04-15 23:14:24 --> Upload ID 166 - PMA: 2510814837712, PMDN: 1360565114824
DEBUG - 2026-04-15 23:14:24 --> Added to Q4: 3871379952536 (Total now: 3871379952536)
DEBUG - 2026-04-15 23:14:24 --> Final quarterly data before conversion: {"Q1":0,"Q2":0,"Q3":0,"Q4":3871379952536}
DEBUG - 2026-04-15 23:14:24 --> QuarterlyChartService (All Years) - Total uploads: 1
DEBUG - 2026-04-15 23:14:24 --> Initialized year: 2025
DEBUG - 2026-04-15 23:14:24 --> Upload ID 166 - PMA: 2510814837712, PMDN: 1360565114824
DEBUG - 2026-04-15 23:14:24 --> Added to Q4: 3871379952536 (Total now: 3871379952536)
DEBUG - 2026-04-15 23:14:24 --> Yearly quarterly data before conversion: {"2025":{"Q1":0,"Q2":0,"Q3":0,"Q4":3871379952536}}
DEBUG - 2026-04-15 23:14:24 --> QuarterlyChartService (All Years) - Final result: {"2025":{"labels":["Q1","Q2","Q3","Q4"],"values":[0,0,0,3871379952536]}}
WARNING - 2026-04-15 23:15:08 --> [DEPRECATED] ini_set(): session.sid_length INI setting is deprecated in SYSTEMPATH/Session/Handlers/FileHandler.php on line 321.
 1 SYSTEMPATH/Session/Handlers/FileHandler.php(321): ini_set('session.sid_length', '40')
 2 SYSTEMPATH/Session/Handlers/FileHandler.php(85): CodeIgniter\Session\Handlers\FileHandler->configureSessionIDRegex()
 3 SYSTEMPATH/Config/Services.php(697): CodeIgniter\Session\Handlers\FileHandler->__construct(Object(Config\Session), '::1')
 4 SYSTEMPATH/Config/BaseService.php(312): CodeIgniter\Config\Services::session(Object(Config\Session), false)
 5 SYSTEMPATH/Config/BaseService.php(251): CodeIgniter\Config\BaseService::__callStatic('session', [...])
 6 SYSTEMPATH/Config/Services.php(668): CodeIgniter\Config\BaseService::getSharedInstance('session', null)
 7 SYSTEMPATH/Config/BaseService.php(321): CodeIgniter\Config\Services::session()
 8 SYSTEMPATH/Config/BaseService.php(202): CodeIgniter\Config\BaseService::__callStatic('session', [])
 9 SYSTEMPATH/Common.php(998): CodeIgniter\Config\BaseService::get('session')
10 SYSTEMPATH/Common.php(971): service('session')
11 APPPATH/Filters/RoleFilter.php(13): session()
12 SYSTEMPATH/Filters/Filters.php(203): App\Filters\RoleFilter->before(Object(CodeIgniter\HTTP\IncomingRequest), null)
13 SYSTEMPATH/Filters/Filters.php(184): CodeIgniter\Filters\Filters->runBefore([...])
14 SYSTEMPATH/CodeIgniter.php(481): CodeIgniter\Filters\Filters->run('dashboard', 'before')
15 SYSTEMPATH/CodeIgniter.php(355): CodeIgniter\CodeIgniter->handleRequest(null, Object(Config\Cache), false)
16 SYSTEMPATH/Boot.php(325): CodeIgniter\CodeIgniter->run()
17 SYSTEMPATH/Boot.php(67): CodeIgniter\Boot::runCodeIgniter(Object(CodeIgniter\CodeIgniter))
18 FCPATH/index.php(60): CodeIgniter\Boot::bootWeb(Object(Config\Paths))
19 SYSTEMPATH/rewrite.php(44): require_once('/home/Gilang/DPMPTSP/DataInvest/public/index.php')
WARNING - 2026-04-15 23:15:08 --> [DEPRECATED] Return type of CodeIgniter\I18n\TimeTrait::createFromTimestamp(int|float $timestamp) should either be compatible with DateTimeImmutable::createFromTimestamp(int|float $timestamp): static, or the #[\ReturnTypeWillChange] attribute should be used to temporarily suppress the notice in SYSTEMPATH/I18n/TimeTrait.php on line 268.
 1 VENDORPATH/composer/ClassLoader.php(576): include('/home/Gilang/DPMPTSP/DataInvest/system/I18n/Time.php')
 2 VENDORPATH/composer/ClassLoader.php(427): {closure:Composer\Autoload\ClassLoader::initializeIncludeClosure():575}('/home/Gilang/DPMPTSP/DataInvest/vendor/composer/../../system/I18n/Time.php')
 3 SYSTEMPATH/Session/Session.php(193): Composer\Autoload\ClassLoader->loadClass('CodeIgniter\\I18n\\Time')
 4 SYSTEMPATH/Config/Services.php(700): CodeIgniter\Session\Session->__construct(Object(CodeIgniter\Session\Handlers\FileHandler), Object(Config\Session))
 5 SYSTEMPATH/Config/BaseService.php(312): CodeIgniter\Config\Services::session(Object(Config\Session), false)
 6 SYSTEMPATH/Config/BaseService.php(251): CodeIgniter\Config\BaseService::__callStatic('session', [...])
 7 SYSTEMPATH/Config/Services.php(668): CodeIgniter\Config\BaseService::getSharedInstance('session', null)
 8 SYSTEMPATH/Config/BaseService.php(321): CodeIgniter\Config\Services::session()
 9 SYSTEMPATH/Config/BaseService.php(202): CodeIgniter\Config\BaseService::__callStatic('session', [])
10 SYSTEMPATH/Common.php(998): CodeIgniter\Config\BaseService::get('session')
11 SYSTEMPATH/Common.php(971): service('session')
12 APPPATH/Filters/RoleFilter.php(13): session()
13 SYSTEMPATH/Filters/Filters.php(203): App\Filters\RoleFilter->before(Object(CodeIgniter\HTTP\IncomingRequest), null)
14 SYSTEMPATH/Filters/Filters.php(184): CodeIgniter\Filters\Filters->runBefore([...])
15 SYSTEMPATH/CodeIgniter.php(481): CodeIgniter\Filters\Filters->run('dashboard', 'before')
16 SYSTEMPATH/CodeIgniter.php(355): CodeIgniter\CodeIgniter->handleRequest(null, Object(Config\Cache), false)
17 SYSTEMPATH/Boot.php(325): CodeIgniter\CodeIgniter->run()
18 SYSTEMPATH/Boot.php(67): CodeIgniter\Boot::runCodeIgniter(Object(CodeIgniter\CodeIgniter))
19 FCPATH/index.php(60): CodeIgniter\Boot::bootWeb(Object(Config\Paths))
20 SYSTEMPATH/rewrite.php(44): require_once('/home/Gilang/DPMPTSP/DataInvest/public/index.php')
INFO - 2026-04-15 23:15:08 --> Session: Class initialized using 'CodeIgniter\Session\Handlers\FileHandler' driver.
DEBUG - 2026-04-15 23:15:08 --> === getSectorCountByCompany START ===
DEBUG - 2026-04-15 23:15:08 --> Upload ID: {"jenis_investasi":"PMA"}
DEBUG - 2026-04-15 23:15:08 --> Filters: []
DEBUG - 2026-04-15 23:15:08 --> PMA records found: 0
DEBUG - 2026-04-15 23:15:08 --> PMDN records found: 0
DEBUG - 2026-04-15 23:15:08 --> === getSectorCountByCompany END ===
DEBUG - 2026-04-15 23:15:08 --> === getSectorCountByCompany START ===
DEBUG - 2026-04-15 23:15:08 --> Upload ID: {"jenis_investasi":"PMDN"}
DEBUG - 2026-04-15 23:15:08 --> Filters: []
DEBUG - 2026-04-15 23:15:08 --> PMA records found: 0
DEBUG - 2026-04-15 23:15:08 --> PMDN records found: 0
DEBUG - 2026-04-15 23:15:08 --> === getSectorCountByCompany END ===
DEBUG - 2026-04-15 23:15:08 --> === getSectorCountByCompany START ===
DEBUG - 2026-04-15 23:15:08 --> Upload ID: 166
DEBUG - 2026-04-15 23:15:08 --> Filters: []
DEBUG - 2026-04-15 23:15:08 --> PMA records found: 10
DEBUG - 2026-04-15 23:15:08 --> PMDN records found: 128
DEBUG - 2026-04-15 23:15:08 --> === getSectorCountByCompany END ===
DEBUG - 2026-04-15 23:15:08 --> Sector count in DashboardService: {"PMA":{"data":[{"nama_perusahaan":"TRANSCOAL MINERGY","tambahan_realisasi":2255862677068,"jumlah_tki":18,"jumlah_tka":41,"jumlah_proyek":4},{"nama_perusahaan":"ANUGERAH BAROKAH CAKRAWALA","tambahan_realisasi":142647000000,"jumlah_tki":0,"jumlah_tka":0,"jumlah_proyek":6},{"nama_perusahaan":"ANUGERAH BAROKAH ENERGI BARU","tambahan_realisasi":95321760000,"jumlah_tki":0,"jumlah_tka":4,"jumlah_proyek":1},{"nama_perusahaan":"THIESS CONTRACTORS INDONESIA","tambahan_realisasi":15696536959,"jumlah_tki":0,"jumlah_tka":0,"jumlah_proyek":2},{"nama_perusahaan":"YIWAN MINING","tambahan_realisasi":1285213685,"jumlah_tki":20,"jumlah_tka":0,"jumlah_proyek":1},{"nama_perusahaan":"MERATUS HYDRO POWER","tambahan_realisasi":1650000,"jumlah_tki":0,"jumlah_tka":0,"jumlah_proyek":1},{"nama_perusahaan":"CAHAYA ANUGRAH SARANA CATERING","tambahan_realisasi":0,"jumlah_tki":0,"jumlah_tka":0,"jumlah_proyek":2},{"nama_perusahaan":"JAYA MANDIRI SUKSES","tambahan_realisasi":0,"jumlah_tki":0,"jumlah_tka":0,"jumlah_proyek":1},{"nama_perusahaan":"MITRA SETIA TANAH BUMBU","tambahan_realisasi":0,"jumlah_tki":0,"jumlah_tka":0,"jumlah_proyek":1},{"nama_perusahaan":"VKS DRILLTEK INDO","tambahan_realisasi":0,"jumlah_tki":0,"jumlah_tka":0,"jumlah_proyek":1}],"total":2510814837712},"PMDN":{"data":[{"nama_perusahaan":"PUTRA PERKASA ABADI","tambahan_realisasi":440891512970,"jumlah_tki":561,"jumlah_tka":0,"jumlah_proyek":3},{"nama_perusahaan":"DUA SAMUDERA PERKASA","tambahan_realisasi":338553745351,"jumlah_tki":24,"jumlah_tka":0,"jumlah_proyek":3},{"nama_perusahaan":"BORNEO INDOBARA","tambahan_realisasi":148300672954,"jumlah_tki":6,"jumlah_tka":0,"jumlah_proyek":34},{"nama_perusahaan":"JHONLIN AGRO RAYA Tbk","tambahan_realisasi":139466902491,"jumlah_tki":232,"jumlah_tka":0,"jumlah_proyek":2},{"nama_perusahaan":"JHONLIN AGRO LESTARI","tambahan_realisasi":94555509589,"jumlah_tki":232,"jumlah_tka":0,"jumlah_proyek":1},{"nama_perusahaan":"KODECO AGROJAYA MANDIRI","tambahan_realisasi":70231563086,"jumlah_tki":102,"jumlah_tka":0,"jumlah_proyek":4},{"nama_perusahaan":"MAMING PROPERTI BATULICIN","tambahan_realisasi":37142843910,"jumlah_tki":0,"jumlah_tka":0,"jumlah_proyek":1},{"nama_perusahaan":"REZKI BATULICIN TRANSPORT","tambahan_realisasi":34928037100,"jumlah_tki":0,"jumlah_tka":0,"jumlah_proyek":4},{"nama_perusahaan":"WAHANA BARATAMA MINING","tambahan_realisasi":16950602545,"jumlah_tki":0,"jumlah_tka":0,"jumlah_proyek":1},{"nama_perusahaan":"TANAH BUMBU RESOURCES","tambahan_realisasi":10680308978,"jumlah_tki":0,"jumlah_tka":0,"jumlah_proyek":2},{"nama_perusahaan":"ROYAN BATU PERKASA","tambahan_realisasi":4713540028,"jumlah_tki":0,"jumlah_tka":0,"jumlah_proyek":1},{"nama_perusahaan":"SANGGAR SARANA BAJA","tambahan_realisasi":4021566350,"jumlah_tki":0,"jumlah_tka":0,"jumlah_proyek":1},{"nama_perusahaan":"ANZAWARA SATRIA","tambahan_realisasi":3444811501,"jumlah_tki":71,"jumlah_tka":0,"jumlah_proyek":1},{"nama_perusahaan":"UDANG MARIANI ENAM SEMBILAN","tambahan_realisasi":3247293086,"jumlah_tki":0,"jumlah_tka":0,"jumlah_proyek":2},{"nama_perusahaan":"DAYA INDAH ANDALAN","tambahan_realisasi":3235902840,"jumlah_tki":0,"jumlah_tka":0,"jumlah_proyek":2},{"nama_perusahaan":"UNITED TRACTORS","tambahan_realisasi":2340774700,"jumlah_tki":0,"jumlah_tka":0,"jumlah_proyek":36},{"nama_perusahaan":"PERUSAHAAN PERSEROAN (PERSERO) PT SUPERINTENDING COMPANY OF INDONESIA","tambahan_realisasi":1756200000,"jumlah_tki":0,"jumlah_tka":0,"jumlah_proyek":1},{"nama_perusahaan":"RAYANE BATULICIN TRANSPORT","tambahan_realisasi":1022146463,"jumlah_tki":0,"jumlah_tka":0,"jumlah_proyek":2},{"nama_perusahaan":"PINUS MERAH ABADI","tambahan_realisasi":879000000,"jumlah_tki":0,"jumlah_tka":0,"jumlah_proyek":1},{"nama_perusahaan":"BATULICIN BUMI BERSUJUD","tambahan_realisasi":650802919,"jumlah_tki":0,"jumlah_tka":0,"jumlah_proyek":2},{"nama_perusahaan":"AXIS PRATAMA INDONESIA","tambahan_realisasi":607779311,"jumlah_tki":0,"jumlah_tka":0,"jumlah_proyek":4},{"nama_perusahaan":"TIRTAKENCANA TATAWARNA","tambahan_realisasi":452171699,"jumlah_tki":0,"jumlah_tka":0,"jumlah_proyek":6},{"nama_perusahaan":"GRAND DUTA BORNEO","tambahan_realisasi":416150282,"jumlah_tki":0,"jumlah_tka":0,"jumlah_proyek":2},{"nama_perusahaan":"KARYA ABIDIN BERSAMA","tambahan_realisasi":300000000,"jumlah_tki":0,"jumlah_tka":0,"jumlah_proyek":2},{"nama_perusahaan":"MANDIRI AMAN SEKAWAN","tambahan_realisasi":200000000,"jumlah_tki":0,"jumlah_tka":0,"jumlah_proyek":40},{"nama_perusahaan":"KHARISMA KAISAR BATULICIN","tambahan_realisasi":191200000,"jumlah_tki":10,"jumlah_tka":0,"jumlah_proyek":5},{"nama_perusahaan":"MANDIRI AMAN SEJAHTERA","tambahan_realisasi":180000000,"jumlah_tki":0,"jumlah_tka":0,"jumlah_proyek":53},{"nama_perusahaan":"TRAKINDO UTAMA","tambahan_realisasi":171000000,"jumlah_tki":0,"jumlah_tka":0,"jumlah_proyek":2},{"nama_perusahaan":"SUMBER ALFARIA TRIJAYA","tambahan_realisasi":157939807,"jumlah_tki":0,"jumlah_tka":0,"jumlah_proyek":20},{"nama_perusahaan":"INDOMARCO PRISMATAMA","tambahan_realisasi":112630733,"jumlah_tki":0,"jumlah_tka":0,"jumlah_proyek":7},{"nama_perusahaan":"SUMBERDAYA SEWATAMA","tambahan_realisasi":110000000,"jumlah_tki":0,"jumlah_tka":0,"jumlah_proyek":1},{"nama_perusahaan":"JEMBATAN NUSANTARA","tambahan_realisasi":100000000,"jumlah_tki":0,"jumlah_tka":0,"jumlah_proyek":1},{"nama_perusahaan":"REFANGGA JAYA LAND","tambahan_realisasi":100000000,"jumlah_tki":0,"jumlah_tka":0,"jumlah_proyek":9},{"nama_perusahaan":"SILIKA MITRA PERKASA","tambahan_realisasi":80416667,"jumlah_tki":0,"jumlah_tka":0,"jumlah_proyek":1},{"nama_perusahaan":"SINARNIAGA SEJAHTERA","tambahan_realisasi":80324472,"jumlah_tki":0,"jumlah_tka":0,"jumlah_proyek":1},{"nama_perusahaan":"BATU GUNUNG DELAPAN ENAM","tambahan_realisasi":80208333,"jumlah_tki":0,"jumlah_tka":0,"jumlah_proyek":1},{"nama_perusahaan":"ASDP INDONESIA FERRY","tambahan_realisasi":64500000,"jumlah_tki":1,"jumlah_tka":0,"jumlah_proyek":2},{"nama_perusahaan":"WARGI SANTOSA","tambahan_realisasi":50000000,"jumlah_tki":0,"jumlah_tka":0,"jumlah_proyek":10},{"nama_perusahaan":"FAST FOOD INDONESIA","tambahan_realisasi":31596660,"jumlah_tki":22,"jumlah_tka":0,"jumlah_proyek":1},{"nama_perusahaan":"BUMI NUSA PALAPA","tambahan_realisasi":30024236,"jumlah_tki":0,"jumlah_tka":0,"jumlah_proyek":1},{"nama_perusahaan":"PESTA PORA ABADI","tambahan_realisasi":16446200,"jumlah_tki":88,"jumlah_tka":0,"jumlah_proyek":3},{"nama_perusahaan":"NUSANTARA BATULICIN","tambahan_realisasi":12000000,"jumlah_tki":0,"jumlah_tka":0,"jumlah_proyek":1},{"nama_perusahaan":"TUNAS TIMUR","tambahan_realisasi":2450000,"jumlah_tki":0,"jumlah_tka":0,"jumlah_proyek":2},{"nama_perusahaan":"SUMBER BERLIAN MOTORS","tambahan_realisasi":1364000,"jumlah_tki":0,"jumlah_tka":0,"jumlah_proyek":2},{"nama_perusahaan":"SENTRA AGRO SUMBER RAYA","tambahan_realisasi":1250000,"jumlah_tki":0,"jumlah_tka":0,"jumlah_proyek":3},{"nama_perusahaan":"DAYA INDAH YASA","tambahan_realisasi":1010873,"jumlah_tki":0,"jumlah_tka":0,"jumlah_proyek":1},{"nama_perusahaan":"GEMA TAMBANG NUSANTARA","tambahan_realisasi":568744,"jumlah_tki":0,"jumlah_tka":0,"jumlah_proyek":1},{"nama_perusahaan":"ADIDAYA AKBAR BERKARYA","tambahan_realisasi":345946,"jumlah_tki":3,"jumlah_tka":0,"jumlah_proyek":3},{"nama_perusahaan":"ADISURYA CIPTA LESTARI","tambahan_realisasi":0,"jumlah_tki":0,"jumlah_tka":0,"jumlah_proyek":3},{"nama_perusahaan":"AMANAH PUTRA BORNEO","tambahan_realisasi":0,"jumlah_tki":0,"jumlah_tka":0,"jumlah_proyek":2},{"nama_perusahaan":"ANDIFA KHARISMA BORNEO PRATAMA","tambahan_realisasi":0,"jumlah_tki":9,"jumlah_tka":0,"jumlah_proyek":7},{"nama_perusahaan":"ANDIFA NUSA SAMUDERA","tambahan_realisasi":0,"jumlah_tki":9,"jumlah_tka":0,"jumlah_proyek":5},{"nama_perusahaan":"ANDIFA PERKASA ENERGI","tambahan_realisasi":0,"jumlah_tki":0,"jumlah_tka":0,"jumlah_proyek":3},{"nama_perusahaan":"ANGSANA JAYA ENERGI","tambahan_realisasi":0,"jumlah_tki":0,"jumlah_tka":0,"jumlah_proyek":1},{"nama_perusahaan":"ANINDYA WIRAPUTRA KONSULT","tambahan_realisasi":0,"jumlah_tki":0,"jumlah_tka":0,"jumlah_proyek":3},{"nama_perusahaan":"ARUTMIN INDONESIA","tambahan_realisasi":0,"jumlah_tki":0,"jumlah_tka":0,"jumlah_proyek":7},{"nama_perusahaan":"BANDAR INDO RAYA","tambahan_realisasi":0,"jumlah_tki":0,"jumlah_tka":0,"jumlah_proyek":1},{"nama_perusahaan":"BANGUN ARTA HUTAMA","tambahan_realisasi":0,"jumlah_tki":0,"jumlah_tka":0,"jumlah_proyek":9},{"nama_perusahaan":"BARA ASIA COALTRADE","tambahan_realisasi":0,"jumlah_tki":0,"jumlah_tka":0,"jumlah_proyek":1},{"nama_perusahaan":"BATULICIN ENAM SEMBILAN","tambahan_realisasi":0,"jumlah_tki":0,"jumlah_tka":0,"jumlah_proyek":1},{"nama_perusahaan":"BATULICIN ENAM SEMBILAN PELABUHAN","tambahan_realisasi":0,"jumlah_tki":0,"jumlah_tka":0,"jumlah_proyek":1},{"nama_perusahaan":"BATULICIN ENAM SEMBILAN PERTAMBANGAN","tambahan_realisasi":0,"jumlah_tki":0,"jumlah_tka":0,"jumlah_proyek":2},{"nama_perusahaan":"BATULICIN ENAM SEMBILAN TRANSPORTASI","tambahan_realisasi":0,"jumlah_tki":0,"jumlah_tka":0,"jumlah_proyek":1},{"nama_perusahaan":"BATULICIN NUSANTARA MARITIM","tambahan_realisasi":0,"jumlah_tki":0,"jumlah_tka":0,"jumlah_proyek":1},{"nama_perusahaan":"BAYAN RESOURCES","tambahan_realisasi":0,"jumlah_tki":0,"jumlah_tka":0,"jumlah_proyek":2},{"nama_perusahaan":"BINA BATULICIN USAHA","tambahan_realisasi":0,"jumlah_tki":0,"jumlah_tka":0,"jumlah_proyek":1},{"nama_perusahaan":"BINA INDO RAYA","tambahan_realisasi":0,"jumlah_tki":0,"jumlah_tka":0,"jumlah_proyek":1},{"nama_perusahaan":"BINA KARYA PUTRA BATULICIN","tambahan_realisasi":0,"jumlah_tki":0,"jumlah_tka":0,"jumlah_proyek":1},{"nama_perusahaan":"BINA USAHA BATULICIN","tambahan_realisasi":0,"jumlah_tki":0,"jumlah_tka":0,"jumlah_proyek":4},{"nama_perusahaan":"BORNEO MITRA BARATAMA","tambahan_realisasi":0,"jumlah_tki":0,"jumlah_tka":0,"jumlah_proyek":1},{"nama_perusahaan":"BORNEO PALM PLANTATION","tambahan_realisasi":0,"jumlah_tki":0,"jumlah_tka":0,"jumlah_proyek":2},{"nama_perusahaan":"BUANA RINDANG LESTARI","tambahan_realisasi":0,"jumlah_tki":1,"jumlah_tka":0,"jumlah_proyek":4},{"nama_perusahaan":"BUKIT MAKMUR MANDIRI UTAMA","tambahan_realisasi":0,"jumlah_tki":0,"jumlah_tka":0,"jumlah_proyek":1},{"nama_perusahaan":"CAKRAWALA LANGIT SEJAHTERA","tambahan_realisasi":0,"jumlah_tki":0,"jumlah_tka":0,"jumlah_proyek":1},{"nama_perusahaan":"CIPTA KRIDA BAHARI","tambahan_realisasi":0,"jumlah_tki":0,"jumlah_tka":0,"jumlah_proyek":2},{"nama_perusahaan":"CIPTA KRIDATAMA","tambahan_realisasi":0,"jumlah_tki":0,"jumlah_tka":0,"jumlah_proyek":2},{"nama_perusahaan":"CMP MOTOR SPORT","tambahan_realisasi":0,"jumlah_tki":0,"jumlah_tka":0,"jumlah_proyek":3},{"nama_perusahaan":"DARMA HENWA","tambahan_realisasi":0,"jumlah_tki":0,"jumlah_tka":0,"jumlah_proyek":2},{"nama_perusahaan":"DAYA ENERGI TEKNIK","tambahan_realisasi":0,"jumlah_tki":4,"jumlah_tka":0,"jumlah_proyek":3},{"nama_perusahaan":"DELTA GARDA PERSADA","tambahan_realisasi":0,"jumlah_tki":0,"jumlah_tka":0,"jumlah_proyek":1},{"nama_perusahaan":"DIANTA DAYA EMBARA","tambahan_realisasi":0,"jumlah_tki":0,"jumlah_tka":0,"jumlah_proyek":3},{"nama_perusahaan":"DUA KOTA LAUT","tambahan_realisasi":0,"jumlah_tki":0,"jumlah_tka":0,"jumlah_proyek":1},{"nama_perusahaan":"ENAM SEMBILAN NIAGA NIKEL","tambahan_realisasi":0,"jumlah_tki":0,"jumlah_tka":0,"jumlah_proyek":1},{"nama_perusahaan":"ENAM SEMBILAN TRADING BATUBARA","tambahan_realisasi":0,"jumlah_tki":0,"jumlah_tka":0,"jumlah_proyek":1},{"nama_perusahaan":"GARUDA WISNU AMERTA","tambahan_realisasi":0,"jumlah_tki":0,"jumlah_tka":0,"jumlah_proyek":1},{"nama_perusahaan":"GUNUNG MAYANG STONE","tambahan_realisasi":0,"jumlah_tki":0,"jumlah_tka":0,"jumlah_proyek":1},{"nama_perusahaan":"HAJI MAMING PELABUHAN","tambahan_realisasi":0,"jumlah_tki":0,"jumlah_tka":0,"jumlah_proyek":1},{"nama_perusahaan":"HALONG JAYA BERGETAR","tambahan_realisasi":0,"jumlah_tki":0,"jumlah_tka":0,"jumlah_proyek":1},{"nama_perusahaan":"JHONLIN AGRO MANDIRI","tambahan_realisasi":0,"jumlah_tki":0,"jumlah_tka":0,"jumlah_proyek":1},{"nama_perusahaan":"KRIDA CIPTA SATYA","tambahan_realisasi":0,"jumlah_tki":0,"jumlah_tka":0,"jumlah_proyek":3},{"nama_perusahaan":"LADANGRUMPUN SUBURABADI","tambahan_realisasi":0,"jumlah_tki":0,"jumlah_tka":0,"jumlah_proyek":8},{"nama_perusahaan":"LINTAS FORTUNA NUSANTARA","tambahan_realisasi":0,"jumlah_tki":0,"jumlah_tka":0,"jumlah_proyek":1},{"nama_perusahaan":"MAMING ENAM SEMBILAN","tambahan_realisasi":0,"jumlah_tki":0,"jumlah_tka":0,"jumlah_proyek":1},{"nama_perusahaan":"MENARA ANGKASA SEMESTA","tambahan_realisasi":0,"jumlah_tki":0,"jumlah_tka":0,"jumlah_proyek":6},{"nama_perusahaan":"MERATUS JAYA IRON & STEEL","tambahan_realisasi":0,"jumlah_tki":0,"jumlah_tka":0,"jumlah_proyek":1},{"nama_perusahaan":"MITRA JASA SEBAMBAN UTAMA","tambahan_realisasi":0,"jumlah_tki":2,"jumlah_tka":0,"jumlah_proyek":3},{"nama_perusahaan":"MITRA SEHAT CARE","tambahan_realisasi":0,"jumlah_tki":1,"jumlah_tka":0,"jumlah_proyek":1},{"nama_perusahaan":"MITRAJAYA ABADI BERSAMA","tambahan_realisasi":0,"jumlah_tki":0,"jumlah_tka":0,"jumlah_proyek":2},{"nama_perusahaan":"NAGATA BIO ENERGI","tambahan_realisasi":0,"jumlah_tki":0,"jumlah_tka":0,"jumlah_proyek":2},{"nama_perusahaan":"NAWAKARA PERKASA NUSANTARA","tambahan_realisasi":0,"jumlah_tki":169,"jumlah_tka":0,"jumlah_proyek":2},{"nama_perusahaan":"ONO KREASI GASINDO","tambahan_realisasi":0,"jumlah_tki":0,"jumlah_tka":0,"jumlah_proyek":2},{"nama_perusahaan":"PAGAR MULYA KARYATAMA","tambahan_realisasi":0,"jumlah_tki":6,"jumlah_tka":0,"jumlah_proyek":4},{"nama_perusahaan":"PELABUHAN BUANA REJA","tambahan_realisasi":0,"jumlah_tki":0,"jumlah_tka":0,"jumlah_proyek":2},{"nama_perusahaan":"PELAYARAN BAHTERA ADHIGUNA","tambahan_realisasi":0,"jumlah_tki":0,"jumlah_tka":0,"jumlah_proyek":1},{"nama_perusahaan":"PERKEBUNAN NUSANTARA IV","tambahan_realisasi":0,"jumlah_tki":0,"jumlah_tka":0,"jumlah_proyek":1},{"nama_perusahaan":"PERUSAHAAN PERSEROAN (PERSERO) PT PELABUHAN INDONESIA DISINGKAT PT PELABUHAN INDONESIA (PERSERO)","tambahan_realisasi":0,"jumlah_tki":0,"jumlah_tka":0,"jumlah_proyek":1},{"nama_perusahaan":"PROFESIONAL TELEKOMUNIKASI INDONESIA","tambahan_realisasi":0,"jumlah_tki":0,"jumlah_tka":0,"jumlah_proyek":8},{"nama_perusahaan":"RASYA PRATAMA MANDIRI","tambahan_realisasi":0,"jumlah_tki":0,"jumlah_tka":0,"jumlah_proyek":38},{"nama_perusahaan":"SAJANG HEULANG","tambahan_realisasi":0,"jumlah_tki":0,"jumlah_tka":0,"jumlah_proyek":8},{"nama_perusahaan":"SALAM PACIFIC INDONESIA LINES","tambahan_realisasi":0,"jumlah_tki":0,"jumlah_tka":0,"jumlah_proyek":1},{"nama_perusahaan":"SAMATOR GAS INDUSTRI","tambahan_realisasi":0,"jumlah_tki":0,"jumlah_tka":0,"jumlah_proyek":1},{"nama_perusahaan":"SAPTAINDRA SEJATI","tambahan_realisasi":0,"jumlah_tki":0,"jumlah_tka":0,"jumlah_proyek":1},{"nama_perusahaan":"SEIA MITRA MANDIRI","tambahan_realisasi":0,"jumlah_tki":0,"jumlah_tka":0,"jumlah_proyek":1},{"nama_perusahaan":"SERASI SHIPPING INDONESIA","tambahan_realisasi":0,"jumlah_tki":0,"jumlah_tka":0,"jumlah_proyek":1},{"nama_perusahaan":"SINAR BINTANG MULIA","tambahan_realisasi":0,"jumlah_tki":0,"jumlah_tka":0,"jumlah_proyek":12},{"nama_perusahaan":"SINAR JAYA KOMUNIKA","tambahan_realisasi":0,"jumlah_tki":0,"jumlah_tka":0,"jumlah_proyek":4},{"nama_perusahaan":"SOLUSI TUNAS PRATAMA","tambahan_realisasi":0,"jumlah_tki":0,"jumlah_tka":0,"jumlah_proyek":7},{"nama_perusahaan":"SUMBER CIPTA MULTINIAGA","tambahan_realisasi":0,"jumlah_tki":0,"jumlah_tka":0,"jumlah_proyek":1},{"nama_perusahaan":"SUNGAI DANAU JAYA","tambahan_realisasi":0,"jumlah_tki":0,"jumlah_tka":0,"jumlah_proyek":3},{"nama_perusahaan":"SUPRIMA MITRA ADIHUSADA","tambahan_realisasi":0,"jumlah_tki":0,"jumlah_tka":0,"jumlah_proyek":2},{"nama_perusahaan":"TATA BUANA KARYA","tambahan_realisasi":0,"jumlah_tki":0,"jumlah_tka":0,"jumlah_proyek":1},{"nama_perusahaan":"TIMUR SATRIA PERKASA","tambahan_realisasi":0,"jumlah_tki":0,"jumlah_tka":0,"jumlah_proyek":1},{"nama_perusahaan":"TOWER BERSAMA","tambahan_realisasi":0,"jumlah_tki":0,"jumlah_tka":0,"jumlah_proyek":5},{"nama_perusahaan":"TUNAS INTI ABADI","tambahan_realisasi":0,"jumlah_tki":0,"jumlah_tka":0,"jumlah_proyek":3},{"nama_perusahaan":"VIJETA BOLA SEMBILAN","tambahan_realisasi":0,"jumlah_tki":7,"jumlah_tka":0,"jumlah_proyek":1},{"nama_perusahaan":"WAHANA KONSTRUKSI MANDIRI","tambahan_realisasi":0,"jumlah_tki":0,"jumlah_tka":0,"jumlah_proyek":17},{"nama_perusahaan":"WIJAYA SUKSES MULYA","tambahan_realisasi":0,"jumlah_tki":0,"jumlah_tka":0,"jumlah_proyek":55},{"nama_perusahaan":"WORLD TERMINALINDO","tambahan_realisasi":0,"jumlah_tki":0,"jumlah_tka":0,"jumlah_proyek":1}],"total":1360565114824}}
DEBUG - 2026-04-15 23:15:08 --> QuarterlyChartService - Total uploads: 1
DEBUG - 2026-04-15 23:15:08 --> QuarterlyChartService - Selected year: all
DEBUG - 2026-04-15 23:15:08 --> Processing upload ID: 166, Status: completed, Year: 2025, Quarter: Q4
DEBUG - 2026-04-15 23:15:08 --> Upload ID 166 - PMA: 2510814837712, PMDN: 1360565114824
DEBUG - 2026-04-15 23:15:08 --> Added to Q4: 3871379952536 (Total now: 3871379952536)
DEBUG - 2026-04-15 23:15:08 --> Final quarterly data before conversion: {"Q1":0,"Q2":0,"Q3":0,"Q4":3871379952536}
DEBUG - 2026-04-15 23:15:08 --> QuarterlyChartService (All Years) - Total uploads: 1
DEBUG - 2026-04-15 23:15:08 --> Initialized year: 2025
DEBUG - 2026-04-15 23:15:08 --> Upload ID 166 - PMA: 2510814837712, PMDN: 1360565114824
DEBUG - 2026-04-15 23:15:08 --> Added to Q4: 3871379952536 (Total now: 3871379952536)
DEBUG - 2026-04-15 23:15:08 --> Yearly quarterly data before conversion: {"2025":{"Q1":0,"Q2":0,"Q3":0,"Q4":3871379952536}}
DEBUG - 2026-04-15 23:15:08 --> QuarterlyChartService (All Years) - Final result: {"2025":{"labels":["Q1","Q2","Q3","Q4"],"values":[0,0,0,3871379952536]}}
WARNING - 2026-04-15 23:15:35 --> [DEPRECATED] ini_set(): session.sid_length INI setting is deprecated in SYSTEMPATH/Session/Handlers/FileHandler.php on line 321.
 1 SYSTEMPATH/Session/Handlers/FileHandler.php(321): ini_set('session.sid_length', '40')
 2 SYSTEMPATH/Session/Handlers/FileHandler.php(85): CodeIgniter\Session\Handlers\FileHandler->configureSessionIDRegex()
 3 SYSTEMPATH/Config/Services.php(697): CodeIgniter\Session\Handlers\FileHandler->__construct(Object(Config\Session), '::1')
 4 SYSTEMPATH/Config/BaseService.php(312): CodeIgniter\Config\Services::session(Object(Config\Session), false)
 5 SYSTEMPATH/Config/BaseService.php(251): CodeIgniter\Config\BaseService::__callStatic('session', [...])
 6 SYSTEMPATH/Config/Services.php(668): CodeIgniter\Config\BaseService::getSharedInstance('session', null)
 7 SYSTEMPATH/Config/BaseService.php(321): CodeIgniter\Config\Services::session()
 8 SYSTEMPATH/Config/BaseService.php(202): CodeIgniter\Config\BaseService::__callStatic('session', [])
 9 SYSTEMPATH/Common.php(998): CodeIgniter\Config\BaseService::get('session')
10 SYSTEMPATH/Common.php(971): service('session')
11 APPPATH/Filters/RoleFilter.php(13): session()
12 SYSTEMPATH/Filters/Filters.php(203): App\Filters\RoleFilter->before(Object(CodeIgniter\HTTP\IncomingRequest), null)
13 SYSTEMPATH/Filters/Filters.php(184): CodeIgniter\Filters\Filters->runBefore([...])
14 SYSTEMPATH/CodeIgniter.php(481): CodeIgniter\Filters\Filters->run('dashboard', 'before')
15 SYSTEMPATH/CodeIgniter.php(355): CodeIgniter\CodeIgniter->handleRequest(null, Object(Config\Cache), false)
16 SYSTEMPATH/Boot.php(325): CodeIgniter\CodeIgniter->run()
17 SYSTEMPATH/Boot.php(67): CodeIgniter\Boot::runCodeIgniter(Object(CodeIgniter\CodeIgniter))
18 FCPATH/index.php(60): CodeIgniter\Boot::bootWeb(Object(Config\Paths))
19 SYSTEMPATH/rewrite.php(44): require_once('/home/Gilang/DPMPTSP/DataInvest/public/index.php')
WARNING - 2026-04-15 23:15:35 --> [DEPRECATED] Return type of CodeIgniter\I18n\TimeTrait::createFromTimestamp(int|float $timestamp) should either be compatible with DateTimeImmutable::createFromTimestamp(int|float $timestamp): static, or the #[\ReturnTypeWillChange] attribute should be used to temporarily suppress the notice in SYSTEMPATH/I18n/TimeTrait.php on line 268.
 1 VENDORPATH/composer/ClassLoader.php(576): include('/home/Gilang/DPMPTSP/DataInvest/system/I18n/Time.php')
 2 VENDORPATH/composer/ClassLoader.php(427): {closure:Composer\Autoload\ClassLoader::initializeIncludeClosure():575}('/home/Gilang/DPMPTSP/DataInvest/vendor/composer/../../system/I18n/Time.php')
 3 SYSTEMPATH/Session/Session.php(193): Composer\Autoload\ClassLoader->loadClass('CodeIgniter\\I18n\\Time')
 4 SYSTEMPATH/Config/Services.php(700): CodeIgniter\Session\Session->__construct(Object(CodeIgniter\Session\Handlers\FileHandler), Object(Config\Session))
 5 SYSTEMPATH/Config/BaseService.php(312): CodeIgniter\Config\Services::session(Object(Config\Session), false)
 6 SYSTEMPATH/Config/BaseService.php(251): CodeIgniter\Config\BaseService::__callStatic('session', [...])
 7 SYSTEMPATH/Config/Services.php(668): CodeIgniter\Config\BaseService::getSharedInstance('session', null)
 8 SYSTEMPATH/Config/BaseService.php(321): CodeIgniter\Config\Services::session()
 9 SYSTEMPATH/Config/BaseService.php(202): CodeIgniter\Config\BaseService::__callStatic('session', [])
10 SYSTEMPATH/Common.php(998): CodeIgniter\Config\BaseService::get('session')
11 SYSTEMPATH/Common.php(971): service('session')
12 APPPATH/Filters/RoleFilter.php(13): session()
13 SYSTEMPATH/Filters/Filters.php(203): App\Filters\RoleFilter->before(Object(CodeIgniter\HTTP\IncomingRequest), null)
14 SYSTEMPATH/Filters/Filters.php(184): CodeIgniter\Filters\Filters->runBefore([...])
15 SYSTEMPATH/CodeIgniter.php(481): CodeIgniter\Filters\Filters->run('dashboard', 'before')
16 SYSTEMPATH/CodeIgniter.php(355): CodeIgniter\CodeIgniter->handleRequest(null, Object(Config\Cache), false)
17 SYSTEMPATH/Boot.php(325): CodeIgniter\CodeIgniter->run()
18 SYSTEMPATH/Boot.php(67): CodeIgniter\Boot::runCodeIgniter(Object(CodeIgniter\CodeIgniter))
19 FCPATH/index.php(60): CodeIgniter\Boot::bootWeb(Object(Config\Paths))
20 SYSTEMPATH/rewrite.php(44): require_once('/home/Gilang/DPMPTSP/DataInvest/public/index.php')
INFO - 2026-04-15 23:15:35 --> Session: Class initialized using 'CodeIgniter\Session\Handlers\FileHandler' driver.
DEBUG - 2026-04-15 23:15:35 --> === getSectorCountByCompany START ===
DEBUG - 2026-04-15 23:15:35 --> Upload ID: {"jenis_investasi":"PMA"}
DEBUG - 2026-04-15 23:15:35 --> Filters: []
DEBUG - 2026-04-15 23:15:35 --> PMA records found: 0
DEBUG - 2026-04-15 23:15:35 --> PMDN records found: 0
DEBUG - 2026-04-15 23:15:35 --> === getSectorCountByCompany END ===
DEBUG - 2026-04-15 23:15:35 --> === getSectorCountByCompany START ===
DEBUG - 2026-04-15 23:15:35 --> Upload ID: {"jenis_investasi":"PMDN"}
DEBUG - 2026-04-15 23:15:35 --> Filters: []
DEBUG - 2026-04-15 23:15:35 --> PMA records found: 0
DEBUG - 2026-04-15 23:15:35 --> PMDN records found: 0
DEBUG - 2026-04-15 23:15:35 --> === getSectorCountByCompany END ===
DEBUG - 2026-04-15 23:15:35 --> === getSectorCountByCompany START ===
DEBUG - 2026-04-15 23:15:35 --> Upload ID: 166
DEBUG - 2026-04-15 23:15:35 --> Filters: []
DEBUG - 2026-04-15 23:15:35 --> PMA records found: 10
DEBUG - 2026-04-15 23:15:35 --> PMDN records found: 128
DEBUG - 2026-04-15 23:15:35 --> === getSectorCountByCompany END ===
DEBUG - 2026-04-15 23:15:35 --> Sector count in DashboardService: {"PMA":{"data":[{"nama_perusahaan":"TRANSCOAL MINERGY","tambahan_realisasi":2255862677068,"jumlah_tki":18,"jumlah_tka":41,"jumlah_proyek":4},{"nama_perusahaan":"ANUGERAH BAROKAH CAKRAWALA","tambahan_realisasi":142647000000,"jumlah_tki":0,"jumlah_tka":0,"jumlah_proyek":6},{"nama_perusahaan":"ANUGERAH BAROKAH ENERGI BARU","tambahan_realisasi":95321760000,"jumlah_tki":0,"jumlah_tka":4,"jumlah_proyek":1},{"nama_perusahaan":"THIESS CONTRACTORS INDONESIA","tambahan_realisasi":15696536959,"jumlah_tki":0,"jumlah_tka":0,"jumlah_proyek":2},{"nama_perusahaan":"YIWAN MINING","tambahan_realisasi":1285213685,"jumlah_tki":20,"jumlah_tka":0,"jumlah_proyek":1},{"nama_perusahaan":"MERATUS HYDRO POWER","tambahan_realisasi":1650000,"jumlah_tki":0,"jumlah_tka":0,"jumlah_proyek":1},{"nama_perusahaan":"CAHAYA ANUGRAH SARANA CATERING","tambahan_realisasi":0,"jumlah_tki":0,"jumlah_tka":0,"jumlah_proyek":2},{"nama_perusahaan":"JAYA MANDIRI SUKSES","tambahan_realisasi":0,"jumlah_tki":0,"jumlah_tka":0,"jumlah_proyek":1},{"nama_perusahaan":"MITRA SETIA TANAH BUMBU","tambahan_realisasi":0,"jumlah_tki":0,"jumlah_tka":0,"jumlah_proyek":1},{"nama_perusahaan":"VKS DRILLTEK INDO","tambahan_realisasi":0,"jumlah_tki":0,"jumlah_tka":0,"jumlah_proyek":1}],"total":2510814837712},"PMDN":{"data":[{"nama_perusahaan":"PUTRA PERKASA ABADI","tambahan_realisasi":440891512970,"jumlah_tki":561,"jumlah_tka":0,"jumlah_proyek":3},{"nama_perusahaan":"DUA SAMUDERA PERKASA","tambahan_realisasi":338553745351,"jumlah_tki":24,"jumlah_tka":0,"jumlah_proyek":3},{"nama_perusahaan":"BORNEO INDOBARA","tambahan_realisasi":148300672954,"jumlah_tki":6,"jumlah_tka":0,"jumlah_proyek":34},{"nama_perusahaan":"JHONLIN AGRO RAYA Tbk","tambahan_realisasi":139466902491,"jumlah_tki":232,"jumlah_tka":0,"jumlah_proyek":2},{"nama_perusahaan":"JHONLIN AGRO LESTARI","tambahan_realisasi":94555509589,"jumlah_tki":232,"jumlah_tka":0,"jumlah_proyek":1},{"nama_perusahaan":"KODECO AGROJAYA MANDIRI","tambahan_realisasi":70231563086,"jumlah_tki":102,"jumlah_tka":0,"jumlah_proyek":4},{"nama_perusahaan":"MAMING PROPERTI BATULICIN","tambahan_realisasi":37142843910,"jumlah_tki":0,"jumlah_tka":0,"jumlah_proyek":1},{"nama_perusahaan":"REZKI BATULICIN TRANSPORT","tambahan_realisasi":34928037100,"jumlah_tki":0,"jumlah_tka":0,"jumlah_proyek":4},{"nama_perusahaan":"WAHANA BARATAMA MINING","tambahan_realisasi":16950602545,"jumlah_tki":0,"jumlah_tka":0,"jumlah_proyek":1},{"nama_perusahaan":"TANAH BUMBU RESOURCES","tambahan_realisasi":10680308978,"jumlah_tki":0,"jumlah_tka":0,"jumlah_proyek":2},{"nama_perusahaan":"ROYAN BATU PERKASA","tambahan_realisasi":4713540028,"jumlah_tki":0,"jumlah_tka":0,"jumlah_proyek":1},{"nama_perusahaan":"SANGGAR SARANA BAJA","tambahan_realisasi":4021566350,"jumlah_tki":0,"jumlah_tka":0,"jumlah_proyek":1},{"nama_perusahaan":"ANZAWARA SATRIA","tambahan_realisasi":3444811501,"jumlah_tki":71,"jumlah_tka":0,"jumlah_proyek":1},{"nama_perusahaan":"UDANG MARIANI ENAM SEMBILAN","tambahan_realisasi":3247293086,"jumlah_tki":0,"jumlah_tka":0,"jumlah_proyek":2},{"nama_perusahaan":"DAYA INDAH ANDALAN","tambahan_realisasi":3235902840,"jumlah_tki":0,"jumlah_tka":0,"jumlah_proyek":2},{"nama_perusahaan":"UNITED TRACTORS","tambahan_realisasi":2340774700,"jumlah_tki":0,"jumlah_tka":0,"jumlah_proyek":36},{"nama_perusahaan":"PERUSAHAAN PERSEROAN (PERSERO) PT SUPERINTENDING COMPANY OF INDONESIA","tambahan_realisasi":1756200000,"jumlah_tki":0,"jumlah_tka":0,"jumlah_proyek":1},{"nama_perusahaan":"RAYANE BATULICIN TRANSPORT","tambahan_realisasi":1022146463,"jumlah_tki":0,"jumlah_tka":0,"jumlah_proyek":2},{"nama_perusahaan":"PINUS MERAH ABADI","tambahan_realisasi":879000000,"jumlah_tki":0,"jumlah_tka":0,"jumlah_proyek":1},{"nama_perusahaan":"BATULICIN BUMI BERSUJUD","tambahan_realisasi":650802919,"jumlah_tki":0,"jumlah_tka":0,"jumlah_proyek":2},{"nama_perusahaan":"AXIS PRATAMA INDONESIA","tambahan_realisasi":607779311,"jumlah_tki":0,"jumlah_tka":0,"jumlah_proyek":4},{"nama_perusahaan":"TIRTAKENCANA TATAWARNA","tambahan_realisasi":452171699,"jumlah_tki":0,"jumlah_tka":0,"jumlah_proyek":6},{"nama_perusahaan":"GRAND DUTA BORNEO","tambahan_realisasi":416150282,"jumlah_tki":0,"jumlah_tka":0,"jumlah_proyek":2},{"nama_perusahaan":"KARYA ABIDIN BERSAMA","tambahan_realisasi":300000000,"jumlah_tki":0,"jumlah_tka":0,"jumlah_proyek":2},{"nama_perusahaan":"MANDIRI AMAN SEKAWAN","tambahan_realisasi":200000000,"jumlah_tki":0,"jumlah_tka":0,"jumlah_proyek":40},{"nama_perusahaan":"KHARISMA KAISAR BATULICIN","tambahan_realisasi":191200000,"jumlah_tki":10,"jumlah_tka":0,"jumlah_proyek":5},{"nama_perusahaan":"MANDIRI AMAN SEJAHTERA","tambahan_realisasi":180000000,"jumlah_tki":0,"jumlah_tka":0,"jumlah_proyek":53},{"nama_perusahaan":"TRAKINDO UTAMA","tambahan_realisasi":171000000,"jumlah_tki":0,"jumlah_tka":0,"jumlah_proyek":2},{"nama_perusahaan":"SUMBER ALFARIA TRIJAYA","tambahan_realisasi":157939807,"jumlah_tki":0,"jumlah_tka":0,"jumlah_proyek":20},{"nama_perusahaan":"INDOMARCO PRISMATAMA","tambahan_realisasi":112630733,"jumlah_tki":0,"jumlah_tka":0,"jumlah_proyek":7},{"nama_perusahaan":"SUMBERDAYA SEWATAMA","tambahan_realisasi":110000000,"jumlah_tki":0,"jumlah_tka":0,"jumlah_proyek":1},{"nama_perusahaan":"JEMBATAN NUSANTARA","tambahan_realisasi":100000000,"jumlah_tki":0,"jumlah_tka":0,"jumlah_proyek":1},{"nama_perusahaan":"REFANGGA JAYA LAND","tambahan_realisasi":100000000,"jumlah_tki":0,"jumlah_tka":0,"jumlah_proyek":9},{"nama_perusahaan":"SILIKA MITRA PERKASA","tambahan_realisasi":80416667,"jumlah_tki":0,"jumlah_tka":0,"jumlah_proyek":1},{"nama_perusahaan":"SINARNIAGA SEJAHTERA","tambahan_realisasi":80324472,"jumlah_tki":0,"jumlah_tka":0,"jumlah_proyek":1},{"nama_perusahaan":"BATU GUNUNG DELAPAN ENAM","tambahan_realisasi":80208333,"jumlah_tki":0,"jumlah_tka":0,"jumlah_proyek":1},{"nama_perusahaan":"ASDP INDONESIA FERRY","tambahan_realisasi":64500000,"jumlah_tki":1,"jumlah_tka":0,"jumlah_proyek":2},{"nama_perusahaan":"WARGI SANTOSA","tambahan_realisasi":50000000,"jumlah_tki":0,"jumlah_tka":0,"jumlah_proyek":10},{"nama_perusahaan":"FAST FOOD INDONESIA","tambahan_realisasi":31596660,"jumlah_tki":22,"jumlah_tka":0,"jumlah_proyek":1},{"nama_perusahaan":"BUMI NUSA PALAPA","tambahan_realisasi":30024236,"jumlah_tki":0,"jumlah_tka":0,"jumlah_proyek":1},{"nama_perusahaan":"PESTA PORA ABADI","tambahan_realisasi":16446200,"jumlah_tki":88,"jumlah_tka":0,"jumlah_proyek":3},{"nama_perusahaan":"NUSANTARA BATULICIN","tambahan_realisasi":12000000,"jumlah_tki":0,"jumlah_tka":0,"jumlah_proyek":1},{"nama_perusahaan":"TUNAS TIMUR","tambahan_realisasi":2450000,"jumlah_tki":0,"jumlah_tka":0,"jumlah_proyek":2},{"nama_perusahaan":"SUMBER BERLIAN MOTORS","tambahan_realisasi":1364000,"jumlah_tki":0,"jumlah_tka":0,"jumlah_proyek":2},{"nama_perusahaan":"SENTRA AGRO SUMBER RAYA","tambahan_realisasi":1250000,"jumlah_tki":0,"jumlah_tka":0,"jumlah_proyek":3},{"nama_perusahaan":"DAYA INDAH YASA","tambahan_realisasi":1010873,"jumlah_tki":0,"jumlah_tka":0,"jumlah_proyek":1},{"nama_perusahaan":"GEMA TAMBANG NUSANTARA","tambahan_realisasi":568744,"jumlah_tki":0,"jumlah_tka":0,"jumlah_proyek":1},{"nama_perusahaan":"ADIDAYA AKBAR BERKARYA","tambahan_realisasi":345946,"jumlah_tki":3,"jumlah_tka":0,"jumlah_proyek":3},{"nama_perusahaan":"ADISURYA CIPTA LESTARI","tambahan_realisasi":0,"jumlah_tki":0,"jumlah_tka":0,"jumlah_proyek":3},{"nama_perusahaan":"AMANAH PUTRA BORNEO","tambahan_realisasi":0,"jumlah_tki":0,"jumlah_tka":0,"jumlah_proyek":2},{"nama_perusahaan":"ANDIFA KHARISMA BORNEO PRATAMA","tambahan_realisasi":0,"jumlah_tki":9,"jumlah_tka":0,"jumlah_proyek":7},{"nama_perusahaan":"ANDIFA NUSA SAMUDERA","tambahan_realisasi":0,"jumlah_tki":9,"jumlah_tka":0,"jumlah_proyek":5},{"nama_perusahaan":"ANDIFA PERKASA ENERGI","tambahan_realisasi":0,"jumlah_tki":0,"jumlah_tka":0,"jumlah_proyek":3},{"nama_perusahaan":"ANGSANA JAYA ENERGI","tambahan_realisasi":0,"jumlah_tki":0,"jumlah_tka":0,"jumlah_proyek":1},{"nama_perusahaan":"ANINDYA WIRAPUTRA KONSULT","tambahan_realisasi":0,"jumlah_tki":0,"jumlah_tka":0,"jumlah_proyek":3},{"nama_perusahaan":"ARUTMIN INDONESIA","tambahan_realisasi":0,"jumlah_tki":0,"jumlah_tka":0,"jumlah_proyek":7},{"nama_perusahaan":"BANDAR INDO RAYA","tambahan_realisasi":0,"jumlah_tki":0,"jumlah_tka":0,"jumlah_proyek":1},{"nama_perusahaan":"BANGUN ARTA HUTAMA","tambahan_realisasi":0,"jumlah_tki":0,"jumlah_tka":0,"jumlah_proyek":9},{"nama_perusahaan":"BARA ASIA COALTRADE","tambahan_realisasi":0,"jumlah_tki":0,"jumlah_tka":0,"jumlah_proyek":1},{"nama_perusahaan":"BATULICIN ENAM SEMBILAN","tambahan_realisasi":0,"jumlah_tki":0,"jumlah_tka":0,"jumlah_proyek":1},{"nama_perusahaan":"BATULICIN ENAM SEMBILAN PELABUHAN","tambahan_realisasi":0,"jumlah_tki":0,"jumlah_tka":0,"jumlah_proyek":1},{"nama_perusahaan":"BATULICIN ENAM SEMBILAN PERTAMBANGAN","tambahan_realisasi":0,"jumlah_tki":0,"jumlah_tka":0,"jumlah_proyek":2},{"nama_perusahaan":"BATULICIN ENAM SEMBILAN TRANSPORTASI","tambahan_realisasi":0,"jumlah_tki":0,"jumlah_tka":0,"jumlah_proyek":1},{"nama_perusahaan":"BATULICIN NUSANTARA MARITIM","tambahan_realisasi":0,"jumlah_tki":0,"jumlah_tka":0,"jumlah_proyek":1},{"nama_perusahaan":"BAYAN RESOURCES","tambahan_realisasi":0,"jumlah_tki":0,"jumlah_tka":0,"jumlah_proyek":2},{"nama_perusahaan":"BINA BATULICIN USAHA","tambahan_realisasi":0,"jumlah_tki":0,"jumlah_tka":0,"jumlah_proyek":1},{"nama_perusahaan":"BINA INDO RAYA","tambahan_realisasi":0,"jumlah_tki":0,"jumlah_tka":0,"jumlah_proyek":1},{"nama_perusahaan":"BINA KARYA PUTRA BATULICIN","tambahan_realisasi":0,"jumlah_tki":0,"jumlah_tka":0,"jumlah_proyek":1},{"nama_perusahaan":"BINA USAHA BATULICIN","tambahan_realisasi":0,"jumlah_tki":0,"jumlah_tka":0,"jumlah_proyek":4},{"nama_perusahaan":"BORNEO MITRA BARATAMA","tambahan_realisasi":0,"jumlah_tki":0,"jumlah_tka":0,"jumlah_proyek":1},{"nama_perusahaan":"BORNEO PALM PLANTATION","tambahan_realisasi":0,"jumlah_tki":0,"jumlah_tka":0,"jumlah_proyek":2},{"nama_perusahaan":"BUANA RINDANG LESTARI","tambahan_realisasi":0,"jumlah_tki":1,"jumlah_tka":0,"jumlah_proyek":4},{"nama_perusahaan":"BUKIT MAKMUR MANDIRI UTAMA","tambahan_realisasi":0,"jumlah_tki":0,"jumlah_tka":0,"jumlah_proyek":1},{"nama_perusahaan":"CAKRAWALA LANGIT SEJAHTERA","tambahan_realisasi":0,"jumlah_tki":0,"jumlah_tka":0,"jumlah_proyek":1},{"nama_perusahaan":"CIPTA KRIDA BAHARI","tambahan_realisasi":0,"jumlah_tki":0,"jumlah_tka":0,"jumlah_proyek":2},{"nama_perusahaan":"CIPTA KRIDATAMA","tambahan_realisasi":0,"jumlah_tki":0,"jumlah_tka":0,"jumlah_proyek":2},{"nama_perusahaan":"CMP MOTOR SPORT","tambahan_realisasi":0,"jumlah_tki":0,"jumlah_tka":0,"jumlah_proyek":3},{"nama_perusahaan":"DARMA HENWA","tambahan_realisasi":0,"jumlah_tki":0,"jumlah_tka":0,"jumlah_proyek":2},{"nama_perusahaan":"DAYA ENERGI TEKNIK","tambahan_realisasi":0,"jumlah_tki":4,"jumlah_tka":0,"jumlah_proyek":3},{"nama_perusahaan":"DELTA GARDA PERSADA","tambahan_realisasi":0,"jumlah_tki":0,"jumlah_tka":0,"jumlah_proyek":1},{"nama_perusahaan":"DIANTA DAYA EMBARA","tambahan_realisasi":0,"jumlah_tki":0,"jumlah_tka":0,"jumlah_proyek":3},{"nama_perusahaan":"DUA KOTA LAUT","tambahan_realisasi":0,"jumlah_tki":0,"jumlah_tka":0,"jumlah_proyek":1},{"nama_perusahaan":"ENAM SEMBILAN NIAGA NIKEL","tambahan_realisasi":0,"jumlah_tki":0,"jumlah_tka":0,"jumlah_proyek":1},{"nama_perusahaan":"ENAM SEMBILAN TRADING BATUBARA","tambahan_realisasi":0,"jumlah_tki":0,"jumlah_tka":0,"jumlah_proyek":1},{"nama_perusahaan":"GARUDA WISNU AMERTA","tambahan_realisasi":0,"jumlah_tki":0,"jumlah_tka":0,"jumlah_proyek":1},{"nama_perusahaan":"GUNUNG MAYANG STONE","tambahan_realisasi":0,"jumlah_tki":0,"jumlah_tka":0,"jumlah_proyek":1},{"nama_perusahaan":"HAJI MAMING PELABUHAN","tambahan_realisasi":0,"jumlah_tki":0,"jumlah_tka":0,"jumlah_proyek":1},{"nama_perusahaan":"HALONG JAYA BERGETAR","tambahan_realisasi":0,"jumlah_tki":0,"jumlah_tka":0,"jumlah_proyek":1},{"nama_perusahaan":"JHONLIN AGRO MANDIRI","tambahan_realisasi":0,"jumlah_tki":0,"jumlah_tka":0,"jumlah_proyek":1},{"nama_perusahaan":"KRIDA CIPTA SATYA","tambahan_realisasi":0,"jumlah_tki":0,"jumlah_tka":0,"jumlah_proyek":3},{"nama_perusahaan":"LADANGRUMPUN SUBURABADI","tambahan_realisasi":0,"jumlah_tki":0,"jumlah_tka":0,"jumlah_proyek":8},{"nama_perusahaan":"LINTAS FORTUNA NUSANTARA","tambahan_realisasi":0,"jumlah_tki":0,"jumlah_tka":0,"jumlah_proyek":1},{"nama_perusahaan":"MAMING ENAM SEMBILAN","tambahan_realisasi":0,"jumlah_tki":0,"jumlah_tka":0,"jumlah_proyek":1},{"nama_perusahaan":"MENARA ANGKASA SEMESTA","tambahan_realisasi":0,"jumlah_tki":0,"jumlah_tka":0,"jumlah_proyek":6},{"nama_perusahaan":"MERATUS JAYA IRON & STEEL","tambahan_realisasi":0,"jumlah_tki":0,"jumlah_tka":0,"jumlah_proyek":1},{"nama_perusahaan":"MITRA JASA SEBAMBAN UTAMA","tambahan_realisasi":0,"jumlah_tki":2,"jumlah_tka":0,"jumlah_proyek":3},{"nama_perusahaan":"MITRA SEHAT CARE","tambahan_realisasi":0,"jumlah_tki":1,"jumlah_tka":0,"jumlah_proyek":1},{"nama_perusahaan":"MITRAJAYA ABADI BERSAMA","tambahan_realisasi":0,"jumlah_tki":0,"jumlah_tka":0,"jumlah_proyek":2},{"nama_perusahaan":"NAGATA BIO ENERGI","tambahan_realisasi":0,"jumlah_tki":0,"jumlah_tka":0,"jumlah_proyek":2},{"nama_perusahaan":"NAWAKARA PERKASA NUSANTARA","tambahan_realisasi":0,"jumlah_tki":169,"jumlah_tka":0,"jumlah_proyek":2},{"nama_perusahaan":"ONO KREASI GASINDO","tambahan_realisasi":0,"jumlah_tki":0,"jumlah_tka":0,"jumlah_proyek":2},{"nama_perusahaan":"PAGAR MULYA KARYATAMA","tambahan_realisasi":0,"jumlah_tki":6,"jumlah_tka":0,"jumlah_proyek":4},{"nama_perusahaan":"PELABUHAN BUANA REJA","tambahan_realisasi":0,"jumlah_tki":0,"jumlah_tka":0,"jumlah_proyek":2},{"nama_perusahaan":"PELAYARAN BAHTERA ADHIGUNA","tambahan_realisasi":0,"jumlah_tki":0,"jumlah_tka":0,"jumlah_proyek":1},{"nama_perusahaan":"PERKEBUNAN NUSANTARA IV","tambahan_realisasi":0,"jumlah_tki":0,"jumlah_tka":0,"jumlah_proyek":1},{"nama_perusahaan":"PERUSAHAAN PERSEROAN (PERSERO) PT PELABUHAN INDONESIA DISINGKAT PT PELABUHAN INDONESIA (PERSERO)","tambahan_realisasi":0,"jumlah_tki":0,"jumlah_tka":0,"jumlah_proyek":1},{"nama_perusahaan":"PROFESIONAL TELEKOMUNIKASI INDONESIA","tambahan_realisasi":0,"jumlah_tki":0,"jumlah_tka":0,"jumlah_proyek":8},{"nama_perusahaan":"RASYA PRATAMA MANDIRI","tambahan_realisasi":0,"jumlah_tki":0,"jumlah_tka":0,"jumlah_proyek":38},{"nama_perusahaan":"SAJANG HEULANG","tambahan_realisasi":0,"jumlah_tki":0,"jumlah_tka":0,"jumlah_proyek":8},{"nama_perusahaan":"SALAM PACIFIC INDONESIA LINES","tambahan_realisasi":0,"jumlah_tki":0,"jumlah_tka":0,"jumlah_proyek":1},{"nama_perusahaan":"SAMATOR GAS INDUSTRI","tambahan_realisasi":0,"jumlah_tki":0,"jumlah_tka":0,"jumlah_proyek":1},{"nama_perusahaan":"SAPTAINDRA SEJATI","tambahan_realisasi":0,"jumlah_tki":0,"jumlah_tka":0,"jumlah_proyek":1},{"nama_perusahaan":"SEIA MITRA MANDIRI","tambahan_realisasi":0,"jumlah_tki":0,"jumlah_tka":0,"jumlah_proyek":1},{"nama_perusahaan":"SERASI SHIPPING INDONESIA","tambahan_realisasi":0,"jumlah_tki":0,"jumlah_tka":0,"jumlah_proyek":1},{"nama_perusahaan":"SINAR BINTANG MULIA","tambahan_realisasi":0,"jumlah_tki":0,"jumlah_tka":0,"jumlah_proyek":12},{"nama_perusahaan":"SINAR JAYA KOMUNIKA","tambahan_realisasi":0,"jumlah_tki":0,"jumlah_tka":0,"jumlah_proyek":4},{"nama_perusahaan":"SOLUSI TUNAS PRATAMA","tambahan_realisasi":0,"jumlah_tki":0,"jumlah_tka":0,"jumlah_proyek":7},{"nama_perusahaan":"SUMBER CIPTA MULTINIAGA","tambahan_realisasi":0,"jumlah_tki":0,"jumlah_tka":0,"jumlah_proyek":1},{"nama_perusahaan":"SUNGAI DANAU JAYA","tambahan_realisasi":0,"jumlah_tki":0,"jumlah_tka":0,"jumlah_proyek":3},{"nama_perusahaan":"SUPRIMA MITRA ADIHUSADA","tambahan_realisasi":0,"jumlah_tki":0,"jumlah_tka":0,"jumlah_proyek":2},{"nama_perusahaan":"TATA BUANA KARYA","tambahan_realisasi":0,"jumlah_tki":0,"jumlah_tka":0,"jumlah_proyek":1},{"nama_perusahaan":"TIMUR SATRIA PERKASA","tambahan_realisasi":0,"jumlah_tki":0,"jumlah_tka":0,"jumlah_proyek":1},{"nama_perusahaan":"TOWER BERSAMA","tambahan_realisasi":0,"jumlah_tki":0,"jumlah_tka":0,"jumlah_proyek":5},{"nama_perusahaan":"TUNAS INTI ABADI","tambahan_realisasi":0,"jumlah_tki":0,"jumlah_tka":0,"jumlah_proyek":3},{"nama_perusahaan":"VIJETA BOLA SEMBILAN","tambahan_realisasi":0,"jumlah_tki":7,"jumlah_tka":0,"jumlah_proyek":1},{"nama_perusahaan":"WAHANA KONSTRUKSI MANDIRI","tambahan_realisasi":0,"jumlah_tki":0,"jumlah_tka":0,"jumlah_proyek":17},{"nama_perusahaan":"WIJAYA SUKSES MULYA","tambahan_realisasi":0,"jumlah_tki":0,"jumlah_tka":0,"jumlah_proyek":55},{"nama_perusahaan":"WORLD TERMINALINDO","tambahan_realisasi":0,"jumlah_tki":0,"jumlah_tka":0,"jumlah_proyek":1}],"total":1360565114824}}
DEBUG - 2026-04-15 23:15:35 --> QuarterlyChartService - Total uploads: 1
DEBUG - 2026-04-15 23:15:35 --> QuarterlyChartService - Selected year: all
DEBUG - 2026-04-15 23:15:35 --> Processing upload ID: 166, Status: completed, Year: 2025, Quarter: Q4
DEBUG - 2026-04-15 23:15:35 --> Upload ID 166 - PMA: 2510814837712, PMDN: 1360565114824
DEBUG - 2026-04-15 23:15:35 --> Added to Q4: 3871379952536 (Total now: 3871379952536)
DEBUG - 2026-04-15 23:15:35 --> Final quarterly data before conversion: {"Q1":0,"Q2":0,"Q3":0,"Q4":3871379952536}
DEBUG - 2026-04-15 23:15:35 --> QuarterlyChartService (All Years) - Total uploads: 1
DEBUG - 2026-04-15 23:15:35 --> Initialized year: 2025
DEBUG - 2026-04-15 23:15:35 --> Upload ID 166 - PMA: 2510814837712, PMDN: 1360565114824
DEBUG - 2026-04-15 23:15:35 --> Added to Q4: 3871379952536 (Total now: 3871379952536)
DEBUG - 2026-04-15 23:15:35 --> Yearly quarterly data before conversion: {"2025":{"Q1":0,"Q2":0,"Q3":0,"Q4":3871379952536}}
DEBUG - 2026-04-15 23:15:35 --> QuarterlyChartService (All Years) - Final result: {"2025":{"labels":["Q1","Q2","Q3","Q4"],"values":[0,0,0,3871379952536]}}
WARNING - 2026-04-15 23:16:14 --> [DEPRECATED] ini_set(): session.sid_length INI setting is deprecated in SYSTEMPATH/Session/Handlers/FileHandler.php on line 321.
 1 SYSTEMPATH/Session/Handlers/FileHandler.php(321): ini_set('session.sid_length', '40')
 2 SYSTEMPATH/Session/Handlers/FileHandler.php(85): CodeIgniter\Session\Handlers\FileHandler->configureSessionIDRegex()
 3 SYSTEMPATH/Config/Services.php(697): CodeIgniter\Session\Handlers\FileHandler->__construct(Object(Config\Session), '::1')
 4 SYSTEMPATH/Config/BaseService.php(312): CodeIgniter\Config\Services::session(Object(Config\Session), false)
 5 SYSTEMPATH/Config/BaseService.php(251): CodeIgniter\Config\BaseService::__callStatic('session', [...])
 6 SYSTEMPATH/Config/Services.php(668): CodeIgniter\Config\BaseService::getSharedInstance('session', null)
 7 SYSTEMPATH/Config/BaseService.php(321): CodeIgniter\Config\Services::session()
 8 SYSTEMPATH/Config/BaseService.php(202): CodeIgniter\Config\BaseService::__callStatic('session', [])
 9 SYSTEMPATH/Common.php(998): CodeIgniter\Config\BaseService::get('session')
10 SYSTEMPATH/Common.php(971): service('session')
11 APPPATH/Controllers/BaseController.php(59): session()
12 SYSTEMPATH/CodeIgniter.php(904): App\Controllers\BaseController->initController(Object(CodeIgniter\HTTP\IncomingRequest), Object(CodeIgniter\HTTP\Response), Object(CodeIgniter\Log\Logger))
13 SYSTEMPATH/CodeIgniter.php(500): CodeIgniter\CodeIgniter->createController()
14 SYSTEMPATH/CodeIgniter.php(355): CodeIgniter\CodeIgniter->handleRequest(null, Object(Config\Cache), false)
15 SYSTEMPATH/Boot.php(325): CodeIgniter\CodeIgniter->run()
16 SYSTEMPATH/Boot.php(67): CodeIgniter\Boot::runCodeIgniter(Object(CodeIgniter\CodeIgniter))
17 FCPATH/index.php(60): CodeIgniter\Boot::bootWeb(Object(Config\Paths))
18 SYSTEMPATH/rewrite.php(44): require_once('/home/Gilang/DPMPTSP/DataInvest/public/index.php')
WARNING - 2026-04-15 23:16:14 --> [DEPRECATED] Return type of CodeIgniter\I18n\TimeTrait::createFromTimestamp(int|float $timestamp) should either be compatible with DateTimeImmutable::createFromTimestamp(int|float $timestamp): static, or the #[\ReturnTypeWillChange] attribute should be used to temporarily suppress the notice in SYSTEMPATH/I18n/TimeTrait.php on line 268.
 1 VENDORPATH/composer/ClassLoader.php(576): include('/home/Gilang/DPMPTSP/DataInvest/system/I18n/Time.php')
 2 VENDORPATH/composer/ClassLoader.php(427): {closure:Composer\Autoload\ClassLoader::initializeIncludeClosure():575}('/home/Gilang/DPMPTSP/DataInvest/vendor/composer/../../system/I18n/Time.php')
 3 SYSTEMPATH/Session/Session.php(193): Composer\Autoload\ClassLoader->loadClass('CodeIgniter\\I18n\\Time')
 4 SYSTEMPATH/Config/Services.php(700): CodeIgniter\Session\Session->__construct(Object(CodeIgniter\Session\Handlers\FileHandler), Object(Config\Session))
 5 SYSTEMPATH/Config/BaseService.php(312): CodeIgniter\Config\Services::session(Object(Config\Session), false)
 6 SYSTEMPATH/Config/BaseService.php(251): CodeIgniter\Config\BaseService::__callStatic('session', [...])
 7 SYSTEMPATH/Config/Services.php(668): CodeIgniter\Config\BaseService::getSharedInstance('session', null)
 8 SYSTEMPATH/Config/BaseService.php(321): CodeIgniter\Config\Services::session()
 9 SYSTEMPATH/Config/BaseService.php(202): CodeIgniter\Config\BaseService::__callStatic('session', [])
10 SYSTEMPATH/Common.php(998): CodeIgniter\Config\BaseService::get('session')
11 SYSTEMPATH/Common.php(971): service('session')
12 APPPATH/Controllers/BaseController.php(59): session()
13 SYSTEMPATH/CodeIgniter.php(904): App\Controllers\BaseController->initController(Object(CodeIgniter\HTTP\IncomingRequest), Object(CodeIgniter\HTTP\Response), Object(CodeIgniter\Log\Logger))
14 SYSTEMPATH/CodeIgniter.php(500): CodeIgniter\CodeIgniter->createController()
15 SYSTEMPATH/CodeIgniter.php(355): CodeIgniter\CodeIgniter->handleRequest(null, Object(Config\Cache), false)
16 SYSTEMPATH/Boot.php(325): CodeIgniter\CodeIgniter->run()
17 SYSTEMPATH/Boot.php(67): CodeIgniter\Boot::runCodeIgniter(Object(CodeIgniter\CodeIgniter))
18 FCPATH/index.php(60): CodeIgniter\Boot::bootWeb(Object(Config\Paths))
19 SYSTEMPATH/rewrite.php(44): require_once('/home/Gilang/DPMPTSP/DataInvest/public/index.php')
INFO - 2026-04-15 23:16:14 --> Session: Class initialized using 'CodeIgniter\Session\Handlers\FileHandler' driver.
WARNING - 2026-04-15 23:16:17 --> [DEPRECATED] ini_set(): session.sid_length INI setting is deprecated in SYSTEMPATH/Session/Handlers/FileHandler.php on line 321.
 1 SYSTEMPATH/Session/Handlers/FileHandler.php(321): ini_set('session.sid_length', '40')
 2 SYSTEMPATH/Session/Handlers/FileHandler.php(85): CodeIgniter\Session\Handlers\FileHandler->configureSessionIDRegex()
 3 SYSTEMPATH/Config/Services.php(697): CodeIgniter\Session\Handlers\FileHandler->__construct(Object(Config\Session), '::1')
 4 SYSTEMPATH/Config/BaseService.php(312): CodeIgniter\Config\Services::session(Object(Config\Session), false)
 5 SYSTEMPATH/Config/BaseService.php(251): CodeIgniter\Config\BaseService::__callStatic('session', [...])
 6 SYSTEMPATH/Config/Services.php(668): CodeIgniter\Config\BaseService::getSharedInstance('session', null)
 7 SYSTEMPATH/Config/BaseService.php(321): CodeIgniter\Config\Services::session()
 8 SYSTEMPATH/Config/BaseService.php(202): CodeIgniter\Config\BaseService::__callStatic('session', [])
 9 SYSTEMPATH/Common.php(998): CodeIgniter\Config\BaseService::get('session')
10 SYSTEMPATH/Common.php(971): service('session')
11 APPPATH/Filters/RoleFilter.php(13): session()
12 SYSTEMPATH/Filters/Filters.php(203): App\Filters\RoleFilter->before(Object(CodeIgniter\HTTP\IncomingRequest), [...])
13 SYSTEMPATH/Filters/Filters.php(184): CodeIgniter\Filters\Filters->runBefore([...])
14 SYSTEMPATH/CodeIgniter.php(481): CodeIgniter\Filters\Filters->run('user-management', 'before')
15 SYSTEMPATH/CodeIgniter.php(355): CodeIgniter\CodeIgniter->handleRequest(null, Object(Config\Cache), false)
16 SYSTEMPATH/Boot.php(325): CodeIgniter\CodeIgniter->run()
17 SYSTEMPATH/Boot.php(67): CodeIgniter\Boot::runCodeIgniter(Object(CodeIgniter\CodeIgniter))
18 FCPATH/index.php(60): CodeIgniter\Boot::bootWeb(Object(Config\Paths))
19 SYSTEMPATH/rewrite.php(44): require_once('/home/Gilang/DPMPTSP/DataInvest/public/index.php')
WARNING - 2026-04-15 23:16:17 --> [DEPRECATED] Return type of CodeIgniter\I18n\TimeTrait::createFromTimestamp(int|float $timestamp) should either be compatible with DateTimeImmutable::createFromTimestamp(int|float $timestamp): static, or the #[\ReturnTypeWillChange] attribute should be used to temporarily suppress the notice in SYSTEMPATH/I18n/TimeTrait.php on line 268.
 1 VENDORPATH/composer/ClassLoader.php(576): include('/home/Gilang/DPMPTSP/DataInvest/system/I18n/Time.php')
 2 VENDORPATH/composer/ClassLoader.php(427): {closure:Composer\Autoload\ClassLoader::initializeIncludeClosure():575}('/home/Gilang/DPMPTSP/DataInvest/vendor/composer/../../system/I18n/Time.php')
 3 SYSTEMPATH/Session/Session.php(193): Composer\Autoload\ClassLoader->loadClass('CodeIgniter\\I18n\\Time')
 4 SYSTEMPATH/Config/Services.php(700): CodeIgniter\Session\Session->__construct(Object(CodeIgniter\Session\Handlers\FileHandler), Object(Config\Session))
 5 SYSTEMPATH/Config/BaseService.php(312): CodeIgniter\Config\Services::session(Object(Config\Session), false)
 6 SYSTEMPATH/Config/BaseService.php(251): CodeIgniter\Config\BaseService::__callStatic('session', [...])
 7 SYSTEMPATH/Config/Services.php(668): CodeIgniter\Config\BaseService::getSharedInstance('session', null)
 8 SYSTEMPATH/Config/BaseService.php(321): CodeIgniter\Config\Services::session()
 9 SYSTEMPATH/Config/BaseService.php(202): CodeIgniter\Config\BaseService::__callStatic('session', [])
10 SYSTEMPATH/Common.php(998): CodeIgniter\Config\BaseService::get('session')
11 SYSTEMPATH/Common.php(971): service('session')
12 APPPATH/Filters/RoleFilter.php(13): session()
13 SYSTEMPATH/Filters/Filters.php(203): App\Filters\RoleFilter->before(Object(CodeIgniter\HTTP\IncomingRequest), [...])
14 SYSTEMPATH/Filters/Filters.php(184): CodeIgniter\Filters\Filters->runBefore([...])
15 SYSTEMPATH/CodeIgniter.php(481): CodeIgniter\Filters\Filters->run('user-management', 'before')
16 SYSTEMPATH/CodeIgniter.php(355): CodeIgniter\CodeIgniter->handleRequest(null, Object(Config\Cache), false)
17 SYSTEMPATH/Boot.php(325): CodeIgniter\CodeIgniter->run()
18 SYSTEMPATH/Boot.php(67): CodeIgniter\Boot::runCodeIgniter(Object(CodeIgniter\CodeIgniter))
19 FCPATH/index.php(60): CodeIgniter\Boot::bootWeb(Object(Config\Paths))
20 SYSTEMPATH/rewrite.php(44): require_once('/home/Gilang/DPMPTSP/DataInvest/public/index.php')
INFO - 2026-04-15 23:16:17 --> Session: Class initialized using 'CodeIgniter\Session\Handlers\FileHandler' driver.
WARNING - 2026-04-15 23:16:25 --> [DEPRECATED] ini_set(): session.sid_length INI setting is deprecated in SYSTEMPATH/Session/Handlers/FileHandler.php on line 321.
 1 SYSTEMPATH/Session/Handlers/FileHandler.php(321): ini_set('session.sid_length', '40')
 2 SYSTEMPATH/Session/Handlers/FileHandler.php(85): CodeIgniter\Session\Handlers\FileHandler->configureSessionIDRegex()
 3 SYSTEMPATH/Config/Services.php(697): CodeIgniter\Session\Handlers\FileHandler->__construct(Object(Config\Session), '::1')
 4 SYSTEMPATH/Config/BaseService.php(312): CodeIgniter\Config\Services::session(Object(Config\Session), false)
 5 SYSTEMPATH/Config/BaseService.php(251): CodeIgniter\Config\BaseService::__callStatic('session', [...])
 6 SYSTEMPATH/Config/Services.php(668): CodeIgniter\Config\BaseService::getSharedInstance('session', null)
 7 SYSTEMPATH/Config/BaseService.php(321): CodeIgniter\Config\Services::session()
 8 SYSTEMPATH/Config/BaseService.php(202): CodeIgniter\Config\BaseService::__callStatic('session', [])
 9 SYSTEMPATH/Common.php(998): CodeIgniter\Config\BaseService::get('session')
10 SYSTEMPATH/Common.php(971): service('session')
11 APPPATH/Filters/RoleFilter.php(13): session()
12 SYSTEMPATH/Filters/Filters.php(203): App\Filters\RoleFilter->before(Object(CodeIgniter\HTTP\IncomingRequest), [...])
13 SYSTEMPATH/Filters/Filters.php(184): CodeIgniter\Filters\Filters->runBefore([...])
14 SYSTEMPATH/CodeIgniter.php(481): CodeIgniter\Filters\Filters->run('user-management/edit/1', 'before')
15 SYSTEMPATH/CodeIgniter.php(355): CodeIgniter\CodeIgniter->handleRequest(null, Object(Config\Cache), false)
16 SYSTEMPATH/Boot.php(325): CodeIgniter\CodeIgniter->run()
17 SYSTEMPATH/Boot.php(67): CodeIgniter\Boot::runCodeIgniter(Object(CodeIgniter\CodeIgniter))
18 FCPATH/index.php(60): CodeIgniter\Boot::bootWeb(Object(Config\Paths))
19 SYSTEMPATH/rewrite.php(44): require_once('/home/Gilang/DPMPTSP/DataInvest/public/index.php')
WARNING - 2026-04-15 23:16:25 --> [DEPRECATED] Return type of CodeIgniter\I18n\TimeTrait::createFromTimestamp(int|float $timestamp) should either be compatible with DateTimeImmutable::createFromTimestamp(int|float $timestamp): static, or the #[\ReturnTypeWillChange] attribute should be used to temporarily suppress the notice in SYSTEMPATH/I18n/TimeTrait.php on line 268.
 1 VENDORPATH/composer/ClassLoader.php(576): include('/home/Gilang/DPMPTSP/DataInvest/system/I18n/Time.php')
 2 VENDORPATH/composer/ClassLoader.php(427): {closure:Composer\Autoload\ClassLoader::initializeIncludeClosure():575}('/home/Gilang/DPMPTSP/DataInvest/vendor/composer/../../system/I18n/Time.php')
 3 SYSTEMPATH/Session/Session.php(193): Composer\Autoload\ClassLoader->loadClass('CodeIgniter\\I18n\\Time')
 4 SYSTEMPATH/Config/Services.php(700): CodeIgniter\Session\Session->__construct(Object(CodeIgniter\Session\Handlers\FileHandler), Object(Config\Session))
 5 SYSTEMPATH/Config/BaseService.php(312): CodeIgniter\Config\Services::session(Object(Config\Session), false)
 6 SYSTEMPATH/Config/BaseService.php(251): CodeIgniter\Config\BaseService::__callStatic('session', [...])
 7 SYSTEMPATH/Config/Services.php(668): CodeIgniter\Config\BaseService::getSharedInstance('session', null)
 8 SYSTEMPATH/Config/BaseService.php(321): CodeIgniter\Config\Services::session()
 9 SYSTEMPATH/Config/BaseService.php(202): CodeIgniter\Config\BaseService::__callStatic('session', [])
10 SYSTEMPATH/Common.php(998): CodeIgniter\Config\BaseService::get('session')
11 SYSTEMPATH/Common.php(971): service('session')
12 APPPATH/Filters/RoleFilter.php(13): session()
13 SYSTEMPATH/Filters/Filters.php(203): App\Filters\RoleFilter->before(Object(CodeIgniter\HTTP\IncomingRequest), [...])
14 SYSTEMPATH/Filters/Filters.php(184): CodeIgniter\Filters\Filters->runBefore([...])
15 SYSTEMPATH/CodeIgniter.php(481): CodeIgniter\Filters\Filters->run('user-management/edit/1', 'before')
16 SYSTEMPATH/CodeIgniter.php(355): CodeIgniter\CodeIgniter->handleRequest(null, Object(Config\Cache), false)
17 SYSTEMPATH/Boot.php(325): CodeIgniter\CodeIgniter->run()
18 SYSTEMPATH/Boot.php(67): CodeIgniter\Boot::runCodeIgniter(Object(CodeIgniter\CodeIgniter))
19 FCPATH/index.php(60): CodeIgniter\Boot::bootWeb(Object(Config\Paths))
20 SYSTEMPATH/rewrite.php(44): require_once('/home/Gilang/DPMPTSP/DataInvest/public/index.php')
INFO - 2026-04-15 23:16:25 --> Session: Class initialized using 'CodeIgniter\Session\Handlers\FileHandler' driver.
WARNING - 2026-04-15 23:16:34 --> [DEPRECATED] ini_set(): session.sid_length INI setting is deprecated in SYSTEMPATH/Session/Handlers/FileHandler.php on line 321.
 1 SYSTEMPATH/Session/Handlers/FileHandler.php(321): ini_set('session.sid_length', '40')
 2 SYSTEMPATH/Session/Handlers/FileHandler.php(85): CodeIgniter\Session\Handlers\FileHandler->configureSessionIDRegex()
 3 SYSTEMPATH/Config/Services.php(697): CodeIgniter\Session\Handlers\FileHandler->__construct(Object(Config\Session), '::1')
 4 SYSTEMPATH/Config/BaseService.php(312): CodeIgniter\Config\Services::session(Object(Config\Session), false)
 5 SYSTEMPATH/Config/BaseService.php(251): CodeIgniter\Config\BaseService::__callStatic('session', [...])
 6 SYSTEMPATH/Config/Services.php(668): CodeIgniter\Config\BaseService::getSharedInstance('session', null)
 7 SYSTEMPATH/Config/BaseService.php(321): CodeIgniter\Config\Services::session()
 8 SYSTEMPATH/Config/BaseService.php(202): CodeIgniter\Config\BaseService::__callStatic('session', [])
 9 SYSTEMPATH/Common.php(998): CodeIgniter\Config\BaseService::get('session')
10 SYSTEMPATH/Common.php(971): service('session')
11 APPPATH/Filters/RoleFilter.php(13): session()
12 SYSTEMPATH/Filters/Filters.php(203): App\Filters\RoleFilter->before(Object(CodeIgniter\HTTP\IncomingRequest), null)
13 SYSTEMPATH/Filters/Filters.php(184): CodeIgniter\Filters\Filters->runBefore([...])
14 SYSTEMPATH/CodeIgniter.php(481): CodeIgniter\Filters\Filters->run('security-monitoring', 'before')
15 SYSTEMPATH/CodeIgniter.php(355): CodeIgniter\CodeIgniter->handleRequest(null, Object(Config\Cache), false)
16 SYSTEMPATH/Boot.php(325): CodeIgniter\CodeIgniter->run()
17 SYSTEMPATH/Boot.php(67): CodeIgniter\Boot::runCodeIgniter(Object(CodeIgniter\CodeIgniter))
18 FCPATH/index.php(60): CodeIgniter\Boot::bootWeb(Object(Config\Paths))
19 SYSTEMPATH/rewrite.php(44): require_once('/home/Gilang/DPMPTSP/DataInvest/public/index.php')
WARNING - 2026-04-15 23:16:34 --> [DEPRECATED] Return type of CodeIgniter\I18n\TimeTrait::createFromTimestamp(int|float $timestamp) should either be compatible with DateTimeImmutable::createFromTimestamp(int|float $timestamp): static, or the #[\ReturnTypeWillChange] attribute should be used to temporarily suppress the notice in SYSTEMPATH/I18n/TimeTrait.php on line 268.
 1 VENDORPATH/composer/ClassLoader.php(576): include('/home/Gilang/DPMPTSP/DataInvest/system/I18n/Time.php')
 2 VENDORPATH/composer/ClassLoader.php(427): {closure:Composer\Autoload\ClassLoader::initializeIncludeClosure():575}('/home/Gilang/DPMPTSP/DataInvest/vendor/composer/../../system/I18n/Time.php')
 3 SYSTEMPATH/Session/Session.php(193): Composer\Autoload\ClassLoader->loadClass('CodeIgniter\\I18n\\Time')
 4 SYSTEMPATH/Config/Services.php(700): CodeIgniter\Session\Session->__construct(Object(CodeIgniter\Session\Handlers\FileHandler), Object(Config\Session))
 5 SYSTEMPATH/Config/BaseService.php(312): CodeIgniter\Config\Services::session(Object(Config\Session), false)
 6 SYSTEMPATH/Config/BaseService.php(251): CodeIgniter\Config\BaseService::__callStatic('session', [...])
 7 SYSTEMPATH/Config/Services.php(668): CodeIgniter\Config\BaseService::getSharedInstance('session', null)
 8 SYSTEMPATH/Config/BaseService.php(321): CodeIgniter\Config\Services::session()
 9 SYSTEMPATH/Config/BaseService.php(202): CodeIgniter\Config\BaseService::__callStatic('session', [])
10 SYSTEMPATH/Common.php(998): CodeIgniter\Config\BaseService::get('session')
11 SYSTEMPATH/Common.php(971): service('session')
12 APPPATH/Filters/RoleFilter.php(13): session()
13 SYSTEMPATH/Filters/Filters.php(203): App\Filters\RoleFilter->before(Object(CodeIgniter\HTTP\IncomingRequest), null)
14 SYSTEMPATH/Filters/Filters.php(184): CodeIgniter\Filters\Filters->runBefore([...])
15 SYSTEMPATH/CodeIgniter.php(481): CodeIgniter\Filters\Filters->run('security-monitoring', 'before')
16 SYSTEMPATH/CodeIgniter.php(355): CodeIgniter\CodeIgniter->handleRequest(null, Object(Config\Cache), false)
17 SYSTEMPATH/Boot.php(325): CodeIgniter\CodeIgniter->run()
18 SYSTEMPATH/Boot.php(67): CodeIgniter\Boot::runCodeIgniter(Object(CodeIgniter\CodeIgniter))
19 FCPATH/index.php(60): CodeIgniter\Boot::bootWeb(Object(Config\Paths))
20 SYSTEMPATH/rewrite.php(44): require_once('/home/Gilang/DPMPTSP/DataInvest/public/index.php')
INFO - 2026-04-15 23:16:34 --> Session: Class initialized using 'CodeIgniter\Session\Handlers\FileHandler' driver.
WARNING - 2026-04-15 23:16:45 --> [DEPRECATED] ini_set(): session.sid_length INI setting is deprecated in SYSTEMPATH/Session/Handlers/FileHandler.php on line 321.
 1 SYSTEMPATH/Session/Handlers/FileHandler.php(321): ini_set('session.sid_length', '40')
 2 SYSTEMPATH/Session/Handlers/FileHandler.php(85): CodeIgniter\Session\Handlers\FileHandler->configureSessionIDRegex()
 3 SYSTEMPATH/Config/Services.php(697): CodeIgniter\Session\Handlers\FileHandler->__construct(Object(Config\Session), '::1')
 4 SYSTEMPATH/Config/BaseService.php(312): CodeIgniter\Config\Services::session(Object(Config\Session), false)
 5 SYSTEMPATH/Config/BaseService.php(251): CodeIgniter\Config\BaseService::__callStatic('session', [...])
 6 SYSTEMPATH/Config/Services.php(668): CodeIgniter\Config\BaseService::getSharedInstance('session', null)
 7 SYSTEMPATH/Config/BaseService.php(321): CodeIgniter\Config\Services::session()
 8 SYSTEMPATH/Config/BaseService.php(202): CodeIgniter\Config\BaseService::__callStatic('session', [])
 9 SYSTEMPATH/Common.php(998): CodeIgniter\Config\BaseService::get('session')
10 SYSTEMPATH/Common.php(971): service('session')
11 APPPATH/Filters/RoleFilter.php(13): session()
12 SYSTEMPATH/Filters/Filters.php(203): App\Filters\RoleFilter->before(Object(CodeIgniter\HTTP\IncomingRequest), null)
13 SYSTEMPATH/Filters/Filters.php(184): CodeIgniter\Filters\Filters->runBefore([...])
14 SYSTEMPATH/CodeIgniter.php(481): CodeIgniter\Filters\Filters->run('dashboard', 'before')
15 SYSTEMPATH/CodeIgniter.php(355): CodeIgniter\CodeIgniter->handleRequest(null, Object(Config\Cache), false)
16 SYSTEMPATH/Boot.php(325): CodeIgniter\CodeIgniter->run()
17 SYSTEMPATH/Boot.php(67): CodeIgniter\Boot::runCodeIgniter(Object(CodeIgniter\CodeIgniter))
18 FCPATH/index.php(60): CodeIgniter\Boot::bootWeb(Object(Config\Paths))
19 SYSTEMPATH/rewrite.php(44): require_once('/home/Gilang/DPMPTSP/DataInvest/public/index.php')
WARNING - 2026-04-15 23:16:45 --> [DEPRECATED] Return type of CodeIgniter\I18n\TimeTrait::createFromTimestamp(int|float $timestamp) should either be compatible with DateTimeImmutable::createFromTimestamp(int|float $timestamp): static, or the #[\ReturnTypeWillChange] attribute should be used to temporarily suppress the notice in SYSTEMPATH/I18n/TimeTrait.php on line 268.
 1 VENDORPATH/composer/ClassLoader.php(576): include('/home/Gilang/DPMPTSP/DataInvest/system/I18n/Time.php')
 2 VENDORPATH/composer/ClassLoader.php(427): {closure:Composer\Autoload\ClassLoader::initializeIncludeClosure():575}('/home/Gilang/DPMPTSP/DataInvest/vendor/composer/../../system/I18n/Time.php')
 3 SYSTEMPATH/Session/Session.php(193): Composer\Autoload\ClassLoader->loadClass('CodeIgniter\\I18n\\Time')
 4 SYSTEMPATH/Config/Services.php(700): CodeIgniter\Session\Session->__construct(Object(CodeIgniter\Session\Handlers\FileHandler), Object(Config\Session))
 5 SYSTEMPATH/Config/BaseService.php(312): CodeIgniter\Config\Services::session(Object(Config\Session), false)
 6 SYSTEMPATH/Config/BaseService.php(251): CodeIgniter\Config\BaseService::__callStatic('session', [...])
 7 SYSTEMPATH/Config/Services.php(668): CodeIgniter\Config\BaseService::getSharedInstance('session', null)
 8 SYSTEMPATH/Config/BaseService.php(321): CodeIgniter\Config\Services::session()
 9 SYSTEMPATH/Config/BaseService.php(202): CodeIgniter\Config\BaseService::__callStatic('session', [])
10 SYSTEMPATH/Common.php(998): CodeIgniter\Config\BaseService::get('session')
11 SYSTEMPATH/Common.php(971): service('session')
12 APPPATH/Filters/RoleFilter.php(13): session()
13 SYSTEMPATH/Filters/Filters.php(203): App\Filters\RoleFilter->before(Object(CodeIgniter\HTTP\IncomingRequest), null)
14 SYSTEMPATH/Filters/Filters.php(184): CodeIgniter\Filters\Filters->runBefore([...])
15 SYSTEMPATH/CodeIgniter.php(481): CodeIgniter\Filters\Filters->run('dashboard', 'before')
16 SYSTEMPATH/CodeIgniter.php(355): CodeIgniter\CodeIgniter->handleRequest(null, Object(Config\Cache), false)
17 SYSTEMPATH/Boot.php(325): CodeIgniter\CodeIgniter->run()
18 SYSTEMPATH/Boot.php(67): CodeIgniter\Boot::runCodeIgniter(Object(CodeIgniter\CodeIgniter))
19 FCPATH/index.php(60): CodeIgniter\Boot::bootWeb(Object(Config\Paths))
20 SYSTEMPATH/rewrite.php(44): require_once('/home/Gilang/DPMPTSP/DataInvest/public/index.php')
INFO - 2026-04-15 23:16:45 --> Session: Class initialized using 'CodeIgniter\Session\Handlers\FileHandler' driver.
DEBUG - 2026-04-15 23:16:45 --> === getSectorCountByCompany START ===
DEBUG - 2026-04-15 23:16:45 --> Upload ID: {"jenis_investasi":"PMA"}
DEBUG - 2026-04-15 23:16:45 --> Filters: []
DEBUG - 2026-04-15 23:16:45 --> PMA records found: 0
DEBUG - 2026-04-15 23:16:45 --> PMDN records found: 0
DEBUG - 2026-04-15 23:16:45 --> === getSectorCountByCompany END ===
DEBUG - 2026-04-15 23:16:45 --> === getSectorCountByCompany START ===
DEBUG - 2026-04-15 23:16:45 --> Upload ID: {"jenis_investasi":"PMDN"}
DEBUG - 2026-04-15 23:16:45 --> Filters: []
DEBUG - 2026-04-15 23:16:45 --> PMA records found: 0
DEBUG - 2026-04-15 23:16:45 --> PMDN records found: 0
DEBUG - 2026-04-15 23:16:45 --> === getSectorCountByCompany END ===
DEBUG - 2026-04-15 23:16:45 --> === getSectorCountByCompany START ===
DEBUG - 2026-04-15 23:16:45 --> Upload ID: 166
DEBUG - 2026-04-15 23:16:45 --> Filters: []
DEBUG - 2026-04-15 23:16:45 --> PMA records found: 10
DEBUG - 2026-04-15 23:16:45 --> PMDN records found: 128
DEBUG - 2026-04-15 23:16:45 --> === getSectorCountByCompany END ===
DEBUG - 2026-04-15 23:16:45 --> Sector count in DashboardService: {"PMA":{"data":[{"nama_perusahaan":"TRANSCOAL MINERGY","tambahan_realisasi":2255862677068,"jumlah_tki":18,"jumlah_tka":41,"jumlah_proyek":4},{"nama_perusahaan":"ANUGERAH BAROKAH CAKRAWALA","tambahan_realisasi":142647000000,"jumlah_tki":0,"jumlah_tka":0,"jumlah_proyek":6},{"nama_perusahaan":"ANUGERAH BAROKAH ENERGI BARU","tambahan_realisasi":95321760000,"jumlah_tki":0,"jumlah_tka":4,"jumlah_proyek":1},{"nama_perusahaan":"THIESS CONTRACTORS INDONESIA","tambahan_realisasi":15696536959,"jumlah_tki":0,"jumlah_tka":0,"jumlah_proyek":2},{"nama_perusahaan":"YIWAN MINING","tambahan_realisasi":1285213685,"jumlah_tki":20,"jumlah_tka":0,"jumlah_proyek":1},{"nama_perusahaan":"MERATUS HYDRO POWER","tambahan_realisasi":1650000,"jumlah_tki":0,"jumlah_tka":0,"jumlah_proyek":1},{"nama_perusahaan":"CAHAYA ANUGRAH SARANA CATERING","tambahan_realisasi":0,"jumlah_tki":0,"jumlah_tka":0,"jumlah_proyek":2},{"nama_perusahaan":"JAYA MANDIRI SUKSES","tambahan_realisasi":0,"jumlah_tki":0,"jumlah_tka":0,"jumlah_proyek":1},{"nama_perusahaan":"MITRA SETIA TANAH BUMBU","tambahan_realisasi":0,"jumlah_tki":0,"jumlah_tka":0,"jumlah_proyek":1},{"nama_perusahaan":"VKS DRILLTEK INDO","tambahan_realisasi":0,"jumlah_tki":0,"jumlah_tka":0,"jumlah_proyek":1}],"total":2510814837712},"PMDN":{"data":[{"nama_perusahaan":"PUTRA PERKASA ABADI","tambahan_realisasi":440891512970,"jumlah_tki":561,"jumlah_tka":0,"jumlah_proyek":3},{"nama_perusahaan":"DUA SAMUDERA PERKASA","tambahan_realisasi":338553745351,"jumlah_tki":24,"jumlah_tka":0,"jumlah_proyek":3},{"nama_perusahaan":"BORNEO INDOBARA","tambahan_realisasi":148300672954,"jumlah_tki":6,"jumlah_tka":0,"jumlah_proyek":34},{"nama_perusahaan":"JHONLIN AGRO RAYA Tbk","tambahan_realisasi":139466902491,"jumlah_tki":232,"jumlah_tka":0,"jumlah_proyek":2},{"nama_perusahaan":"JHONLIN AGRO LESTARI","tambahan_realisasi":94555509589,"jumlah_tki":232,"jumlah_tka":0,"jumlah_proyek":1},{"nama_perusahaan":"KODECO AGROJAYA MANDIRI","tambahan_realisasi":70231563086,"jumlah_tki":102,"jumlah_tka":0,"jumlah_proyek":4},{"nama_perusahaan":"MAMING PROPERTI BATULICIN","tambahan_realisasi":37142843910,"jumlah_tki":0,"jumlah_tka":0,"jumlah_proyek":1},{"nama_perusahaan":"REZKI BATULICIN TRANSPORT","tambahan_realisasi":34928037100,"jumlah_tki":0,"jumlah_tka":0,"jumlah_proyek":4},{"nama_perusahaan":"WAHANA BARATAMA MINING","tambahan_realisasi":16950602545,"jumlah_tki":0,"jumlah_tka":0,"jumlah_proyek":1},{"nama_perusahaan":"TANAH BUMBU RESOURCES","tambahan_realisasi":10680308978,"jumlah_tki":0,"jumlah_tka":0,"jumlah_proyek":2},{"nama_perusahaan":"ROYAN BATU PERKASA","tambahan_realisasi":4713540028,"jumlah_tki":0,"jumlah_tka":0,"jumlah_proyek":1},{"nama_perusahaan":"SANGGAR SARANA BAJA","tambahan_realisasi":4021566350,"jumlah_tki":0,"jumlah_tka":0,"jumlah_proyek":1},{"nama_perusahaan":"ANZAWARA SATRIA","tambahan_realisasi":3444811501,"jumlah_tki":71,"jumlah_tka":0,"jumlah_proyek":1},{"nama_perusahaan":"UDANG MARIANI ENAM SEMBILAN","tambahan_realisasi":3247293086,"jumlah_tki":0,"jumlah_tka":0,"jumlah_proyek":2},{"nama_perusahaan":"DAYA INDAH ANDALAN","tambahan_realisasi":3235902840,"jumlah_tki":0,"jumlah_tka":0,"jumlah_proyek":2},{"nama_perusahaan":"UNITED TRACTORS","tambahan_realisasi":2340774700,"jumlah_tki":0,"jumlah_tka":0,"jumlah_proyek":36},{"nama_perusahaan":"PERUSAHAAN PERSEROAN (PERSERO) PT SUPERINTENDING COMPANY OF INDONESIA","tambahan_realisasi":1756200000,"jumlah_tki":0,"jumlah_tka":0,"jumlah_proyek":1},{"nama_perusahaan":"RAYANE BATULICIN TRANSPORT","tambahan_realisasi":1022146463,"jumlah_tki":0,"jumlah_tka":0,"jumlah_proyek":2},{"nama_perusahaan":"PINUS MERAH ABADI","tambahan_realisasi":879000000,"jumlah_tki":0,"jumlah_tka":0,"jumlah_proyek":1},{"nama_perusahaan":"BATULICIN BUMI BERSUJUD","tambahan_realisasi":650802919,"jumlah_tki":0,"jumlah_tka":0,"jumlah_proyek":2},{"nama_perusahaan":"AXIS PRATAMA INDONESIA","tambahan_realisasi":607779311,"jumlah_tki":0,"jumlah_tka":0,"jumlah_proyek":4},{"nama_perusahaan":"TIRTAKENCANA TATAWARNA","tambahan_realisasi":452171699,"jumlah_tki":0,"jumlah_tka":0,"jumlah_proyek":6},{"nama_perusahaan":"GRAND DUTA BORNEO","tambahan_realisasi":416150282,"jumlah_tki":0,"jumlah_tka":0,"jumlah_proyek":2},{"nama_perusahaan":"KARYA ABIDIN BERSAMA","tambahan_realisasi":300000000,"jumlah_tki":0,"jumlah_tka":0,"jumlah_proyek":2},{"nama_perusahaan":"MANDIRI AMAN SEKAWAN","tambahan_realisasi":200000000,"jumlah_tki":0,"jumlah_tka":0,"jumlah_proyek":40},{"nama_perusahaan":"KHARISMA KAISAR BATULICIN","tambahan_realisasi":191200000,"jumlah_tki":10,"jumlah_tka":0,"jumlah_proyek":5},{"nama_perusahaan":"MANDIRI AMAN SEJAHTERA","tambahan_realisasi":180000000,"jumlah_tki":0,"jumlah_tka":0,"jumlah_proyek":53},{"nama_perusahaan":"TRAKINDO UTAMA","tambahan_realisasi":171000000,"jumlah_tki":0,"jumlah_tka":0,"jumlah_proyek":2},{"nama_perusahaan":"SUMBER ALFARIA TRIJAYA","tambahan_realisasi":157939807,"jumlah_tki":0,"jumlah_tka":0,"jumlah_proyek":20},{"nama_perusahaan":"INDOMARCO PRISMATAMA","tambahan_realisasi":112630733,"jumlah_tki":0,"jumlah_tka":0,"jumlah_proyek":7},{"nama_perusahaan":"SUMBERDAYA SEWATAMA","tambahan_realisasi":110000000,"jumlah_tki":0,"jumlah_tka":0,"jumlah_proyek":1},{"nama_perusahaan":"JEMBATAN NUSANTARA","tambahan_realisasi":100000000,"jumlah_tki":0,"jumlah_tka":0,"jumlah_proyek":1},{"nama_perusahaan":"REFANGGA JAYA LAND","tambahan_realisasi":100000000,"jumlah_tki":0,"jumlah_tka":0,"jumlah_proyek":9},{"nama_perusahaan":"SILIKA MITRA PERKASA","tambahan_realisasi":80416667,"jumlah_tki":0,"jumlah_tka":0,"jumlah_proyek":1},{"nama_perusahaan":"SINARNIAGA SEJAHTERA","tambahan_realisasi":80324472,"jumlah_tki":0,"jumlah_tka":0,"jumlah_proyek":1},{"nama_perusahaan":"BATU GUNUNG DELAPAN ENAM","tambahan_realisasi":80208333,"jumlah_tki":0,"jumlah_tka":0,"jumlah_proyek":1},{"nama_perusahaan":"ASDP INDONESIA FERRY","tambahan_realisasi":64500000,"jumlah_tki":1,"jumlah_tka":0,"jumlah_proyek":2},{"nama_perusahaan":"WARGI SANTOSA","tambahan_realisasi":50000000,"jumlah_tki":0,"jumlah_tka":0,"jumlah_proyek":10},{"nama_perusahaan":"FAST FOOD INDONESIA","tambahan_realisasi":31596660,"jumlah_tki":22,"jumlah_tka":0,"jumlah_proyek":1},{"nama_perusahaan":"BUMI NUSA PALAPA","tambahan_realisasi":30024236,"jumlah_tki":0,"jumlah_tka":0,"jumlah_proyek":1},{"nama_perusahaan":"PESTA PORA ABADI","tambahan_realisasi":16446200,"jumlah_tki":88,"jumlah_tka":0,"jumlah_proyek":3},{"nama_perusahaan":"NUSANTARA BATULICIN","tambahan_realisasi":12000000,"jumlah_tki":0,"jumlah_tka":0,"jumlah_proyek":1},{"nama_perusahaan":"TUNAS TIMUR","tambahan_realisasi":2450000,"jumlah_tki":0,"jumlah_tka":0,"jumlah_proyek":2},{"nama_perusahaan":"SUMBER BERLIAN MOTORS","tambahan_realisasi":1364000,"jumlah_tki":0,"jumlah_tka":0,"jumlah_proyek":2},{"nama_perusahaan":"SENTRA AGRO SUMBER RAYA","tambahan_realisasi":1250000,"jumlah_tki":0,"jumlah_tka":0,"jumlah_proyek":3},{"nama_perusahaan":"DAYA INDAH YASA","tambahan_realisasi":1010873,"jumlah_tki":0,"jumlah_tka":0,"jumlah_proyek":1},{"nama_perusahaan":"GEMA TAMBANG NUSANTARA","tambahan_realisasi":568744,"jumlah_tki":0,"jumlah_tka":0,"jumlah_proyek":1},{"nama_perusahaan":"ADIDAYA AKBAR BERKARYA","tambahan_realisasi":345946,"jumlah_tki":3,"jumlah_tka":0,"jumlah_proyek":3},{"nama_perusahaan":"ADISURYA CIPTA LESTARI","tambahan_realisasi":0,"jumlah_tki":0,"jumlah_tka":0,"jumlah_proyek":3},{"nama_perusahaan":"AMANAH PUTRA BORNEO","tambahan_realisasi":0,"jumlah_tki":0,"jumlah_tka":0,"jumlah_proyek":2},{"nama_perusahaan":"ANDIFA KHARISMA BORNEO PRATAMA","tambahan_realisasi":0,"jumlah_tki":9,"jumlah_tka":0,"jumlah_proyek":7},{"nama_perusahaan":"ANDIFA NUSA SAMUDERA","tambahan_realisasi":0,"jumlah_tki":9,"jumlah_tka":0,"jumlah_proyek":5},{"nama_perusahaan":"ANDIFA PERKASA ENERGI","tambahan_realisasi":0,"jumlah_tki":0,"jumlah_tka":0,"jumlah_proyek":3},{"nama_perusahaan":"ANGSANA JAYA ENERGI","tambahan_realisasi":0,"jumlah_tki":0,"jumlah_tka":0,"jumlah_proyek":1},{"nama_perusahaan":"ANINDYA WIRAPUTRA KONSULT","tambahan_realisasi":0,"jumlah_tki":0,"jumlah_tka":0,"jumlah_proyek":3},{"nama_perusahaan":"ARUTMIN INDONESIA","tambahan_realisasi":0,"jumlah_tki":0,"jumlah_tka":0,"jumlah_proyek":7},{"nama_perusahaan":"BANDAR INDO RAYA","tambahan_realisasi":0,"jumlah_tki":0,"jumlah_tka":0,"jumlah_proyek":1},{"nama_perusahaan":"BANGUN ARTA HUTAMA","tambahan_realisasi":0,"jumlah_tki":0,"jumlah_tka":0,"jumlah_proyek":9},{"nama_perusahaan":"BARA ASIA COALTRADE","tambahan_realisasi":0,"jumlah_tki":0,"jumlah_tka":0,"jumlah_proyek":1},{"nama_perusahaan":"BATULICIN ENAM SEMBILAN","tambahan_realisasi":0,"jumlah_tki":0,"jumlah_tka":0,"jumlah_proyek":1},{"nama_perusahaan":"BATULICIN ENAM SEMBILAN PELABUHAN","tambahan_realisasi":0,"jumlah_tki":0,"jumlah_tka":0,"jumlah_proyek":1},{"nama_perusahaan":"BATULICIN ENAM SEMBILAN PERTAMBANGAN","tambahan_realisasi":0,"jumlah_tki":0,"jumlah_tka":0,"jumlah_proyek":2},{"nama_perusahaan":"BATULICIN ENAM SEMBILAN TRANSPORTASI","tambahan_realisasi":0,"jumlah_tki":0,"jumlah_tka":0,"jumlah_proyek":1},{"nama_perusahaan":"BATULICIN NUSANTARA MARITIM","tambahan_realisasi":0,"jumlah_tki":0,"jumlah_tka":0,"jumlah_proyek":1},{"nama_perusahaan":"BAYAN RESOURCES","tambahan_realisasi":0,"jumlah_tki":0,"jumlah_tka":0,"jumlah_proyek":2},{"nama_perusahaan":"BINA BATULICIN USAHA","tambahan_realisasi":0,"jumlah_tki":0,"jumlah_tka":0,"jumlah_proyek":1},{"nama_perusahaan":"BINA INDO RAYA","tambahan_realisasi":0,"jumlah_tki":0,"jumlah_tka":0,"jumlah_proyek":1},{"nama_perusahaan":"BINA KARYA PUTRA BATULICIN","tambahan_realisasi":0,"jumlah_tki":0,"jumlah_tka":0,"jumlah_proyek":1},{"nama_perusahaan":"BINA USAHA BATULICIN","tambahan_realisasi":0,"jumlah_tki":0,"jumlah_tka":0,"jumlah_proyek":4},{"nama_perusahaan":"BORNEO MITRA BARATAMA","tambahan_realisasi":0,"jumlah_tki":0,"jumlah_tka":0,"jumlah_proyek":1},{"nama_perusahaan":"BORNEO PALM PLANTATION","tambahan_realisasi":0,"jumlah_tki":0,"jumlah_tka":0,"jumlah_proyek":2},{"nama_perusahaan":"BUANA RINDANG LESTARI","tambahan_realisasi":0,"jumlah_tki":1,"jumlah_tka":0,"jumlah_proyek":4},{"nama_perusahaan":"BUKIT MAKMUR MANDIRI UTAMA","tambahan_realisasi":0,"jumlah_tki":0,"jumlah_tka":0,"jumlah_proyek":1},{"nama_perusahaan":"CAKRAWALA LANGIT SEJAHTERA","tambahan_realisasi":0,"jumlah_tki":0,"jumlah_tka":0,"jumlah_proyek":1},{"nama_perusahaan":"CIPTA KRIDA BAHARI","tambahan_realisasi":0,"jumlah_tki":0,"jumlah_tka":0,"jumlah_proyek":2},{"nama_perusahaan":"CIPTA KRIDATAMA","tambahan_realisasi":0,"jumlah_tki":0,"jumlah_tka":0,"jumlah_proyek":2},{"nama_perusahaan":"CMP MOTOR SPORT","tambahan_realisasi":0,"jumlah_tki":0,"jumlah_tka":0,"jumlah_proyek":3},{"nama_perusahaan":"DARMA HENWA","tambahan_realisasi":0,"jumlah_tki":0,"jumlah_tka":0,"jumlah_proyek":2},{"nama_perusahaan":"DAYA ENERGI TEKNIK","tambahan_realisasi":0,"jumlah_tki":4,"jumlah_tka":0,"jumlah_proyek":3},{"nama_perusahaan":"DELTA GARDA PERSADA","tambahan_realisasi":0,"jumlah_tki":0,"jumlah_tka":0,"jumlah_proyek":1},{"nama_perusahaan":"DIANTA DAYA EMBARA","tambahan_realisasi":0,"jumlah_tki":0,"jumlah_tka":0,"jumlah_proyek":3},{"nama_perusahaan":"DUA KOTA LAUT","tambahan_realisasi":0,"jumlah_tki":0,"jumlah_tka":0,"jumlah_proyek":1},{"nama_perusahaan":"ENAM SEMBILAN NIAGA NIKEL","tambahan_realisasi":0,"jumlah_tki":0,"jumlah_tka":0,"jumlah_proyek":1},{"nama_perusahaan":"ENAM SEMBILAN TRADING BATUBARA","tambahan_realisasi":0,"jumlah_tki":0,"jumlah_tka":0,"jumlah_proyek":1},{"nama_perusahaan":"GARUDA WISNU AMERTA","tambahan_realisasi":0,"jumlah_tki":0,"jumlah_tka":0,"jumlah_proyek":1},{"nama_perusahaan":"GUNUNG MAYANG STONE","tambahan_realisasi":0,"jumlah_tki":0,"jumlah_tka":0,"jumlah_proyek":1},{"nama_perusahaan":"HAJI MAMING PELABUHAN","tambahan_realisasi":0,"jumlah_tki":0,"jumlah_tka":0,"jumlah_proyek":1},{"nama_perusahaan":"HALONG JAYA BERGETAR","tambahan_realisasi":0,"jumlah_tki":0,"jumlah_tka":0,"jumlah_proyek":1},{"nama_perusahaan":"JHONLIN AGRO MANDIRI","tambahan_realisasi":0,"jumlah_tki":0,"jumlah_tka":0,"jumlah_proyek":1},{"nama_perusahaan":"KRIDA CIPTA SATYA","tambahan_realisasi":0,"jumlah_tki":0,"jumlah_tka":0,"jumlah_proyek":3},{"nama_perusahaan":"LADANGRUMPUN SUBURABADI","tambahan_realisasi":0,"jumlah_tki":0,"jumlah_tka":0,"jumlah_proyek":8},{"nama_perusahaan":"LINTAS FORTUNA NUSANTARA","tambahan_realisasi":0,"jumlah_tki":0,"jumlah_tka":0,"jumlah_proyek":1},{"nama_perusahaan":"MAMING ENAM SEMBILAN","tambahan_realisasi":0,"jumlah_tki":0,"jumlah_tka":0,"jumlah_proyek":1},{"nama_perusahaan":"MENARA ANGKASA SEMESTA","tambahan_realisasi":0,"jumlah_tki":0,"jumlah_tka":0,"jumlah_proyek":6},{"nama_perusahaan":"MERATUS JAYA IRON & STEEL","tambahan_realisasi":0,"jumlah_tki":0,"jumlah_tka":0,"jumlah_proyek":1},{"nama_perusahaan":"MITRA JASA SEBAMBAN UTAMA","tambahan_realisasi":0,"jumlah_tki":2,"jumlah_tka":0,"jumlah_proyek":3},{"nama_perusahaan":"MITRA SEHAT CARE","tambahan_realisasi":0,"jumlah_tki":1,"jumlah_tka":0,"jumlah_proyek":1},{"nama_perusahaan":"MITRAJAYA ABADI BERSAMA","tambahan_realisasi":0,"jumlah_tki":0,"jumlah_tka":0,"jumlah_proyek":2},{"nama_perusahaan":"NAGATA BIO ENERGI","tambahan_realisasi":0,"jumlah_tki":0,"jumlah_tka":0,"jumlah_proyek":2},{"nama_perusahaan":"NAWAKARA PERKASA NUSANTARA","tambahan_realisasi":0,"jumlah_tki":169,"jumlah_tka":0,"jumlah_proyek":2},{"nama_perusahaan":"ONO KREASI GASINDO","tambahan_realisasi":0,"jumlah_tki":0,"jumlah_tka":0,"jumlah_proyek":2},{"nama_perusahaan":"PAGAR MULYA KARYATAMA","tambahan_realisasi":0,"jumlah_tki":6,"jumlah_tka":0,"jumlah_proyek":4},{"nama_perusahaan":"PELABUHAN BUANA REJA","tambahan_realisasi":0,"jumlah_tki":0,"jumlah_tka":0,"jumlah_proyek":2},{"nama_perusahaan":"PELAYARAN BAHTERA ADHIGUNA","tambahan_realisasi":0,"jumlah_tki":0,"jumlah_tka":0,"jumlah_proyek":1},{"nama_perusahaan":"PERKEBUNAN NUSANTARA IV","tambahan_realisasi":0,"jumlah_tki":0,"jumlah_tka":0,"jumlah_proyek":1},{"nama_perusahaan":"PERUSAHAAN PERSEROAN (PERSERO) PT PELABUHAN INDONESIA DISINGKAT PT PELABUHAN INDONESIA (PERSERO)","tambahan_realisasi":0,"jumlah_tki":0,"jumlah_tka":0,"jumlah_proyek":1},{"nama_perusahaan":"PROFESIONAL TELEKOMUNIKASI INDONESIA","tambahan_realisasi":0,"jumlah_tki":0,"jumlah_tka":0,"jumlah_proyek":8},{"nama_perusahaan":"RASYA PRATAMA MANDIRI","tambahan_realisasi":0,"jumlah_tki":0,"jumlah_tka":0,"jumlah_proyek":38},{"nama_perusahaan":"SAJANG HEULANG","tambahan_realisasi":0,"jumlah_tki":0,"jumlah_tka":0,"jumlah_proyek":8},{"nama_perusahaan":"SALAM PACIFIC INDONESIA LINES","tambahan_realisasi":0,"jumlah_tki":0,"jumlah_tka":0,"jumlah_proyek":1},{"nama_perusahaan":"SAMATOR GAS INDUSTRI","tambahan_realisasi":0,"jumlah_tki":0,"jumlah_tka":0,"jumlah_proyek":1},{"nama_perusahaan":"SAPTAINDRA SEJATI","tambahan_realisasi":0,"jumlah_tki":0,"jumlah_tka":0,"jumlah_proyek":1},{"nama_perusahaan":"SEIA MITRA MANDIRI","tambahan_realisasi":0,"jumlah_tki":0,"jumlah_tka":0,"jumlah_proyek":1},{"nama_perusahaan":"SERASI SHIPPING INDONESIA","tambahan_realisasi":0,"jumlah_tki":0,"jumlah_tka":0,"jumlah_proyek":1},{"nama_perusahaan":"SINAR BINTANG MULIA","tambahan_realisasi":0,"jumlah_tki":0,"jumlah_tka":0,"jumlah_proyek":12},{"nama_perusahaan":"SINAR JAYA KOMUNIKA","tambahan_realisasi":0,"jumlah_tki":0,"jumlah_tka":0,"jumlah_proyek":4},{"nama_perusahaan":"SOLUSI TUNAS PRATAMA","tambahan_realisasi":0,"jumlah_tki":0,"jumlah_tka":0,"jumlah_proyek":7},{"nama_perusahaan":"SUMBER CIPTA MULTINIAGA","tambahan_realisasi":0,"jumlah_tki":0,"jumlah_tka":0,"jumlah_proyek":1},{"nama_perusahaan":"SUNGAI DANAU JAYA","tambahan_realisasi":0,"jumlah_tki":0,"jumlah_tka":0,"jumlah_proyek":3},{"nama_perusahaan":"SUPRIMA MITRA ADIHUSADA","tambahan_realisasi":0,"jumlah_tki":0,"jumlah_tka":0,"jumlah_proyek":2},{"nama_perusahaan":"TATA BUANA KARYA","tambahan_realisasi":0,"jumlah_tki":0,"jumlah_tka":0,"jumlah_proyek":1},{"nama_perusahaan":"TIMUR SATRIA PERKASA","tambahan_realisasi":0,"jumlah_tki":0,"jumlah_tka":0,"jumlah_proyek":1},{"nama_perusahaan":"TOWER BERSAMA","tambahan_realisasi":0,"jumlah_tki":0,"jumlah_tka":0,"jumlah_proyek":5},{"nama_perusahaan":"TUNAS INTI ABADI","tambahan_realisasi":0,"jumlah_tki":0,"jumlah_tka":0,"jumlah_proyek":3},{"nama_perusahaan":"VIJETA BOLA SEMBILAN","tambahan_realisasi":0,"jumlah_tki":7,"jumlah_tka":0,"jumlah_proyek":1},{"nama_perusahaan":"WAHANA KONSTRUKSI MANDIRI","tambahan_realisasi":0,"jumlah_tki":0,"jumlah_tka":0,"jumlah_proyek":17},{"nama_perusahaan":"WIJAYA SUKSES MULYA","tambahan_realisasi":0,"jumlah_tki":0,"jumlah_tka":0,"jumlah_proyek":55},{"nama_perusahaan":"WORLD TERMINALINDO","tambahan_realisasi":0,"jumlah_tki":0,"jumlah_tka":0,"jumlah_proyek":1}],"total":1360565114824}}
DEBUG - 2026-04-15 23:16:45 --> QuarterlyChartService - Total uploads: 1
DEBUG - 2026-04-15 23:16:45 --> QuarterlyChartService - Selected year: all
DEBUG - 2026-04-15 23:16:45 --> Processing upload ID: 166, Status: completed, Year: 2025, Quarter: Q4
DEBUG - 2026-04-15 23:16:45 --> Upload ID 166 - PMA: 2510814837712, PMDN: 1360565114824
DEBUG - 2026-04-15 23:16:45 --> Added to Q4: 3871379952536 (Total now: 3871379952536)
DEBUG - 2026-04-15 23:16:45 --> Final quarterly data before conversion: {"Q1":0,"Q2":0,"Q3":0,"Q4":3871379952536}
DEBUG - 2026-04-15 23:16:45 --> QuarterlyChartService (All Years) - Total uploads: 1
DEBUG - 2026-04-15 23:16:45 --> Initialized year: 2025
DEBUG - 2026-04-15 23:16:45 --> Upload ID 166 - PMA: 2510814837712, PMDN: 1360565114824
DEBUG - 2026-04-15 23:16:45 --> Added to Q4: 3871379952536 (Total now: 3871379952536)
DEBUG - 2026-04-15 23:16:45 --> Yearly quarterly data before conversion: {"2025":{"Q1":0,"Q2":0,"Q3":0,"Q4":3871379952536}}
DEBUG - 2026-04-15 23:16:45 --> QuarterlyChartService (All Years) - Final result: {"2025":{"labels":["Q1","Q2","Q3","Q4"],"values":[0,0,0,3871379952536]}}
WARNING - 2026-04-15 23:18:13 --> [DEPRECATED] ini_set(): session.sid_length INI setting is deprecated in SYSTEMPATH/Session/Handlers/FileHandler.php on line 321.
 1 SYSTEMPATH/Session/Handlers/FileHandler.php(321): ini_set('session.sid_length', '40')
 2 SYSTEMPATH/Session/Handlers/FileHandler.php(85): CodeIgniter\Session\Handlers\FileHandler->configureSessionIDRegex()
 3 SYSTEMPATH/Config/Services.php(697): CodeIgniter\Session\Handlers\FileHandler->__construct(Object(Config\Session), '::1')
 4 SYSTEMPATH/Config/BaseService.php(312): CodeIgniter\Config\Services::session(Object(Config\Session), false)
 5 SYSTEMPATH/Config/BaseService.php(251): CodeIgniter\Config\BaseService::__callStatic('session', [...])
 6 SYSTEMPATH/Config/Services.php(668): CodeIgniter\Config\BaseService::getSharedInstance('session', null)
 7 SYSTEMPATH/Config/BaseService.php(321): CodeIgniter\Config\Services::session()
 8 SYSTEMPATH/Config/BaseService.php(202): CodeIgniter\Config\BaseService::__callStatic('session', [])
 9 SYSTEMPATH/Common.php(998): CodeIgniter\Config\BaseService::get('session')
10 SYSTEMPATH/Common.php(971): service('session')
11 APPPATH/Filters/RoleFilter.php(13): session()
12 SYSTEMPATH/Filters/Filters.php(203): App\Filters\RoleFilter->before(Object(CodeIgniter\HTTP\IncomingRequest), null)
13 SYSTEMPATH/Filters/Filters.php(184): CodeIgniter\Filters\Filters->runBefore([...])
14 SYSTEMPATH/CodeIgniter.php(481): CodeIgniter\Filters\Filters->run('dashboard', 'before')
15 SYSTEMPATH/CodeIgniter.php(355): CodeIgniter\CodeIgniter->handleRequest(null, Object(Config\Cache), false)
16 SYSTEMPATH/Boot.php(325): CodeIgniter\CodeIgniter->run()
17 SYSTEMPATH/Boot.php(67): CodeIgniter\Boot::runCodeIgniter(Object(CodeIgniter\CodeIgniter))
18 FCPATH/index.php(60): CodeIgniter\Boot::bootWeb(Object(Config\Paths))
19 SYSTEMPATH/rewrite.php(44): require_once('/home/Gilang/DPMPTSP/DataInvest/public/index.php')
WARNING - 2026-04-15 23:18:13 --> [DEPRECATED] Return type of CodeIgniter\I18n\TimeTrait::createFromTimestamp(int|float $timestamp) should either be compatible with DateTimeImmutable::createFromTimestamp(int|float $timestamp): static, or the #[\ReturnTypeWillChange] attribute should be used to temporarily suppress the notice in SYSTEMPATH/I18n/TimeTrait.php on line 268.
 1 VENDORPATH/composer/ClassLoader.php(576): include('/home/Gilang/DPMPTSP/DataInvest/system/I18n/Time.php')
 2 VENDORPATH/composer/ClassLoader.php(427): {closure:Composer\Autoload\ClassLoader::initializeIncludeClosure():575}('/home/Gilang/DPMPTSP/DataInvest/vendor/composer/../../system/I18n/Time.php')
 3 SYSTEMPATH/Session/Session.php(193): Composer\Autoload\ClassLoader->loadClass('CodeIgniter\\I18n\\Time')
 4 SYSTEMPATH/Config/Services.php(700): CodeIgniter\Session\Session->__construct(Object(CodeIgniter\Session\Handlers\FileHandler), Object(Config\Session))
 5 SYSTEMPATH/Config/BaseService.php(312): CodeIgniter\Config\Services::session(Object(Config\Session), false)
 6 SYSTEMPATH/Config/BaseService.php(251): CodeIgniter\Config\BaseService::__callStatic('session', [...])
 7 SYSTEMPATH/Config/Services.php(668): CodeIgniter\Config\BaseService::getSharedInstance('session', null)
 8 SYSTEMPATH/Config/BaseService.php(321): CodeIgniter\Config\Services::session()
 9 SYSTEMPATH/Config/BaseService.php(202): CodeIgniter\Config\BaseService::__callStatic('session', [])
10 SYSTEMPATH/Common.php(998): CodeIgniter\Config\BaseService::get('session')
11 SYSTEMPATH/Common.php(971): service('session')
12 APPPATH/Filters/RoleFilter.php(13): session()
13 SYSTEMPATH/Filters/Filters.php(203): App\Filters\RoleFilter->before(Object(CodeIgniter\HTTP\IncomingRequest), null)
14 SYSTEMPATH/Filters/Filters.php(184): CodeIgniter\Filters\Filters->runBefore([...])
15 SYSTEMPATH/CodeIgniter.php(481): CodeIgniter\Filters\Filters->run('dashboard', 'before')
16 SYSTEMPATH/CodeIgniter.php(355): CodeIgniter\CodeIgniter->handleRequest(null, Object(Config\Cache), false)
17 SYSTEMPATH/Boot.php(325): CodeIgniter\CodeIgniter->run()
18 SYSTEMPATH/Boot.php(67): CodeIgniter\Boot::runCodeIgniter(Object(CodeIgniter\CodeIgniter))
19 FCPATH/index.php(60): CodeIgniter\Boot::bootWeb(Object(Config\Paths))
20 SYSTEMPATH/rewrite.php(44): require_once('/home/Gilang/DPMPTSP/DataInvest/public/index.php')
INFO - 2026-04-15 23:18:13 --> Session: Class initialized using 'CodeIgniter\Session\Handlers\FileHandler' driver.
DEBUG - 2026-04-15 23:18:13 --> === getSectorCountByCompany START ===
DEBUG - 2026-04-15 23:18:13 --> Upload ID: {"jenis_investasi":"PMA"}
DEBUG - 2026-04-15 23:18:13 --> Filters: []
DEBUG - 2026-04-15 23:18:13 --> PMA records found: 0
DEBUG - 2026-04-15 23:18:13 --> PMDN records found: 0
DEBUG - 2026-04-15 23:18:13 --> === getSectorCountByCompany END ===
DEBUG - 2026-04-15 23:18:13 --> === getSectorCountByCompany START ===
DEBUG - 2026-04-15 23:18:13 --> Upload ID: {"jenis_investasi":"PMDN"}
DEBUG - 2026-04-15 23:18:13 --> Filters: []
DEBUG - 2026-04-15 23:18:13 --> PMA records found: 0
DEBUG - 2026-04-15 23:18:13 --> PMDN records found: 0
DEBUG - 2026-04-15 23:18:13 --> === getSectorCountByCompany END ===
DEBUG - 2026-04-15 23:18:13 --> === getSectorCountByCompany START ===
DEBUG - 2026-04-15 23:18:13 --> Upload ID: 166
DEBUG - 2026-04-15 23:18:13 --> Filters: []
DEBUG - 2026-04-15 23:18:13 --> PMA records found: 10
DEBUG - 2026-04-15 23:18:13 --> PMDN records found: 128
DEBUG - 2026-04-15 23:18:13 --> === getSectorCountByCompany END ===
DEBUG - 2026-04-15 23:18:13 --> Sector count in DashboardService: {"PMA":{"data":[{"nama_perusahaan":"TRANSCOAL MINERGY","tambahan_realisasi":2255862677068,"jumlah_tki":18,"jumlah_tka":41,"jumlah_proyek":4},{"nama_perusahaan":"ANUGERAH BAROKAH CAKRAWALA","tambahan_realisasi":142647000000,"jumlah_tki":0,"jumlah_tka":0,"jumlah_proyek":6},{"nama_perusahaan":"ANUGERAH BAROKAH ENERGI BARU","tambahan_realisasi":95321760000,"jumlah_tki":0,"jumlah_tka":4,"jumlah_proyek":1},{"nama_perusahaan":"THIESS CONTRACTORS INDONESIA","tambahan_realisasi":15696536959,"jumlah_tki":0,"jumlah_tka":0,"jumlah_proyek":2},{"nama_perusahaan":"YIWAN MINING","tambahan_realisasi":1285213685,"jumlah_tki":20,"jumlah_tka":0,"jumlah_proyek":1},{"nama_perusahaan":"MERATUS HYDRO POWER","tambahan_realisasi":1650000,"jumlah_tki":0,"jumlah_tka":0,"jumlah_proyek":1},{"nama_perusahaan":"CAHAYA ANUGRAH SARANA CATERING","tambahan_realisasi":0,"jumlah_tki":0,"jumlah_tka":0,"jumlah_proyek":2},{"nama_perusahaan":"JAYA MANDIRI SUKSES","tambahan_realisasi":0,"jumlah_tki":0,"jumlah_tka":0,"jumlah_proyek":1},{"nama_perusahaan":"MITRA SETIA TANAH BUMBU","tambahan_realisasi":0,"jumlah_tki":0,"jumlah_tka":0,"jumlah_proyek":1},{"nama_perusahaan":"VKS DRILLTEK INDO","tambahan_realisasi":0,"jumlah_tki":0,"jumlah_tka":0,"jumlah_proyek":1}],"total":2510814837712},"PMDN":{"data":[{"nama_perusahaan":"PUTRA PERKASA ABADI","tambahan_realisasi":440891512970,"jumlah_tki":561,"jumlah_tka":0,"jumlah_proyek":3},{"nama_perusahaan":"DUA SAMUDERA PERKASA","tambahan_realisasi":338553745351,"jumlah_tki":24,"jumlah_tka":0,"jumlah_proyek":3},{"nama_perusahaan":"BORNEO INDOBARA","tambahan_realisasi":148300672954,"jumlah_tki":6,"jumlah_tka":0,"jumlah_proyek":34},{"nama_perusahaan":"JHONLIN AGRO RAYA Tbk","tambahan_realisasi":139466902491,"jumlah_tki":232,"jumlah_tka":0,"jumlah_proyek":2},{"nama_perusahaan":"JHONLIN AGRO LESTARI","tambahan_realisasi":94555509589,"jumlah_tki":232,"jumlah_tka":0,"jumlah_proyek":1},{"nama_perusahaan":"KODECO AGROJAYA MANDIRI","tambahan_realisasi":70231563086,"jumlah_tki":102,"jumlah_tka":0,"jumlah_proyek":4},{"nama_perusahaan":"MAMING PROPERTI BATULICIN","tambahan_realisasi":37142843910,"jumlah_tki":0,"jumlah_tka":0,"jumlah_proyek":1},{"nama_perusahaan":"REZKI BATULICIN TRANSPORT","tambahan_realisasi":34928037100,"jumlah_tki":0,"jumlah_tka":0,"jumlah_proyek":4},{"nama_perusahaan":"WAHANA BARATAMA MINING","tambahan_realisasi":16950602545,"jumlah_tki":0,"jumlah_tka":0,"jumlah_proyek":1},{"nama_perusahaan":"TANAH BUMBU RESOURCES","tambahan_realisasi":10680308978,"jumlah_tki":0,"jumlah_tka":0,"jumlah_proyek":2},{"nama_perusahaan":"ROYAN BATU PERKASA","tambahan_realisasi":4713540028,"jumlah_tki":0,"jumlah_tka":0,"jumlah_proyek":1},{"nama_perusahaan":"SANGGAR SARANA BAJA","tambahan_realisasi":4021566350,"jumlah_tki":0,"jumlah_tka":0,"jumlah_proyek":1},{"nama_perusahaan":"ANZAWARA SATRIA","tambahan_realisasi":3444811501,"jumlah_tki":71,"jumlah_tka":0,"jumlah_proyek":1},{"nama_perusahaan":"UDANG MARIANI ENAM SEMBILAN","tambahan_realisasi":3247293086,"jumlah_tki":0,"jumlah_tka":0,"jumlah_proyek":2},{"nama_perusahaan":"DAYA INDAH ANDALAN","tambahan_realisasi":3235902840,"jumlah_tki":0,"jumlah_tka":0,"jumlah_proyek":2},{"nama_perusahaan":"UNITED TRACTORS","tambahan_realisasi":2340774700,"jumlah_tki":0,"jumlah_tka":0,"jumlah_proyek":36},{"nama_perusahaan":"PERUSAHAAN PERSEROAN (PERSERO) PT SUPERINTENDING COMPANY OF INDONESIA","tambahan_realisasi":1756200000,"jumlah_tki":0,"jumlah_tka":0,"jumlah_proyek":1},{"nama_perusahaan":"RAYANE BATULICIN TRANSPORT","tambahan_realisasi":1022146463,"jumlah_tki":0,"jumlah_tka":0,"jumlah_proyek":2},{"nama_perusahaan":"PINUS MERAH ABADI","tambahan_realisasi":879000000,"jumlah_tki":0,"jumlah_tka":0,"jumlah_proyek":1},{"nama_perusahaan":"BATULICIN BUMI BERSUJUD","tambahan_realisasi":650802919,"jumlah_tki":0,"jumlah_tka":0,"jumlah_proyek":2},{"nama_perusahaan":"AXIS PRATAMA INDONESIA","tambahan_realisasi":607779311,"jumlah_tki":0,"jumlah_tka":0,"jumlah_proyek":4},{"nama_perusahaan":"TIRTAKENCANA TATAWARNA","tambahan_realisasi":452171699,"jumlah_tki":0,"jumlah_tka":0,"jumlah_proyek":6},{"nama_perusahaan":"GRAND DUTA BORNEO","tambahan_realisasi":416150282,"jumlah_tki":0,"jumlah_tka":0,"jumlah_proyek":2},{"nama_perusahaan":"KARYA ABIDIN BERSAMA","tambahan_realisasi":300000000,"jumlah_tki":0,"jumlah_tka":0,"jumlah_proyek":2},{"nama_perusahaan":"MANDIRI AMAN SEKAWAN","tambahan_realisasi":200000000,"jumlah_tki":0,"jumlah_tka":0,"jumlah_proyek":40},{"nama_perusahaan":"KHARISMA KAISAR BATULICIN","tambahan_realisasi":191200000,"jumlah_tki":10,"jumlah_tka":0,"jumlah_proyek":5},{"nama_perusahaan":"MANDIRI AMAN SEJAHTERA","tambahan_realisasi":180000000,"jumlah_tki":0,"jumlah_tka":0,"jumlah_proyek":53},{"nama_perusahaan":"TRAKINDO UTAMA","tambahan_realisasi":171000000,"jumlah_tki":0,"jumlah_tka":0,"jumlah_proyek":2},{"nama_perusahaan":"SUMBER ALFARIA TRIJAYA","tambahan_realisasi":157939807,"jumlah_tki":0,"jumlah_tka":0,"jumlah_proyek":20},{"nama_perusahaan":"INDOMARCO PRISMATAMA","tambahan_realisasi":112630733,"jumlah_tki":0,"jumlah_tka":0,"jumlah_proyek":7},{"nama_perusahaan":"SUMBERDAYA SEWATAMA","tambahan_realisasi":110000000,"jumlah_tki":0,"jumlah_tka":0,"jumlah_proyek":1},{"nama_perusahaan":"JEMBATAN NUSANTARA","tambahan_realisasi":100000000,"jumlah_tki":0,"jumlah_tka":0,"jumlah_proyek":1},{"nama_perusahaan":"REFANGGA JAYA LAND","tambahan_realisasi":100000000,"jumlah_tki":0,"jumlah_tka":0,"jumlah_proyek":9},{"nama_perusahaan":"SILIKA MITRA PERKASA","tambahan_realisasi":80416667,"jumlah_tki":0,"jumlah_tka":0,"jumlah_proyek":1},{"nama_perusahaan":"SINARNIAGA SEJAHTERA","tambahan_realisasi":80324472,"jumlah_tki":0,"jumlah_tka":0,"jumlah_proyek":1},{"nama_perusahaan":"BATU GUNUNG DELAPAN ENAM","tambahan_realisasi":80208333,"jumlah_tki":0,"jumlah_tka":0,"jumlah_proyek":1},{"nama_perusahaan":"ASDP INDONESIA FERRY","tambahan_realisasi":64500000,"jumlah_tki":1,"jumlah_tka":0,"jumlah_proyek":2},{"nama_perusahaan":"WARGI SANTOSA","tambahan_realisasi":50000000,"jumlah_tki":0,"jumlah_tka":0,"jumlah_proyek":10},{"nama_perusahaan":"FAST FOOD INDONESIA","tambahan_realisasi":31596660,"jumlah_tki":22,"jumlah_tka":0,"jumlah_proyek":1},{"nama_perusahaan":"BUMI NUSA PALAPA","tambahan_realisasi":30024236,"jumlah_tki":0,"jumlah_tka":0,"jumlah_proyek":1},{"nama_perusahaan":"PESTA PORA ABADI","tambahan_realisasi":16446200,"jumlah_tki":88,"jumlah_tka":0,"jumlah_proyek":3},{"nama_perusahaan":"NUSANTARA BATULICIN","tambahan_realisasi":12000000,"jumlah_tki":0,"jumlah_tka":0,"jumlah_proyek":1},{"nama_perusahaan":"TUNAS TIMUR","tambahan_realisasi":2450000,"jumlah_tki":0,"jumlah_tka":0,"jumlah_proyek":2},{"nama_perusahaan":"SUMBER BERLIAN MOTORS","tambahan_realisasi":1364000,"jumlah_tki":0,"jumlah_tka":0,"jumlah_proyek":2},{"nama_perusahaan":"SENTRA AGRO SUMBER RAYA","tambahan_realisasi":1250000,"jumlah_tki":0,"jumlah_tka":0,"jumlah_proyek":3},{"nama_perusahaan":"DAYA INDAH YASA","tambahan_realisasi":1010873,"jumlah_tki":0,"jumlah_tka":0,"jumlah_proyek":1},{"nama_perusahaan":"GEMA TAMBANG NUSANTARA","tambahan_realisasi":568744,"jumlah_tki":0,"jumlah_tka":0,"jumlah_proyek":1},{"nama_perusahaan":"ADIDAYA AKBAR BERKARYA","tambahan_realisasi":345946,"jumlah_tki":3,"jumlah_tka":0,"jumlah_proyek":3},{"nama_perusahaan":"ADISURYA CIPTA LESTARI","tambahan_realisasi":0,"jumlah_tki":0,"jumlah_tka":0,"jumlah_proyek":3},{"nama_perusahaan":"AMANAH PUTRA BORNEO","tambahan_realisasi":0,"jumlah_tki":0,"jumlah_tka":0,"jumlah_proyek":2},{"nama_perusahaan":"ANDIFA KHARISMA BORNEO PRATAMA","tambahan_realisasi":0,"jumlah_tki":9,"jumlah_tka":0,"jumlah_proyek":7},{"nama_perusahaan":"ANDIFA NUSA SAMUDERA","tambahan_realisasi":0,"jumlah_tki":9,"jumlah_tka":0,"jumlah_proyek":5},{"nama_perusahaan":"ANDIFA PERKASA ENERGI","tambahan_realisasi":0,"jumlah_tki":0,"jumlah_tka":0,"jumlah_proyek":3},{"nama_perusahaan":"ANGSANA JAYA ENERGI","tambahan_realisasi":0,"jumlah_tki":0,"jumlah_tka":0,"jumlah_proyek":1},{"nama_perusahaan":"ANINDYA WIRAPUTRA KONSULT","tambahan_realisasi":0,"jumlah_tki":0,"jumlah_tka":0,"jumlah_proyek":3},{"nama_perusahaan":"ARUTMIN INDONESIA","tambahan_realisasi":0,"jumlah_tki":0,"jumlah_tka":0,"jumlah_proyek":7},{"nama_perusahaan":"BANDAR INDO RAYA","tambahan_realisasi":0,"jumlah_tki":0,"jumlah_tka":0,"jumlah_proyek":1},{"nama_perusahaan":"BANGUN ARTA HUTAMA","tambahan_realisasi":0,"jumlah_tki":0,"jumlah_tka":0,"jumlah_proyek":9},{"nama_perusahaan":"BARA ASIA COALTRADE","tambahan_realisasi":0,"jumlah_tki":0,"jumlah_tka":0,"jumlah_proyek":1},{"nama_perusahaan":"BATULICIN ENAM SEMBILAN","tambahan_realisasi":0,"jumlah_tki":0,"jumlah_tka":0,"jumlah_proyek":1},{"nama_perusahaan":"BATULICIN ENAM SEMBILAN PELABUHAN","tambahan_realisasi":0,"jumlah_tki":0,"jumlah_tka":0,"jumlah_proyek":1},{"nama_perusahaan":"BATULICIN ENAM SEMBILAN PERTAMBANGAN","tambahan_realisasi":0,"jumlah_tki":0,"jumlah_tka":0,"jumlah_proyek":2},{"nama_perusahaan":"BATULICIN ENAM SEMBILAN TRANSPORTASI","tambahan_realisasi":0,"jumlah_tki":0,"jumlah_tka":0,"jumlah_proyek":1},{"nama_perusahaan":"BATULICIN NUSANTARA MARITIM","tambahan_realisasi":0,"jumlah_tki":0,"jumlah_tka":0,"jumlah_proyek":1},{"nama_perusahaan":"BAYAN RESOURCES","tambahan_realisasi":0,"jumlah_tki":0,"jumlah_tka":0,"jumlah_proyek":2},{"nama_perusahaan":"BINA BATULICIN USAHA","tambahan_realisasi":0,"jumlah_tki":0,"jumlah_tka":0,"jumlah_proyek":1},{"nama_perusahaan":"BINA INDO RAYA","tambahan_realisasi":0,"jumlah_tki":0,"jumlah_tka":0,"jumlah_proyek":1},{"nama_perusahaan":"BINA KARYA PUTRA BATULICIN","tambahan_realisasi":0,"jumlah_tki":0,"jumlah_tka":0,"jumlah_proyek":1},{"nama_perusahaan":"BINA USAHA BATULICIN","tambahan_realisasi":0,"jumlah_tki":0,"jumlah_tka":0,"jumlah_proyek":4},{"nama_perusahaan":"BORNEO MITRA BARATAMA","tambahan_realisasi":0,"jumlah_tki":0,"jumlah_tka":0,"jumlah_proyek":1},{"nama_perusahaan":"BORNEO PALM PLANTATION","tambahan_realisasi":0,"jumlah_tki":0,"jumlah_tka":0,"jumlah_proyek":2},{"nama_perusahaan":"BUANA RINDANG LESTARI","tambahan_realisasi":0,"jumlah_tki":1,"jumlah_tka":0,"jumlah_proyek":4},{"nama_perusahaan":"BUKIT MAKMUR MANDIRI UTAMA","tambahan_realisasi":0,"jumlah_tki":0,"jumlah_tka":0,"jumlah_proyek":1},{"nama_perusahaan":"CAKRAWALA LANGIT SEJAHTERA","tambahan_realisasi":0,"jumlah_tki":0,"jumlah_tka":0,"jumlah_proyek":1},{"nama_perusahaan":"CIPTA KRIDA BAHARI","tambahan_realisasi":0,"jumlah_tki":0,"jumlah_tka":0,"jumlah_proyek":2},{"nama_perusahaan":"CIPTA KRIDATAMA","tambahan_realisasi":0,"jumlah_tki":0,"jumlah_tka":0,"jumlah_proyek":2},{"nama_perusahaan":"CMP MOTOR SPORT","tambahan_realisasi":0,"jumlah_tki":0,"jumlah_tka":0,"jumlah_proyek":3},{"nama_perusahaan":"DARMA HENWA","tambahan_realisasi":0,"jumlah_tki":0,"jumlah_tka":0,"jumlah_proyek":2},{"nama_perusahaan":"DAYA ENERGI TEKNIK","tambahan_realisasi":0,"jumlah_tki":4,"jumlah_tka":0,"jumlah_proyek":3},{"nama_perusahaan":"DELTA GARDA PERSADA","tambahan_realisasi":0,"jumlah_tki":0,"jumlah_tka":0,"jumlah_proyek":1},{"nama_perusahaan":"DIANTA DAYA EMBARA","tambahan_realisasi":0,"jumlah_tki":0,"jumlah_tka":0,"jumlah_proyek":3},{"nama_perusahaan":"DUA KOTA LAUT","tambahan_realisasi":0,"jumlah_tki":0,"jumlah_tka":0,"jumlah_proyek":1},{"nama_perusahaan":"ENAM SEMBILAN NIAGA NIKEL","tambahan_realisasi":0,"jumlah_tki":0,"jumlah_tka":0,"jumlah_proyek":1},{"nama_perusahaan":"ENAM SEMBILAN TRADING BATUBARA","tambahan_realisasi":0,"jumlah_tki":0,"jumlah_tka":0,"jumlah_proyek":1},{"nama_perusahaan":"GARUDA WISNU AMERTA","tambahan_realisasi":0,"jumlah_tki":0,"jumlah_tka":0,"jumlah_proyek":1},{"nama_perusahaan":"GUNUNG MAYANG STONE","tambahan_realisasi":0,"jumlah_tki":0,"jumlah_tka":0,"jumlah_proyek":1},{"nama_perusahaan":"HAJI MAMING PELABUHAN","tambahan_realisasi":0,"jumlah_tki":0,"jumlah_tka":0,"jumlah_proyek":1},{"nama_perusahaan":"HALONG JAYA BERGETAR","tambahan_realisasi":0,"jumlah_tki":0,"jumlah_tka":0,"jumlah_proyek":1},{"nama_perusahaan":"JHONLIN AGRO MANDIRI","tambahan_realisasi":0,"jumlah_tki":0,"jumlah_tka":0,"jumlah_proyek":1},{"nama_perusahaan":"KRIDA CIPTA SATYA","tambahan_realisasi":0,"jumlah_tki":0,"jumlah_tka":0,"jumlah_proyek":3},{"nama_perusahaan":"LADANGRUMPUN SUBURABADI","tambahan_realisasi":0,"jumlah_tki":0,"jumlah_tka":0,"jumlah_proyek":8},{"nama_perusahaan":"LINTAS FORTUNA NUSANTARA","tambahan_realisasi":0,"jumlah_tki":0,"jumlah_tka":0,"jumlah_proyek":1},{"nama_perusahaan":"MAMING ENAM SEMBILAN","tambahan_realisasi":0,"jumlah_tki":0,"jumlah_tka":0,"jumlah_proyek":1},{"nama_perusahaan":"MENARA ANGKASA SEMESTA","tambahan_realisasi":0,"jumlah_tki":0,"jumlah_tka":0,"jumlah_proyek":6},{"nama_perusahaan":"MERATUS JAYA IRON & STEEL","tambahan_realisasi":0,"jumlah_tki":0,"jumlah_tka":0,"jumlah_proyek":1},{"nama_perusahaan":"MITRA JASA SEBAMBAN UTAMA","tambahan_realisasi":0,"jumlah_tki":2,"jumlah_tka":0,"jumlah_proyek":3},{"nama_perusahaan":"MITRA SEHAT CARE","tambahan_realisasi":0,"jumlah_tki":1,"jumlah_tka":0,"jumlah_proyek":1},{"nama_perusahaan":"MITRAJAYA ABADI BERSAMA","tambahan_realisasi":0,"jumlah_tki":0,"jumlah_tka":0,"jumlah_proyek":2},{"nama_perusahaan":"NAGATA BIO ENERGI","tambahan_realisasi":0,"jumlah_tki":0,"jumlah_tka":0,"jumlah_proyek":2},{"nama_perusahaan":"NAWAKARA PERKASA NUSANTARA","tambahan_realisasi":0,"jumlah_tki":169,"jumlah_tka":0,"jumlah_proyek":2},{"nama_perusahaan":"ONO KREASI GASINDO","tambahan_realisasi":0,"jumlah_tki":0,"jumlah_tka":0,"jumlah_proyek":2},{"nama_perusahaan":"PAGAR MULYA KARYATAMA","tambahan_realisasi":0,"jumlah_tki":6,"jumlah_tka":0,"jumlah_proyek":4},{"nama_perusahaan":"PELABUHAN BUANA REJA","tambahan_realisasi":0,"jumlah_tki":0,"jumlah_tka":0,"jumlah_proyek":2},{"nama_perusahaan":"PELAYARAN BAHTERA ADHIGUNA","tambahan_realisasi":0,"jumlah_tki":0,"jumlah_tka":0,"jumlah_proyek":1},{"nama_perusahaan":"PERKEBUNAN NUSANTARA IV","tambahan_realisasi":0,"jumlah_tki":0,"jumlah_tka":0,"jumlah_proyek":1},{"nama_perusahaan":"PERUSAHAAN PERSEROAN (PERSERO) PT PELABUHAN INDONESIA DISINGKAT PT PELABUHAN INDONESIA (PERSERO)","tambahan_realisasi":0,"jumlah_tki":0,"jumlah_tka":0,"jumlah_proyek":1},{"nama_perusahaan":"PROFESIONAL TELEKOMUNIKASI INDONESIA","tambahan_realisasi":0,"jumlah_tki":0,"jumlah_tka":0,"jumlah_proyek":8},{"nama_perusahaan":"RASYA PRATAMA MANDIRI","tambahan_realisasi":0,"jumlah_tki":0,"jumlah_tka":0,"jumlah_proyek":38},{"nama_perusahaan":"SAJANG HEULANG","tambahan_realisasi":0,"jumlah_tki":0,"jumlah_tka":0,"jumlah_proyek":8},{"nama_perusahaan":"SALAM PACIFIC INDONESIA LINES","tambahan_realisasi":0,"jumlah_tki":0,"jumlah_tka":0,"jumlah_proyek":1},{"nama_perusahaan":"SAMATOR GAS INDUSTRI","tambahan_realisasi":0,"jumlah_tki":0,"jumlah_tka":0,"jumlah_proyek":1},{"nama_perusahaan":"SAPTAINDRA SEJATI","tambahan_realisasi":0,"jumlah_tki":0,"jumlah_tka":0,"jumlah_proyek":1},{"nama_perusahaan":"SEIA MITRA MANDIRI","tambahan_realisasi":0,"jumlah_tki":0,"jumlah_tka":0,"jumlah_proyek":1},{"nama_perusahaan":"SERASI SHIPPING INDONESIA","tambahan_realisasi":0,"jumlah_tki":0,"jumlah_tka":0,"jumlah_proyek":1},{"nama_perusahaan":"SINAR BINTANG MULIA","tambahan_realisasi":0,"jumlah_tki":0,"jumlah_tka":0,"jumlah_proyek":12},{"nama_perusahaan":"SINAR JAYA KOMUNIKA","tambahan_realisasi":0,"jumlah_tki":0,"jumlah_tka":0,"jumlah_proyek":4},{"nama_perusahaan":"SOLUSI TUNAS PRATAMA","tambahan_realisasi":0,"jumlah_tki":0,"jumlah_tka":0,"jumlah_proyek":7},{"nama_perusahaan":"SUMBER CIPTA MULTINIAGA","tambahan_realisasi":0,"jumlah_tki":0,"jumlah_tka":0,"jumlah_proyek":1},{"nama_perusahaan":"SUNGAI DANAU JAYA","tambahan_realisasi":0,"jumlah_tki":0,"jumlah_tka":0,"jumlah_proyek":3},{"nama_perusahaan":"SUPRIMA MITRA ADIHUSADA","tambahan_realisasi":0,"jumlah_tki":0,"jumlah_tka":0,"jumlah_proyek":2},{"nama_perusahaan":"TATA BUANA KARYA","tambahan_realisasi":0,"jumlah_tki":0,"jumlah_tka":0,"jumlah_proyek":1},{"nama_perusahaan":"TIMUR SATRIA PERKASA","tambahan_realisasi":0,"jumlah_tki":0,"jumlah_tka":0,"jumlah_proyek":1},{"nama_perusahaan":"TOWER BERSAMA","tambahan_realisasi":0,"jumlah_tki":0,"jumlah_tka":0,"jumlah_proyek":5},{"nama_perusahaan":"TUNAS INTI ABADI","tambahan_realisasi":0,"jumlah_tki":0,"jumlah_tka":0,"jumlah_proyek":3},{"nama_perusahaan":"VIJETA BOLA SEMBILAN","tambahan_realisasi":0,"jumlah_tki":7,"jumlah_tka":0,"jumlah_proyek":1},{"nama_perusahaan":"WAHANA KONSTRUKSI MANDIRI","tambahan_realisasi":0,"jumlah_tki":0,"jumlah_tka":0,"jumlah_proyek":17},{"nama_perusahaan":"WIJAYA SUKSES MULYA","tambahan_realisasi":0,"jumlah_tki":0,"jumlah_tka":0,"jumlah_proyek":55},{"nama_perusahaan":"WORLD TERMINALINDO","tambahan_realisasi":0,"jumlah_tki":0,"jumlah_tka":0,"jumlah_proyek":1}],"total":1360565114824}}
DEBUG - 2026-04-15 23:18:13 --> QuarterlyChartService - Total uploads: 1
DEBUG - 2026-04-15 23:18:13 --> QuarterlyChartService - Selected year: all
DEBUG - 2026-04-15 23:18:13 --> Processing upload ID: 166, Status: completed, Year: 2025, Quarter: Q4
DEBUG - 2026-04-15 23:18:13 --> Upload ID 166 - PMA: 2510814837712, PMDN: 1360565114824
DEBUG - 2026-04-15 23:18:13 --> Added to Q4: 3871379952536 (Total now: 3871379952536)
DEBUG - 2026-04-15 23:18:13 --> Final quarterly data before conversion: {"Q1":0,"Q2":0,"Q3":0,"Q4":3871379952536}
DEBUG - 2026-04-15 23:18:13 --> QuarterlyChartService (All Years) - Total uploads: 1
DEBUG - 2026-04-15 23:18:13 --> Initialized year: 2025
DEBUG - 2026-04-15 23:18:13 --> Upload ID 166 - PMA: 2510814837712, PMDN: 1360565114824
DEBUG - 2026-04-15 23:18:13 --> Added to Q4: 3871379952536 (Total now: 3871379952536)
DEBUG - 2026-04-15 23:18:13 --> Yearly quarterly data before conversion: {"2025":{"Q1":0,"Q2":0,"Q3":0,"Q4":3871379952536}}
DEBUG - 2026-04-15 23:18:13 --> QuarterlyChartService (All Years) - Final result: {"2025":{"labels":["Q1","Q2","Q3","Q4"],"values":[0,0,0,3871379952536]}}
