INFO - 2025-12-15 15:52:13 --> Session: Class initialized using 'CodeIgniter\Session\Handlers\FileHandler' driver.
INFO - 2025-12-15 07:53:32 --> Session: Class initialized using 'CodeIgniter\Session\Handlers\FileHandler' driver.
INFO - 2025-12-15 07:53:33 --> Session: Class initialized using 'CodeIgniter\Session\Handlers\FileHandler' driver.
INFO - 2025-12-15 07:53:40 --> Session: Class initialized using 'CodeIgniter\Session\Handlers\FileHandler' driver.
INFO - 2025-12-15 07:53:43 --> Session: Class initialized using 'CodeIgniter\Session\Handlers\FileHandler' driver.
DEBUG - 2025-12-15 07:53:45 --> QuarterlyChartService - Total uploads: 1
DEBUG - 2025-12-15 07:53:45 --> QuarterlyChartService - Selected year: all
DEBUG - 2025-12-15 07:53:45 --> Processing upload ID: 48, Status: completed, Year: 2025, Quarter: Q3
DEBUG - 2025-12-15 07:53:45 --> Upload ID 48 - PMA: 1653622393959.00, PMDN: 1817276331954.00
DEBUG - 2025-12-15 07:53:45 --> Added to Q3: 3470898725913 (Total now: 3470898725913)
DEBUG - 2025-12-15 07:53:45 --> Final quarterly data before conversion: {"Q1":0,"Q2":0,"Q3":3470898725913,"Q4":0}
DEBUG - 2025-12-15 07:53:45 --> QuarterlyChartService (All Years) - Total uploads: 1
DEBUG - 2025-12-15 07:53:45 --> Initialized year: 2025
DEBUG - 2025-12-15 07:53:45 --> Upload ID 48 - PMA: 1653622393959.00, PMDN: 1817276331954.00
DEBUG - 2025-12-15 07:53:45 --> Added to Q3: 3470898725913 (Total now: 3470898725913)
DEBUG - 2025-12-15 07:53:45 --> Yearly quarterly data before conversion: {"2025":{"Q1":0,"Q2":0,"Q3":3470898725913,"Q4":0}}
DEBUG - 2025-12-15 07:53:45 --> QuarterlyChartService (All Years) - Final result: {"2025":{"labels":["Q1","Q2","Q3","Q4"],"values":[0,0,3470898725913,0]}}
INFO - 2025-12-15 07:53:55 --> Session: Class initialized using 'CodeIgniter\Session\Handlers\FileHandler' driver.
INFO - 2025-12-15 08:10:02 --> Session: Class initialized using 'CodeIgniter\Session\Handlers\FileHandler' driver.
DEBUG - 2025-12-15 08:10:02 --> QuarterlyChartService - Total uploads: 1
DEBUG - 2025-12-15 08:10:02 --> QuarterlyChartService - Selected year: all
DEBUG - 2025-12-15 08:10:02 --> Processing upload ID: 48, Status: completed, Year: 2025, Quarter: Q3
DEBUG - 2025-12-15 08:10:02 --> Upload ID 48 - PMA: 1653622393959.00, PMDN: 1817276331954.00
DEBUG - 2025-12-15 08:10:02 --> Added to Q3: 3470898725913 (Total now: 3470898725913)
DEBUG - 2025-12-15 08:10:02 --> Final quarterly data before conversion: {"Q1":0,"Q2":0,"Q3":3470898725913,"Q4":0}
DEBUG - 2025-12-15 08:10:02 --> QuarterlyChartService (All Years) - Total uploads: 1
DEBUG - 2025-12-15 08:10:02 --> Initialized year: 2025
DEBUG - 2025-12-15 08:10:02 --> Upload ID 48 - PMA: 1653622393959.00, PMDN: 1817276331954.00
DEBUG - 2025-12-15 08:10:02 --> Added to Q3: 3470898725913 (Total now: 3470898725913)
DEBUG - 2025-12-15 08:10:02 --> Yearly quarterly data before conversion: {"2025":{"Q1":0,"Q2":0,"Q3":3470898725913,"Q4":0}}
DEBUG - 2025-12-15 08:10:02 --> QuarterlyChartService (All Years) - Final result: {"2025":{"labels":["Q1","Q2","Q3","Q4"],"values":[0,0,3470898725913,0]}}
INFO - 2025-12-15 08:19:57 --> Session: Class initialized using 'CodeIgniter\Session\Handlers\FileHandler' driver.
DEBUG - 2025-12-15 08:19:58 --> QuarterlyChartService - Total uploads: 1
DEBUG - 2025-12-15 08:19:58 --> QuarterlyChartService - Selected year: all
DEBUG - 2025-12-15 08:19:58 --> Processing upload ID: 48, Status: completed, Year: 2025, Quarter: Q3
DEBUG - 2025-12-15 08:19:58 --> Upload ID 48 - PMA: 1653622393959.00, PMDN: 1817276331954.00
DEBUG - 2025-12-15 08:19:58 --> Added to Q3: 3470898725913 (Total now: 3470898725913)
DEBUG - 2025-12-15 08:19:58 --> Final quarterly data before conversion: {"Q1":0,"Q2":0,"Q3":3470898725913,"Q4":0}
DEBUG - 2025-12-15 08:19:58 --> QuarterlyChartService (All Years) - Total uploads: 1
DEBUG - 2025-12-15 08:19:58 --> Initialized year: 2025
DEBUG - 2025-12-15 08:19:58 --> Upload ID 48 - PMA: 1653622393959.00, PMDN: 1817276331954.00
DEBUG - 2025-12-15 08:19:58 --> Added to Q3: 3470898725913 (Total now: 3470898725913)
DEBUG - 2025-12-15 08:19:58 --> Yearly quarterly data before conversion: {"2025":{"Q1":0,"Q2":0,"Q3":3470898725913,"Q4":0}}
DEBUG - 2025-12-15 08:19:58 --> QuarterlyChartService (All Years) - Final result: {"2025":{"labels":["Q1","Q2","Q3","Q4"],"values":[0,0,3470898725913,0]}}
INFO - 2025-12-15 08:20:16 --> Session: Class initialized using 'CodeIgniter\Session\Handlers\FileHandler' driver.
INFO - 2025-12-15 08:20:17 --> Session: Class initialized using 'CodeIgniter\Session\Handlers\FileHandler' driver.
INFO - 2025-12-15 08:20:24 --> Session: Class initialized using 'CodeIgniter\Session\Handlers\FileHandler' driver.
INFO - 2025-12-15 08:20:26 --> Session: Class initialized using 'CodeIgniter\Session\Handlers\FileHandler' driver.
INFO - 2025-12-15 08:20:46 --> Session: Class initialized using 'CodeIgniter\Session\Handlers\FileHandler' driver.
DEBUG - 2025-12-15 08:20:46 --> ValidateMetadata called - UploadID: 49, Quarter: 3, Normalized: 3, Year: 2025
DEBUG - 2025-12-15 08:20:46 --> === DUPLICATE CHECK START ===
DEBUG - 2025-12-15 08:20:46 --> Checking duplicate: Quarter=Q3, Year=2025, ExcludeId=49
DEBUG - 2025-12-15 08:20:46 --> ❌ NO DUPLICATE - Data aman untuk diproses
DEBUG - 2025-12-15 08:20:46 --> === DUPLICATE CHECK END ===
DEBUG - 2025-12-15 08:20:46 --> Validation passed - no duplicate found
INFO - 2025-12-15 08:20:48 --> Session: Class initialized using 'CodeIgniter\Session\Handlers\FileHandler' driver.
DEBUG - 2025-12-15 08:20:48 --> QuarterlyChartService - Total uploads: 1
DEBUG - 2025-12-15 08:20:48 --> QuarterlyChartService - Selected year: all
DEBUG - 2025-12-15 08:20:48 --> Processing upload ID: 49, Status: completed, Year: 2025, Quarter: Q3
DEBUG - 2025-12-15 08:20:48 --> Upload ID 49 - PMA: 1653622393959.00, PMDN: 1817276331954.00
DEBUG - 2025-12-15 08:20:48 --> Added to Q3: 3470898725913 (Total now: 3470898725913)
DEBUG - 2025-12-15 08:20:48 --> Final quarterly data before conversion: {"Q1":0,"Q2":0,"Q3":3470898725913,"Q4":0}
DEBUG - 2025-12-15 08:20:48 --> QuarterlyChartService (All Years) - Total uploads: 1
DEBUG - 2025-12-15 08:20:48 --> Initialized year: 2025
DEBUG - 2025-12-15 08:20:48 --> Upload ID 49 - PMA: 1653622393959.00, PMDN: 1817276331954.00
DEBUG - 2025-12-15 08:20:48 --> Added to Q3: 3470898725913 (Total now: 3470898725913)
DEBUG - 2025-12-15 08:20:48 --> Yearly quarterly data before conversion: {"2025":{"Q1":0,"Q2":0,"Q3":3470898725913,"Q4":0}}
DEBUG - 2025-12-15 08:20:48 --> QuarterlyChartService (All Years) - Final result: {"2025":{"labels":["Q1","Q2","Q3","Q4"],"values":[0,0,3470898725913,0]}}
INFO - 2025-12-15 08:20:53 --> Session: Class initialized using 'CodeIgniter\Session\Handlers\FileHandler' driver.
DEBUG - 2025-12-15 08:20:53 --> QuarterlyChartService - Total uploads: 1
DEBUG - 2025-12-15 08:20:53 --> QuarterlyChartService - Selected year: all
DEBUG - 2025-12-15 08:20:53 --> Processing upload ID: 49, Status: completed, Year: 2025, Quarter: Q3
DEBUG - 2025-12-15 08:20:53 --> Upload ID 49 - PMA: 1653622393959.00, PMDN: 1817276331954.00
DEBUG - 2025-12-15 08:20:53 --> Added to Q3: 3470898725913 (Total now: 3470898725913)
DEBUG - 2025-12-15 08:20:53 --> Final quarterly data before conversion: {"Q1":0,"Q2":0,"Q3":3470898725913,"Q4":0}
DEBUG - 2025-12-15 08:20:53 --> Converted to USD with rate 16000
DEBUG - 2025-12-15 08:20:53 --> QuarterlyChartService (All Years) - Total uploads: 1
DEBUG - 2025-12-15 08:20:53 --> Initialized year: 2025
DEBUG - 2025-12-15 08:20:53 --> Upload ID 49 - PMA: 1653622393959.00, PMDN: 1817276331954.00
DEBUG - 2025-12-15 08:20:53 --> Added to Q3: 3470898725913 (Total now: 3470898725913)
DEBUG - 2025-12-15 08:20:53 --> Yearly quarterly data before conversion: {"2025":{"Q1":0,"Q2":0,"Q3":3470898725913,"Q4":0}}
DEBUG - 2025-12-15 08:20:53 --> Converted to USD with rate 16000
DEBUG - 2025-12-15 08:20:53 --> QuarterlyChartService (All Years) - Final result: {"2025":{"labels":["Q1","Q2","Q3","Q4"],"values":[0,0,216931170.37,0]}}
INFO - 2025-12-15 08:21:46 --> Session: Class initialized using 'CodeIgniter\Session\Handlers\FileHandler' driver.
DEBUG - 2025-12-15 08:21:46 --> QuarterlyChartService - Total uploads: 1
DEBUG - 2025-12-15 08:21:46 --> QuarterlyChartService - Selected year: all
DEBUG - 2025-12-15 08:21:46 --> Processing upload ID: 49, Status: completed, Year: 2025, Quarter: Q3
DEBUG - 2025-12-15 08:21:46 --> Upload ID 49 - PMA: 1653622393959.00, PMDN: 1817276331954.00
DEBUG - 2025-12-15 08:21:46 --> Added to Q3: 3470898725913 (Total now: 3470898725913)
DEBUG - 2025-12-15 08:21:46 --> Final quarterly data before conversion: {"Q1":0,"Q2":0,"Q3":3470898725913,"Q4":0}
DEBUG - 2025-12-15 08:21:46 --> Converted to USD with rate 16000
DEBUG - 2025-12-15 08:21:46 --> QuarterlyChartService (All Years) - Total uploads: 1
DEBUG - 2025-12-15 08:21:46 --> Initialized year: 2025
DEBUG - 2025-12-15 08:21:46 --> Upload ID 49 - PMA: 1653622393959.00, PMDN: 1817276331954.00
DEBUG - 2025-12-15 08:21:46 --> Added to Q3: 3470898725913 (Total now: 3470898725913)
DEBUG - 2025-12-15 08:21:46 --> Yearly quarterly data before conversion: {"2025":{"Q1":0,"Q2":0,"Q3":3470898725913,"Q4":0}}
DEBUG - 2025-12-15 08:21:46 --> Converted to USD with rate 16000
DEBUG - 2025-12-15 08:21:46 --> QuarterlyChartService (All Years) - Final result: {"2025":{"labels":["Q1","Q2","Q3","Q4"],"values":[0,0,216931170.37,0]}}
INFO - 2025-12-15 08:24:16 --> Session: Class initialized using 'CodeIgniter\Session\Handlers\FileHandler' driver.
ERROR - 2025-12-15 08:24:16 --> mysqli_sql_exception: Unknown column 'DISTINCT' in 'field list' in C:\laragon\www\DataInvest\system\Database\MySQLi\Connection.php:312
Stack trace:
#0 C:\laragon\www\DataInvest\system\Database\MySQLi\Connection.php(312): mysqli->query('SELECT `DISTINC...', 0)
#1 C:\laragon\www\DataInvest\system\Database\BaseConnection.php(734): CodeIgniter\Database\MySQLi\Connection->execute('SELECT `DISTINC...')
#2 C:\laragon\www\DataInvest\system\Database\BaseConnection.php(648): CodeIgniter\Database\BaseConnection->simpleQuery('SELECT `DISTINC...')
#3 C:\laragon\www\DataInvest\system\Database\BaseBuilder.php(1644): CodeIgniter\Database\BaseConnection->query('SELECT `DISTINC...', Array, false)
#4 C:\laragon\www\DataInvest\app\Models\ProjectModel.php(494): CodeIgniter\Database\BaseBuilder->get()
#5 C:\laragon\www\DataInvest\app\Services\StatisticsService.php(37): App\Models\ProjectModel->getSectorCountByCompany(49, Array)
#6 C:\laragon\www\DataInvest\app\Services\DashboardService.php(49): App\Services\StatisticsService->calculate(49, Array, 16000.0)
#7 C:\laragon\www\DataInvest\app\Controllers\Dashboard.php(26): App\Services\DashboardService->getDashboardData(Array)
#8 C:\laragon\www\DataInvest\system\CodeIgniter.php(933): App\Controllers\Dashboard->index()
#9 C:\laragon\www\DataInvest\system\CodeIgniter.php(509): CodeIgniter\CodeIgniter->runController(Object(App\Controllers\Dashboard))
#10 C:\laragon\www\DataInvest\system\CodeIgniter.php(355): CodeIgniter\CodeIgniter->handleRequest(NULL, Object(Config\Cache), false)
#11 C:\laragon\www\DataInvest\system\Boot.php(325): CodeIgniter\CodeIgniter->run()
#12 C:\laragon\www\DataInvest\system\Boot.php(67): CodeIgniter\Boot::runCodeIgniter(Object(CodeIgniter\CodeIgniter))
#13 C:\laragon\www\DataInvest\public\index.php(56): CodeIgniter\Boot::bootWeb(Object(Config\Paths))
#14 C:\laragon\www\DataInvest\system\rewrite.php(44): require_once('C:\\laragon\\www\\...')
#15 {main}
CRITICAL - 2025-12-15 08:24:16 --> CodeIgniter\Database\Exceptions\DatabaseException: Unknown column 'DISTINCT' in 'field list'
[Method: GET, Route: dashboard]
in SYSTEMPATH\Database\BaseConnection.php on line 688.
 1 SYSTEMPATH\Database\BaseBuilder.php(1644): CodeIgniter\Database\BaseConnection->query('SELECT `DISTINCT` `sector_detail`
FROM `projects`
WHERE `upload_id` = :upload_id:
AND `investment_type` = :investment_type:
AND `company_name` = :company_name:
AND `sector_detail` IS NOT NULL
AND `sector_detail` != :sector_detail:', [...], false)
 2 APPPATH\Models\ProjectModel.php(494): CodeIgniter\Database\BaseBuilder->get()
 3 APPPATH\Services\StatisticsService.php(37): App\Models\ProjectModel->getSectorCountByCompany(49, [])
 4 APPPATH\Services\DashboardService.php(49): App\Services\StatisticsService->calculate(49, [], 16000.0)
 5 APPPATH\Controllers\Dashboard.php(26): App\Services\DashboardService->getDashboardData([...])
 6 SYSTEMPATH\CodeIgniter.php(933): App\Controllers\Dashboard->index()
 7 SYSTEMPATH\CodeIgniter.php(509): CodeIgniter\CodeIgniter->runController(Object(App\Controllers\Dashboard))
 8 SYSTEMPATH\CodeIgniter.php(355): CodeIgniter\CodeIgniter->handleRequest(null, Object(Config\Cache), false)
 9 SYSTEMPATH\Boot.php(325): CodeIgniter\CodeIgniter->run()
10 SYSTEMPATH\Boot.php(67): CodeIgniter\Boot::runCodeIgniter(Object(CodeIgniter\CodeIgniter))
11 FCPATH\index.php(56): CodeIgniter\Boot::bootWeb(Object(Config\Paths))
12 SYSTEMPATH\rewrite.php(44): require_once('C:\\laragon\\www\\DataInvest\\public\\index.php')
CRITICAL - 2025-12-15 08:24:16 --> [Caused by] CodeIgniter\Database\Exceptions\DatabaseException: Unknown column 'DISTINCT' in 'field list'
in SYSTEMPATH\Database\MySQLi\Connection.php on line 317.
 1 SYSTEMPATH\Database\BaseConnection.php(734): CodeIgniter\Database\MySQLi\Connection->execute('SELECT `DISTINCT` `sector_detail`
FROM `projects`
WHERE `upload_id` = 49
AND `investment_type` = \'PMA\'
AND `company_name` = \'ANUGERAH BAROKAH CAKRAWALA\'
AND `sector_detail` IS NOT NULL
AND `sector_detail` != \'\'')
 2 SYSTEMPATH\Database\BaseConnection.php(648): CodeIgniter\Database\BaseConnection->simpleQuery('SELECT `DISTINCT` `sector_detail`
FROM `projects`
WHERE `upload_id` = 49
AND `investment_type` = \'PMA\'
AND `company_name` = \'ANUGERAH BAROKAH CAKRAWALA\'
AND `sector_detail` IS NOT NULL
AND `sector_detail` != \'\'')
 3 SYSTEMPATH\Database\BaseBuilder.php(1644): CodeIgniter\Database\BaseConnection->query('SELECT `DISTINCT` `sector_detail`
FROM `projects`
WHERE `upload_id` = :upload_id:
AND `investment_type` = :investment_type:
AND `company_name` = :company_name:
AND `sector_detail` IS NOT NULL
AND `sector_detail` != :sector_detail:', [...], false)
 4 APPPATH\Models\ProjectModel.php(494): CodeIgniter\Database\BaseBuilder->get()
 5 APPPATH\Services\StatisticsService.php(37): App\Models\ProjectModel->getSectorCountByCompany(49, [])
 6 APPPATH\Services\DashboardService.php(49): App\Services\StatisticsService->calculate(49, [], 16000.0)
 7 APPPATH\Controllers\Dashboard.php(26): App\Services\DashboardService->getDashboardData([...])
 8 SYSTEMPATH\CodeIgniter.php(933): App\Controllers\Dashboard->index()
 9 SYSTEMPATH\CodeIgniter.php(509): CodeIgniter\CodeIgniter->runController(Object(App\Controllers\Dashboard))
10 SYSTEMPATH\CodeIgniter.php(355): CodeIgniter\CodeIgniter->handleRequest(null, Object(Config\Cache), false)
11 SYSTEMPATH\Boot.php(325): CodeIgniter\CodeIgniter->run()
12 SYSTEMPATH\Boot.php(67): CodeIgniter\Boot::runCodeIgniter(Object(CodeIgniter\CodeIgniter))
13 FCPATH\index.php(56): CodeIgniter\Boot::bootWeb(Object(Config\Paths))
14 SYSTEMPATH\rewrite.php(44): require_once('C:\\laragon\\www\\DataInvest\\public\\index.php')
CRITICAL - 2025-12-15 08:24:16 --> [Caused by] mysqli_sql_exception: Unknown column 'DISTINCT' in 'field list'
in SYSTEMPATH\Database\MySQLi\Connection.php on line 312.
 1 SYSTEMPATH\Database\MySQLi\Connection.php(312): mysqli->query('SELECT `DISTINCT` `sector_detail`
FROM `projects`
WHERE `upload_id` = 49
AND `investment_type` = \'PMA\'
AND `company_name` = \'ANUGERAH BAROKAH CAKRAWALA\'
AND `sector_detail` IS NOT NULL
AND `sector_detail` != \'\'', 0)
 2 SYSTEMPATH\Database\BaseConnection.php(734): CodeIgniter\Database\MySQLi\Connection->execute('SELECT `DISTINCT` `sector_detail`
FROM `projects`
WHERE `upload_id` = 49
AND `investment_type` = \'PMA\'
AND `company_name` = \'ANUGERAH BAROKAH CAKRAWALA\'
AND `sector_detail` IS NOT NULL
AND `sector_detail` != \'\'')
 3 SYSTEMPATH\Database\BaseConnection.php(648): CodeIgniter\Database\BaseConnection->simpleQuery('SELECT `DISTINCT` `sector_detail`
FROM `projects`
WHERE `upload_id` = 49
AND `investment_type` = \'PMA\'
AND `company_name` = \'ANUGERAH BAROKAH CAKRAWALA\'
AND `sector_detail` IS NOT NULL
AND `sector_detail` != \'\'')
 4 SYSTEMPATH\Database\BaseBuilder.php(1644): CodeIgniter\Database\BaseConnection->query('SELECT `DISTINCT` `sector_detail`
FROM `projects`
WHERE `upload_id` = :upload_id:
AND `investment_type` = :investment_type:
AND `company_name` = :company_name:
AND `sector_detail` IS NOT NULL
AND `sector_detail` != :sector_detail:', [...], false)
 5 APPPATH\Models\ProjectModel.php(494): CodeIgniter\Database\BaseBuilder->get()
 6 APPPATH\Services\StatisticsService.php(37): App\Models\ProjectModel->getSectorCountByCompany(49, [])
 7 APPPATH\Services\DashboardService.php(49): App\Services\StatisticsService->calculate(49, [], 16000.0)
 8 APPPATH\Controllers\Dashboard.php(26): App\Services\DashboardService->getDashboardData([...])
 9 SYSTEMPATH\CodeIgniter.php(933): App\Controllers\Dashboard->index()
10 SYSTEMPATH\CodeIgniter.php(509): CodeIgniter\CodeIgniter->runController(Object(App\Controllers\Dashboard))
11 SYSTEMPATH\CodeIgniter.php(355): CodeIgniter\CodeIgniter->handleRequest(null, Object(Config\Cache), false)
12 SYSTEMPATH\Boot.php(325): CodeIgniter\CodeIgniter->run()
13 SYSTEMPATH\Boot.php(67): CodeIgniter\Boot::runCodeIgniter(Object(CodeIgniter\CodeIgniter))
14 FCPATH\index.php(56): CodeIgniter\Boot::bootWeb(Object(Config\Paths))
15 SYSTEMPATH\rewrite.php(44): require_once('C:\\laragon\\www\\DataInvest\\public\\index.php')
INFO - 2025-12-15 08:26:16 --> Session: Class initialized using 'CodeIgniter\Session\Handlers\FileHandler' driver.
DEBUG - 2025-12-15 08:26:16 --> QuarterlyChartService - Total uploads: 1
DEBUG - 2025-12-15 08:26:16 --> QuarterlyChartService - Selected year: all
DEBUG - 2025-12-15 08:26:16 --> Processing upload ID: 49, Status: completed, Year: 2025, Quarter: Q3
DEBUG - 2025-12-15 08:26:16 --> Upload ID 49 - PMA: 1653622393959.00, PMDN: 1817276331954.00
DEBUG - 2025-12-15 08:26:16 --> Added to Q3: 3470898725913 (Total now: 3470898725913)
DEBUG - 2025-12-15 08:26:16 --> Final quarterly data before conversion: {"Q1":0,"Q2":0,"Q3":3470898725913,"Q4":0}
DEBUG - 2025-12-15 08:26:16 --> Converted to USD with rate 16000
DEBUG - 2025-12-15 08:26:16 --> QuarterlyChartService (All Years) - Total uploads: 1
DEBUG - 2025-12-15 08:26:16 --> Initialized year: 2025
DEBUG - 2025-12-15 08:26:16 --> Upload ID 49 - PMA: 1653622393959.00, PMDN: 1817276331954.00
DEBUG - 2025-12-15 08:26:16 --> Added to Q3: 3470898725913 (Total now: 3470898725913)
DEBUG - 2025-12-15 08:26:16 --> Yearly quarterly data before conversion: {"2025":{"Q1":0,"Q2":0,"Q3":3470898725913,"Q4":0}}
DEBUG - 2025-12-15 08:26:16 --> Converted to USD with rate 16000
DEBUG - 2025-12-15 08:26:16 --> QuarterlyChartService (All Years) - Final result: {"2025":{"labels":["Q1","Q2","Q3","Q4"],"values":[0,0,216931170.37,0]}}
INFO - 2025-12-15 08:26:31 --> Session: Class initialized using 'CodeIgniter\Session\Handlers\FileHandler' driver.
INFO - 2025-12-15 08:26:32 --> Session: Class initialized using 'CodeIgniter\Session\Handlers\FileHandler' driver.
INFO - 2025-12-15 08:26:37 --> Session: Class initialized using 'CodeIgniter\Session\Handlers\FileHandler' driver.
INFO - 2025-12-15 08:26:39 --> Session: Class initialized using 'CodeIgniter\Session\Handlers\FileHandler' driver.
INFO - 2025-12-15 08:26:48 --> Session: Class initialized using 'CodeIgniter\Session\Handlers\FileHandler' driver.
DEBUG - 2025-12-15 08:26:48 --> ValidateMetadata called - UploadID: 50, Quarter: 3, Normalized: 3, Year: 2025
DEBUG - 2025-12-15 08:26:48 --> === DUPLICATE CHECK START ===
DEBUG - 2025-12-15 08:26:48 --> Checking duplicate: Quarter=Q3, Year=2025, ExcludeId=50
DEBUG - 2025-12-15 08:26:48 --> ❌ NO DUPLICATE - Data aman untuk diproses
DEBUG - 2025-12-15 08:26:48 --> === DUPLICATE CHECK END ===
DEBUG - 2025-12-15 08:26:48 --> Validation passed - no duplicate found
INFO - 2025-12-15 08:26:50 --> Session: Class initialized using 'CodeIgniter\Session\Handlers\FileHandler' driver.
DEBUG - 2025-12-15 08:26:50 --> QuarterlyChartService - Total uploads: 1
DEBUG - 2025-12-15 08:26:50 --> QuarterlyChartService - Selected year: all
DEBUG - 2025-12-15 08:26:50 --> Processing upload ID: 50, Status: completed, Year: 2025, Quarter: Q3
DEBUG - 2025-12-15 08:26:50 --> Upload ID 50 - PMA: 1653622393959.00, PMDN: 1817276331954.00
DEBUG - 2025-12-15 08:26:50 --> Added to Q3: 3470898725913 (Total now: 3470898725913)
DEBUG - 2025-12-15 08:26:50 --> Final quarterly data before conversion: {"Q1":0,"Q2":0,"Q3":3470898725913,"Q4":0}
DEBUG - 2025-12-15 08:26:50 --> QuarterlyChartService (All Years) - Total uploads: 1
DEBUG - 2025-12-15 08:26:50 --> Initialized year: 2025
DEBUG - 2025-12-15 08:26:50 --> Upload ID 50 - PMA: 1653622393959.00, PMDN: 1817276331954.00
DEBUG - 2025-12-15 08:26:50 --> Added to Q3: 3470898725913 (Total now: 3470898725913)
DEBUG - 2025-12-15 08:26:50 --> Yearly quarterly data before conversion: {"2025":{"Q1":0,"Q2":0,"Q3":3470898725913,"Q4":0}}
DEBUG - 2025-12-15 08:26:50 --> QuarterlyChartService (All Years) - Final result: {"2025":{"labels":["Q1","Q2","Q3","Q4"],"values":[0,0,3470898725913,0]}}
INFO - 2025-12-15 08:38:01 --> Session: Class initialized using 'CodeIgniter\Session\Handlers\FileHandler' driver.
DEBUG - 2025-12-15 08:38:02 --> === getSectorCountByCompany START ===
DEBUG - 2025-12-15 08:38:02 --> Upload ID: 50
DEBUG - 2025-12-15 08:38:02 --> Filters: []
DEBUG - 2025-12-15 08:38:02 --> Query result for PMA: [{"company_name":"ANUGERAH BAROKAH CAKRAWALA","jumlah_sektor":"4"},{"company_name":"THIESS CONTRACTORS INDONESIA","jumlah_sektor":"2"}]
DEBUG - 2025-12-15 08:38:02 --> PMA Companies found: 2
DEBUG - 2025-12-15 08:38:02 --> Sectors for ANUGERAH BAROKAH CAKRAWALA: [{"sector_detail":"Industri Logam Dasar, Barang Logam, Bukan Mesin dan Peralatannya"},{"sector_detail":"Transportasi, Gudang dan Telekomunikasi"},{"sector_detail":"Industri Lainnya"},{"sector_detail":"Listrik, Gas dan Air"}]
DEBUG - 2025-12-15 08:38:02 --> Sectors for THIESS CONTRACTORS INDONESIA: [{"sector_detail":"Pertambangan"},{"sector_detail":"Jasa Lainnya"}]
DEBUG - 2025-12-15 08:38:02 --> Query result for PMDN: [{"company_name":"ADIDAYA AKBAR BERKARYA","jumlah_sektor":"2"},{"company_name":"ADISURYA CIPTA LESTARI","jumlah_sektor":"3"},{"company_name":"AMANAH PUTRA BORNEO","jumlah_sektor":"2"},{"company_name":"ANDIFA NUSA SAMUDERA","jumlah_sektor":"2"},{"company_name":"ARUTMIN INDONESIA","jumlah_sektor":"2"},{"company_name":"AXIS PRATAMA INDONESIA","jumlah_sektor":"2"},{"company_name":"BATULICIN BORNEO MARITIM","jumlah_sektor":"2"},{"company_name":"BATULICIN ENAM SEMBILAN PERTAMBANGAN","jumlah_sektor":"2"},{"company_name":"BAYAN RESOURCES","jumlah_sektor":"2"},{"company_name":"BINA INTI PERSADA","jumlah_sektor":"4"},{"company_name":"BINA USAHA BATULICIN","jumlah_sektor":"2"},{"company_name":"BORNEO INDOBARA","jumlah_sektor":"2"},{"company_name":"BUANA KARYA BHAKTI","jumlah_sektor":"4"},{"company_name":"BUANA KARYA NOVELTINDO","jumlah_sektor":"2"},{"company_name":"BUKIT MAKMUR MANDIRI UTAMA","jumlah_sektor":"2"},{"company_name":"CIPTA KRIDATAMA","jumlah_sektor":"2"},{"company_name":"DAYA ENERGI TEKNIK","jumlah_sektor":"2"},{"company_name":"DUA SAMUDERA PERKASA","jumlah_sektor":"3"},{"company_name":"JHONLIN AGRO RAYA Tbk","jumlah_sektor":"3"},{"company_name":"JHONLIN MARINE TRANS","jumlah_sektor":"2"},{"company_name":"KARYA JAYA LOGISTIK","jumlah_sektor":"4"},{"company_name":"KHARISMA KAISAR BATULICIN","jumlah_sektor":"2"},{"company_name":"KODECO AGROJAYA MANDIRI","jumlah_sektor":"3"},{"company_name":"KRIDA CIPTA SATYA","jumlah_sektor":"2"},{"company_name":"MANDIRI AMAN SEJAHTERA","jumlah_sektor":"6"},{"company_name":"MANDIRI AMAN SEKAWAN","jumlah_sektor":"6"},{"company_name":"MITRA JASA SEBAMBAN UTAMA","jumlah_sektor":"2"},{"company_name":"PUTRA PERKASA ABADI","jumlah_sektor":"2"},{"company_name":"REZKI BATULICIN TRANSPORT","jumlah_sektor":"2"},{"company_name":"SARANA INDO PERDANA","jumlah_sektor":"5"},{"company_name":"SATUI BINA USAHA","jumlah_sektor":"2"},{"company_name":"SEBAMBAN TERMINAL UMUM","jumlah_sektor":"2"},{"company_name":"TIRTAKENCANA TATAWARNA","jumlah_sektor":"2"},{"company_name":"UDANG MARIANI ENAM SEMBILAN","jumlah_sektor":"2"},{"company_name":"UNITED TRACTORS","jumlah_sektor":"4"},{"company_name":"WARGI SANTOSA","jumlah_sektor":"3"}]
DEBUG - 2025-12-15 08:38:02 --> PMDN Companies found: 36
DEBUG - 2025-12-15 08:38:02 --> Sectors for ADIDAYA AKBAR BERKARYA: [{"sector_detail":"Perdagangan dan Reparasi"},{"sector_detail":"Pertambangan"}]
DEBUG - 2025-12-15 08:38:02 --> Sectors for ADISURYA CIPTA LESTARI: [{"sector_detail":"Industri Makanan"},{"sector_detail":"Perdagangan dan Reparasi"},{"sector_detail":"Tanaman Pangan, Perkebunan, dan Peternakan"}]
DEBUG - 2025-12-15 08:38:02 --> Sectors for AMANAH PUTRA BORNEO: [{"sector_detail":"Perdagangan dan Reparasi"},{"sector_detail":"Pertambangan"}]
DEBUG - 2025-12-15 08:38:02 --> Sectors for ANDIFA NUSA SAMUDERA: [{"sector_detail":"Konstruksi"},{"sector_detail":"Transportasi, Gudang dan Telekomunikasi"}]
DEBUG - 2025-12-15 08:38:02 --> Sectors for ARUTMIN INDONESIA: [{"sector_detail":"Pertambangan"},{"sector_detail":"Transportasi, Gudang dan Telekomunikasi"}]
DEBUG - 2025-12-15 08:38:02 --> Sectors for AXIS PRATAMA INDONESIA: [{"sector_detail":"Perdagangan dan Reparasi"},{"sector_detail":"Transportasi, Gudang dan Telekomunikasi"}]
DEBUG - 2025-12-15 08:38:02 --> Sectors for BATULICIN BORNEO MARITIM: [{"sector_detail":"Konstruksi"},{"sector_detail":"Pertambangan"}]
DEBUG - 2025-12-15 08:38:02 --> Sectors for BATULICIN ENAM SEMBILAN PERTAMBANGAN: [{"sector_detail":"Jasa Lainnya"},{"sector_detail":"Pertambangan"}]
DEBUG - 2025-12-15 08:38:02 --> Sectors for BAYAN RESOURCES: [{"sector_detail":"Perdagangan dan Reparasi"},{"sector_detail":"Transportasi, Gudang dan Telekomunikasi"}]
DEBUG - 2025-12-15 08:38:02 --> Sectors for BINA INTI PERSADA: [{"sector_detail":"Jasa Lainnya"},{"sector_detail":"Listrik, Gas dan Air"},{"sector_detail":"Perdagangan dan Reparasi"},{"sector_detail":"Transportasi, Gudang dan Telekomunikasi"}]
DEBUG - 2025-12-15 08:38:02 --> Sectors for BINA USAHA BATULICIN: [{"sector_detail":"Perdagangan dan Reparasi"},{"sector_detail":"Transportasi, Gudang dan Telekomunikasi"}]
DEBUG - 2025-12-15 08:38:02 --> Sectors for BORNEO INDOBARA: [{"sector_detail":"Pertambangan"},{"sector_detail":"Transportasi, Gudang dan Telekomunikasi"}]
DEBUG - 2025-12-15 08:38:02 --> Sectors for BUANA KARYA BHAKTI: [{"sector_detail":"Industri Lainnya"},{"sector_detail":"Industri Makanan"},{"sector_detail":"Jasa Lainnya"},{"sector_detail":"Tanaman Pangan, Perkebunan, dan Peternakan"}]
DEBUG - 2025-12-15 08:38:02 --> Sectors for BUANA KARYA NOVELTINDO: [{"sector_detail":"Industri Makanan"},{"sector_detail":"Perdagangan dan Reparasi"}]
DEBUG - 2025-12-15 08:38:02 --> Sectors for BUKIT MAKMUR MANDIRI UTAMA: [{"sector_detail":"Pertambangan"},{"sector_detail":"Transportasi, Gudang dan Telekomunikasi"}]
DEBUG - 2025-12-15 08:38:02 --> Sectors for CIPTA KRIDATAMA: [{"sector_detail":"Pertambangan"},{"sector_detail":"Transportasi, Gudang dan Telekomunikasi"}]
DEBUG - 2025-12-15 08:38:02 --> Sectors for DAYA ENERGI TEKNIK: [{"sector_detail":"Jasa Lainnya"},{"sector_detail":"Pertambangan"}]
DEBUG - 2025-12-15 08:38:02 --> Sectors for DUA SAMUDERA PERKASA: [{"sector_detail":"Listrik, Gas dan Air"},{"sector_detail":"Perumahan, Kawasan Industri dan Perkantoran"},{"sector_detail":"Transportasi, Gudang dan Telekomunikasi"}]
DEBUG - 2025-12-15 08:38:02 --> Sectors for JHONLIN AGRO RAYA Tbk: [{"sector_detail":"Industri Kimia Dan Farmasi"},{"sector_detail":"Industri Makanan"},{"sector_detail":"Transportasi, Gudang dan Telekomunikasi"}]
DEBUG - 2025-12-15 08:38:02 --> Sectors for JHONLIN MARINE TRANS: [{"sector_detail":"Perdagangan dan Reparasi"},{"sector_detail":"Transportasi, Gudang dan Telekomunikasi"}]
DEBUG - 2025-12-15 08:38:02 --> Sectors for KARYA JAYA LOGISTIK: [{"sector_detail":"Industri Kendaraan Bermotor dan Alat Transportasi Lain"},{"sector_detail":"Industri Makanan"},{"sector_detail":"Perdagangan dan Reparasi"},{"sector_detail":"Transportasi, Gudang dan Telekomunikasi"}]
DEBUG - 2025-12-15 08:38:02 --> Sectors for KHARISMA KAISAR BATULICIN: [{"sector_detail":"Perdagangan dan Reparasi"},{"sector_detail":"Transportasi, Gudang dan Telekomunikasi"}]
DEBUG - 2025-12-15 08:38:02 --> Sectors for KODECO AGROJAYA MANDIRI: [{"sector_detail":"Industri Makanan"},{"sector_detail":"Perdagangan dan Reparasi"},{"sector_detail":"Tanaman Pangan, Perkebunan, dan Peternakan"}]
DEBUG - 2025-12-15 08:38:02 --> Sectors for KRIDA CIPTA SATYA: [{"sector_detail":"Konstruksi"},{"sector_detail":"Pertambangan"}]
DEBUG - 2025-12-15 08:38:02 --> Sectors for MANDIRI AMAN SEJAHTERA: [{"sector_detail":"Industri Makanan"},{"sector_detail":"Konstruksi"},{"sector_detail":"Perdagangan dan Reparasi"},{"sector_detail":"Perumahan, Kawasan Industri dan Perkantoran"},{"sector_detail":"Tanaman Pangan, Perkebunan, dan Peternakan"},{"sector_detail":"Transportasi, Gudang dan Telekomunikasi"}]
DEBUG - 2025-12-15 08:38:02 --> Sectors for MANDIRI AMAN SEKAWAN: [{"sector_detail":"Industri Makanan"},{"sector_detail":"Jasa Lainnya"},{"sector_detail":"Konstruksi"},{"sector_detail":"Perdagangan dan Reparasi"},{"sector_detail":"Tanaman Pangan, Perkebunan, dan Peternakan"},{"sector_detail":"Transportasi, Gudang dan Telekomunikasi"}]
DEBUG - 2025-12-15 08:38:02 --> Sectors for MITRA JASA SEBAMBAN UTAMA: [{"sector_detail":"Konstruksi"},{"sector_detail":"Transportasi, Gudang dan Telekomunikasi"}]
DEBUG - 2025-12-15 08:38:02 --> Sectors for PUTRA PERKASA ABADI: [{"sector_detail":"Jasa Lainnya"},{"sector_detail":"Perdagangan dan Reparasi"}]
DEBUG - 2025-12-15 08:38:02 --> Sectors for REZKI BATULICIN TRANSPORT: [{"sector_detail":"Pertambangan"},{"sector_detail":"Transportasi, Gudang dan Telekomunikasi"}]
DEBUG - 2025-12-15 08:38:02 --> Sectors for SARANA INDO PERDANA: [{"sector_detail":"Hotel dan Restoran"},{"sector_detail":"Industri Makanan"},{"sector_detail":"Jasa Lainnya"},{"sector_detail":"Listrik, Gas dan Air"},{"sector_detail":"Transportasi, Gudang dan Telekomunikasi"}]
DEBUG - 2025-12-15 08:38:02 --> Sectors for SATUI BINA USAHA: [{"sector_detail":"Industri Kimia Dan Farmasi"},{"sector_detail":"Pertambangan"}]
DEBUG - 2025-12-15 08:38:02 --> Sectors for SEBAMBAN TERMINAL UMUM: [{"sector_detail":"Perdagangan dan Reparasi"},{"sector_detail":"Transportasi, Gudang dan Telekomunikasi"}]
DEBUG - 2025-12-15 08:38:02 --> Sectors for TIRTAKENCANA TATAWARNA: [{"sector_detail":"Perdagangan dan Reparasi"},{"sector_detail":"Transportasi, Gudang dan Telekomunikasi"}]
DEBUG - 2025-12-15 08:38:02 --> Sectors for UDANG MARIANI ENAM SEMBILAN: [{"sector_detail":"Industri Makanan"},{"sector_detail":"Perikanan"}]
DEBUG - 2025-12-15 08:38:02 --> Sectors for UNITED TRACTORS: [{"sector_detail":"Jasa Lainnya"},{"sector_detail":"Konstruksi"},{"sector_detail":"Perdagangan dan Reparasi"},{"sector_detail":"Perumahan, Kawasan Industri dan Perkantoran"}]
DEBUG - 2025-12-15 08:38:02 --> Sectors for WARGI SANTOSA: [{"sector_detail":"Jasa Lainnya"},{"sector_detail":"Perdagangan dan Reparasi"},{"sector_detail":"Transportasi, Gudang dan Telekomunikasi"}]
DEBUG - 2025-12-15 08:38:02 --> Final PMA result count: 6, Total: 6
DEBUG - 2025-12-15 08:38:02 --> Final PMDN result count: 96, Total: 96
DEBUG - 2025-12-15 08:38:02 --> === getSectorCountByCompany END ===
DEBUG - 2025-12-15 08:38:02 --> QuarterlyChartService - Total uploads: 1
DEBUG - 2025-12-15 08:38:02 --> QuarterlyChartService - Selected year: all
DEBUG - 2025-12-15 08:38:02 --> Processing upload ID: 50, Status: completed, Year: 2025, Quarter: Q3
DEBUG - 2025-12-15 08:38:02 --> Upload ID 50 - PMA: 1653622393959.00, PMDN: 1817276331954.00
DEBUG - 2025-12-15 08:38:02 --> Added to Q3: 3470898725913 (Total now: 3470898725913)
DEBUG - 2025-12-15 08:38:02 --> Final quarterly data before conversion: {"Q1":0,"Q2":0,"Q3":3470898725913,"Q4":0}
DEBUG - 2025-12-15 08:38:02 --> QuarterlyChartService (All Years) - Total uploads: 1
DEBUG - 2025-12-15 08:38:02 --> Initialized year: 2025
DEBUG - 2025-12-15 08:38:02 --> Upload ID 50 - PMA: 1653622393959.00, PMDN: 1817276331954.00
DEBUG - 2025-12-15 08:38:02 --> Added to Q3: 3470898725913 (Total now: 3470898725913)
DEBUG - 2025-12-15 08:38:02 --> Yearly quarterly data before conversion: {"2025":{"Q1":0,"Q2":0,"Q3":3470898725913,"Q4":0}}
DEBUG - 2025-12-15 08:38:02 --> QuarterlyChartService (All Years) - Final result: {"2025":{"labels":["Q1","Q2","Q3","Q4"],"values":[0,0,3470898725913,0]}}
INFO - 2025-12-15 08:38:32 --> Session: Class initialized using 'CodeIgniter\Session\Handlers\FileHandler' driver.
INFO - 2025-12-15 08:38:34 --> Session: Class initialized using 'CodeIgniter\Session\Handlers\FileHandler' driver.
INFO - 2025-12-15 08:38:43 --> Session: Class initialized using 'CodeIgniter\Session\Handlers\FileHandler' driver.
DEBUG - 2025-12-15 08:38:43 --> ValidateMetadata called - UploadID: 51, Quarter: 1, Normalized: 1, Year: 2025
DEBUG - 2025-12-15 08:38:43 --> === DUPLICATE CHECK START ===
DEBUG - 2025-12-15 08:38:43 --> Checking duplicate: Quarter=Q1, Year=2025, ExcludeId=51
DEBUG - 2025-12-15 08:38:43 --> ❌ NO DUPLICATE - Data aman untuk diproses
DEBUG - 2025-12-15 08:38:43 --> === DUPLICATE CHECK END ===
DEBUG - 2025-12-15 08:38:43 --> Validation passed - no duplicate found
INFO - 2025-12-15 08:38:45 --> Session: Class initialized using 'CodeIgniter\Session\Handlers\FileHandler' driver.
DEBUG - 2025-12-15 08:38:45 --> === getSectorCountByCompany START ===
DEBUG - 2025-12-15 08:38:45 --> Upload ID: 51
DEBUG - 2025-12-15 08:38:45 --> Filters: []
DEBUG - 2025-12-15 08:38:45 --> Query result for PMA: [{"company_name":"ANUGERAH BAROKAH CAKRAWALA","jumlah_sektor":"4"},{"company_name":"THIESS CONTRACTORS INDONESIA","jumlah_sektor":"2"}]
DEBUG - 2025-12-15 08:38:45 --> PMA Companies found: 2
DEBUG - 2025-12-15 08:38:45 --> Sectors for ANUGERAH BAROKAH CAKRAWALA: [{"sector_detail":"Industri Logam Dasar, Barang Logam, Bukan Mesin dan Peralatannya"},{"sector_detail":"Transportasi, Gudang dan Telekomunikasi"},{"sector_detail":"Industri Lainnya"},{"sector_detail":"Listrik, Gas dan Air"}]
DEBUG - 2025-12-15 08:38:45 --> Sectors for THIESS CONTRACTORS INDONESIA: [{"sector_detail":"Pertambangan"},{"sector_detail":"Jasa Lainnya"}]
DEBUG - 2025-12-15 08:38:45 --> Query result for PMDN: [{"company_name":"ADIDAYA AKBAR BERKARYA","jumlah_sektor":"2"},{"company_name":"ADISURYA CIPTA LESTARI","jumlah_sektor":"3"},{"company_name":"AMANAH PUTRA BORNEO","jumlah_sektor":"2"},{"company_name":"ANDIFA NUSA SAMUDERA","jumlah_sektor":"2"},{"company_name":"ARUTMIN INDONESIA","jumlah_sektor":"2"},{"company_name":"AXIS PRATAMA INDONESIA","jumlah_sektor":"2"},{"company_name":"BATULICIN BORNEO MARITIM","jumlah_sektor":"2"},{"company_name":"BATULICIN ENAM SEMBILAN PERTAMBANGAN","jumlah_sektor":"2"},{"company_name":"BAYAN RESOURCES","jumlah_sektor":"2"},{"company_name":"BINA INTI PERSADA","jumlah_sektor":"4"},{"company_name":"BINA USAHA BATULICIN","jumlah_sektor":"2"},{"company_name":"BORNEO INDOBARA","jumlah_sektor":"2"},{"company_name":"BUANA KARYA BHAKTI","jumlah_sektor":"4"},{"company_name":"BUANA KARYA NOVELTINDO","jumlah_sektor":"2"},{"company_name":"BUKIT MAKMUR MANDIRI UTAMA","jumlah_sektor":"2"},{"company_name":"CIPTA KRIDATAMA","jumlah_sektor":"2"},{"company_name":"DAYA ENERGI TEKNIK","jumlah_sektor":"2"},{"company_name":"DUA SAMUDERA PERKASA","jumlah_sektor":"3"},{"company_name":"JHONLIN AGRO RAYA Tbk","jumlah_sektor":"3"},{"company_name":"JHONLIN MARINE TRANS","jumlah_sektor":"2"},{"company_name":"KARYA JAYA LOGISTIK","jumlah_sektor":"4"},{"company_name":"KHARISMA KAISAR BATULICIN","jumlah_sektor":"2"},{"company_name":"KODECO AGROJAYA MANDIRI","jumlah_sektor":"3"},{"company_name":"KRIDA CIPTA SATYA","jumlah_sektor":"2"},{"company_name":"MANDIRI AMAN SEJAHTERA","jumlah_sektor":"6"},{"company_name":"MANDIRI AMAN SEKAWAN","jumlah_sektor":"6"},{"company_name":"MITRA JASA SEBAMBAN UTAMA","jumlah_sektor":"2"},{"company_name":"PUTRA PERKASA ABADI","jumlah_sektor":"2"},{"company_name":"REZKI BATULICIN TRANSPORT","jumlah_sektor":"2"},{"company_name":"SARANA INDO PERDANA","jumlah_sektor":"5"},{"company_name":"SATUI BINA USAHA","jumlah_sektor":"2"},{"company_name":"SEBAMBAN TERMINAL UMUM","jumlah_sektor":"2"},{"company_name":"TIRTAKENCANA TATAWARNA","jumlah_sektor":"2"},{"company_name":"UDANG MARIANI ENAM SEMBILAN","jumlah_sektor":"2"},{"company_name":"UNITED TRACTORS","jumlah_sektor":"4"},{"company_name":"WARGI SANTOSA","jumlah_sektor":"3"}]
DEBUG - 2025-12-15 08:38:45 --> PMDN Companies found: 36
DEBUG - 2025-12-15 08:38:45 --> Sectors for ADIDAYA AKBAR BERKARYA: [{"sector_detail":"Pertambangan"},{"sector_detail":"Perdagangan dan Reparasi"}]
DEBUG - 2025-12-15 08:38:45 --> Sectors for ADISURYA CIPTA LESTARI: [{"sector_detail":"Perdagangan dan Reparasi"},{"sector_detail":"Tanaman Pangan, Perkebunan, dan Peternakan"},{"sector_detail":"Industri Makanan"}]
DEBUG - 2025-12-15 08:38:45 --> Sectors for AMANAH PUTRA BORNEO: [{"sector_detail":"Pertambangan"},{"sector_detail":"Perdagangan dan Reparasi"}]
DEBUG - 2025-12-15 08:38:45 --> Sectors for ANDIFA NUSA SAMUDERA: [{"sector_detail":"Konstruksi"},{"sector_detail":"Transportasi, Gudang dan Telekomunikasi"}]
DEBUG - 2025-12-15 08:38:45 --> Sectors for ARUTMIN INDONESIA: [{"sector_detail":"Pertambangan"},{"sector_detail":"Transportasi, Gudang dan Telekomunikasi"}]
DEBUG - 2025-12-15 08:38:45 --> Sectors for AXIS PRATAMA INDONESIA: [{"sector_detail":"Transportasi, Gudang dan Telekomunikasi"},{"sector_detail":"Perdagangan dan Reparasi"}]
DEBUG - 2025-12-15 08:38:45 --> Sectors for BATULICIN BORNEO MARITIM: [{"sector_detail":"Konstruksi"},{"sector_detail":"Pertambangan"}]
DEBUG - 2025-12-15 08:38:45 --> Sectors for BATULICIN ENAM SEMBILAN PERTAMBANGAN: [{"sector_detail":"Jasa Lainnya"},{"sector_detail":"Pertambangan"}]
DEBUG - 2025-12-15 08:38:45 --> Sectors for BAYAN RESOURCES: [{"sector_detail":"Transportasi, Gudang dan Telekomunikasi"},{"sector_detail":"Perdagangan dan Reparasi"}]
DEBUG - 2025-12-15 08:38:45 --> Sectors for BINA INTI PERSADA: [{"sector_detail":"Transportasi, Gudang dan Telekomunikasi"},{"sector_detail":"Listrik, Gas dan Air"},{"sector_detail":"Jasa Lainnya"},{"sector_detail":"Perdagangan dan Reparasi"}]
DEBUG - 2025-12-15 08:38:45 --> Sectors for BINA USAHA BATULICIN: [{"sector_detail":"Perdagangan dan Reparasi"},{"sector_detail":"Transportasi, Gudang dan Telekomunikasi"}]
DEBUG - 2025-12-15 08:38:45 --> Sectors for BORNEO INDOBARA: [{"sector_detail":"Pertambangan"},{"sector_detail":"Transportasi, Gudang dan Telekomunikasi"}]
DEBUG - 2025-12-15 08:38:45 --> Sectors for BUANA KARYA BHAKTI: [{"sector_detail":"Tanaman Pangan, Perkebunan, dan Peternakan"},{"sector_detail":"Industri Makanan"},{"sector_detail":"Jasa Lainnya"},{"sector_detail":"Industri Lainnya"}]
DEBUG - 2025-12-15 08:38:45 --> Sectors for BUANA KARYA NOVELTINDO: [{"sector_detail":"Perdagangan dan Reparasi"},{"sector_detail":"Industri Makanan"}]
DEBUG - 2025-12-15 08:38:45 --> Sectors for BUKIT MAKMUR MANDIRI UTAMA: [{"sector_detail":"Pertambangan"},{"sector_detail":"Transportasi, Gudang dan Telekomunikasi"}]
DEBUG - 2025-12-15 08:38:45 --> Sectors for CIPTA KRIDATAMA: [{"sector_detail":"Pertambangan"},{"sector_detail":"Transportasi, Gudang dan Telekomunikasi"}]
DEBUG - 2025-12-15 08:38:45 --> Sectors for DAYA ENERGI TEKNIK: [{"sector_detail":"Jasa Lainnya"},{"sector_detail":"Pertambangan"}]
DEBUG - 2025-12-15 08:38:45 --> Sectors for DUA SAMUDERA PERKASA: [{"sector_detail":"Perumahan, Kawasan Industri dan Perkantoran"},{"sector_detail":"Listrik, Gas dan Air"},{"sector_detail":"Transportasi, Gudang dan Telekomunikasi"}]
DEBUG - 2025-12-15 08:38:45 --> Sectors for JHONLIN AGRO RAYA Tbk: [{"sector_detail":"Transportasi, Gudang dan Telekomunikasi"},{"sector_detail":"Industri Kimia Dan Farmasi"},{"sector_detail":"Industri Makanan"}]
DEBUG - 2025-12-15 08:38:45 --> Sectors for JHONLIN MARINE TRANS: [{"sector_detail":"Transportasi, Gudang dan Telekomunikasi"},{"sector_detail":"Perdagangan dan Reparasi"}]
DEBUG - 2025-12-15 08:38:45 --> Sectors for KARYA JAYA LOGISTIK: [{"sector_detail":"Perdagangan dan Reparasi"},{"sector_detail":"Industri Kendaraan Bermotor dan Alat Transportasi Lain"},{"sector_detail":"Industri Makanan"},{"sector_detail":"Transportasi, Gudang dan Telekomunikasi"}]
DEBUG - 2025-12-15 08:38:45 --> Sectors for KHARISMA KAISAR BATULICIN: [{"sector_detail":"Transportasi, Gudang dan Telekomunikasi"},{"sector_detail":"Perdagangan dan Reparasi"}]
DEBUG - 2025-12-15 08:38:45 --> Sectors for KODECO AGROJAYA MANDIRI: [{"sector_detail":"Tanaman Pangan, Perkebunan, dan Peternakan"},{"sector_detail":"Industri Makanan"},{"sector_detail":"Perdagangan dan Reparasi"}]
DEBUG - 2025-12-15 08:38:45 --> Sectors for KRIDA CIPTA SATYA: [{"sector_detail":"Konstruksi"},{"sector_detail":"Pertambangan"}]
DEBUG - 2025-12-15 08:38:45 --> Sectors for MANDIRI AMAN SEJAHTERA: [{"sector_detail":"Tanaman Pangan, Perkebunan, dan Peternakan"},{"sector_detail":"Konstruksi"},{"sector_detail":"Industri Makanan"},{"sector_detail":"Perdagangan dan Reparasi"},{"sector_detail":"Transportasi, Gudang dan Telekomunikasi"},{"sector_detail":"Perumahan, Kawasan Industri dan Perkantoran"}]
DEBUG - 2025-12-15 08:38:45 --> Sectors for MANDIRI AMAN SEKAWAN: [{"sector_detail":"Konstruksi"},{"sector_detail":"Perdagangan dan Reparasi"},{"sector_detail":"Tanaman Pangan, Perkebunan, dan Peternakan"},{"sector_detail":"Industri Makanan"},{"sector_detail":"Jasa Lainnya"},{"sector_detail":"Transportasi, Gudang dan Telekomunikasi"}]
DEBUG - 2025-12-15 08:38:45 --> Sectors for MITRA JASA SEBAMBAN UTAMA: [{"sector_detail":"Transportasi, Gudang dan Telekomunikasi"},{"sector_detail":"Konstruksi"}]
DEBUG - 2025-12-15 08:38:45 --> Sectors for PUTRA PERKASA ABADI: [{"sector_detail":"Perdagangan dan Reparasi"},{"sector_detail":"Jasa Lainnya"}]
DEBUG - 2025-12-15 08:38:45 --> Sectors for REZKI BATULICIN TRANSPORT: [{"sector_detail":"Pertambangan"},{"sector_detail":"Transportasi, Gudang dan Telekomunikasi"}]
DEBUG - 2025-12-15 08:38:45 --> Sectors for SARANA INDO PERDANA: [{"sector_detail":"Transportasi, Gudang dan Telekomunikasi"},{"sector_detail":"Listrik, Gas dan Air"},{"sector_detail":"Hotel dan Restoran"},{"sector_detail":"Jasa Lainnya"},{"sector_detail":"Industri Makanan"}]
DEBUG - 2025-12-15 08:38:45 --> Sectors for SATUI BINA USAHA: [{"sector_detail":"Pertambangan"},{"sector_detail":"Industri Kimia Dan Farmasi"}]
DEBUG - 2025-12-15 08:38:45 --> Sectors for SEBAMBAN TERMINAL UMUM: [{"sector_detail":"Transportasi, Gudang dan Telekomunikasi"},{"sector_detail":"Perdagangan dan Reparasi"}]
DEBUG - 2025-12-15 08:38:45 --> Sectors for TIRTAKENCANA TATAWARNA: [{"sector_detail":"Transportasi, Gudang dan Telekomunikasi"},{"sector_detail":"Perdagangan dan Reparasi"}]
DEBUG - 2025-12-15 08:38:45 --> Sectors for UDANG MARIANI ENAM SEMBILAN: [{"sector_detail":"Industri Makanan"},{"sector_detail":"Perikanan"}]
DEBUG - 2025-12-15 08:38:45 --> Sectors for UNITED TRACTORS: [{"sector_detail":"Perdagangan dan Reparasi"},{"sector_detail":"Jasa Lainnya"},{"sector_detail":"Perumahan, Kawasan Industri dan Perkantoran"},{"sector_detail":"Konstruksi"}]
DEBUG - 2025-12-15 08:38:45 --> Sectors for WARGI SANTOSA: [{"sector_detail":"Transportasi, Gudang dan Telekomunikasi"},{"sector_detail":"Jasa Lainnya"},{"sector_detail":"Perdagangan dan Reparasi"}]
DEBUG - 2025-12-15 08:38:45 --> Final PMA result count: 6, Total: 6
DEBUG - 2025-12-15 08:38:45 --> Final PMDN result count: 96, Total: 96
DEBUG - 2025-12-15 08:38:45 --> === getSectorCountByCompany END ===
DEBUG - 2025-12-15 08:38:45 --> QuarterlyChartService - Total uploads: 2
DEBUG - 2025-12-15 08:38:45 --> QuarterlyChartService - Selected year: all
DEBUG - 2025-12-15 08:38:45 --> Processing upload ID: 51, Status: completed, Year: 2025, Quarter: Q1
DEBUG - 2025-12-15 08:38:45 --> Upload ID 51 - PMA: 1653622393959.00, PMDN: 1817276331954.00
DEBUG - 2025-12-15 08:38:45 --> Added to Q1: 3470898725913 (Total now: 3470898725913)
DEBUG - 2025-12-15 08:38:45 --> Processing upload ID: 50, Status: completed, Year: 2025, Quarter: Q3
DEBUG - 2025-12-15 08:38:45 --> Upload ID 50 - PMA: 1653622393959.00, PMDN: 1817276331954.00
DEBUG - 2025-12-15 08:38:45 --> Added to Q3: 3470898725913 (Total now: 3470898725913)
DEBUG - 2025-12-15 08:38:45 --> Final quarterly data before conversion: {"Q1":3470898725913,"Q2":0,"Q3":3470898725913,"Q4":0}
DEBUG - 2025-12-15 08:38:45 --> QuarterlyChartService (All Years) - Total uploads: 2
DEBUG - 2025-12-15 08:38:45 --> Initialized year: 2025
DEBUG - 2025-12-15 08:38:45 --> Upload ID 51 - PMA: 1653622393959.00, PMDN: 1817276331954.00
DEBUG - 2025-12-15 08:38:45 --> Added to Q1: 3470898725913 (Total now: 3470898725913)
DEBUG - 2025-12-15 08:38:45 --> Upload ID 50 - PMA: 1653622393959.00, PMDN: 1817276331954.00
DEBUG - 2025-12-15 08:38:45 --> Added to Q3: 3470898725913 (Total now: 3470898725913)
DEBUG - 2025-12-15 08:38:45 --> Yearly quarterly data before conversion: {"2025":{"Q1":3470898725913,"Q2":0,"Q3":3470898725913,"Q4":0}}
DEBUG - 2025-12-15 08:38:45 --> QuarterlyChartService (All Years) - Final result: {"2025":{"labels":["Q1","Q2","Q3","Q4"],"values":[3470898725913,0,3470898725913,0]}}
INFO - 2025-12-15 08:44:25 --> Session: Class initialized using 'CodeIgniter\Session\Handlers\FileHandler' driver.
DEBUG - 2025-12-15 08:44:25 --> === getSectorCountByCompany START ===
DEBUG - 2025-12-15 08:44:25 --> Upload ID: 51
DEBUG - 2025-12-15 08:44:25 --> PMA records found: 15
DEBUG - 2025-12-15 08:44:25 --> PMDN records found: 186
DEBUG - 2025-12-15 08:44:25 --> PMA: 15 rows, Total: 20
DEBUG - 2025-12-15 08:44:25 --> PMDN: 186 rows, Total: 435
DEBUG - 2025-12-15 08:44:25 --> === getSectorCountByCompany END ===
DEBUG - 2025-12-15 08:44:25 --> QuarterlyChartService - Total uploads: 2
DEBUG - 2025-12-15 08:44:25 --> QuarterlyChartService - Selected year: all
DEBUG - 2025-12-15 08:44:25 --> Processing upload ID: 51, Status: completed, Year: 2025, Quarter: Q1
DEBUG - 2025-12-15 08:44:25 --> Upload ID 51 - PMA: 1653622393959.00, PMDN: 1817276331954.00
DEBUG - 2025-12-15 08:44:25 --> Added to Q1: 3470898725913 (Total now: 3470898725913)
DEBUG - 2025-12-15 08:44:25 --> Processing upload ID: 50, Status: completed, Year: 2025, Quarter: Q3
DEBUG - 2025-12-15 08:44:25 --> Upload ID 50 - PMA: 1653622393959.00, PMDN: 1817276331954.00
DEBUG - 2025-12-15 08:44:25 --> Added to Q3: 3470898725913 (Total now: 3470898725913)
DEBUG - 2025-12-15 08:44:25 --> Final quarterly data before conversion: {"Q1":3470898725913,"Q2":0,"Q3":3470898725913,"Q4":0}
DEBUG - 2025-12-15 08:44:25 --> QuarterlyChartService (All Years) - Total uploads: 2
DEBUG - 2025-12-15 08:44:25 --> Initialized year: 2025
DEBUG - 2025-12-15 08:44:25 --> Upload ID 51 - PMA: 1653622393959.00, PMDN: 1817276331954.00
DEBUG - 2025-12-15 08:44:25 --> Added to Q1: 3470898725913 (Total now: 3470898725913)
DEBUG - 2025-12-15 08:44:25 --> Upload ID 50 - PMA: 1653622393959.00, PMDN: 1817276331954.00
DEBUG - 2025-12-15 08:44:25 --> Added to Q3: 3470898725913 (Total now: 3470898725913)
DEBUG - 2025-12-15 08:44:25 --> Yearly quarterly data before conversion: {"2025":{"Q1":3470898725913,"Q2":0,"Q3":3470898725913,"Q4":0}}
DEBUG - 2025-12-15 08:44:25 --> QuarterlyChartService (All Years) - Final result: {"2025":{"labels":["Q1","Q2","Q3","Q4"],"values":[3470898725913,0,3470898725913,0]}}
INFO - 2025-12-15 08:44:33 --> Session: Class initialized using 'CodeIgniter\Session\Handlers\FileHandler' driver.
DEBUG - 2025-12-15 08:44:33 --> === getSectorCountByCompany START ===
DEBUG - 2025-12-15 08:44:33 --> Upload ID: 51
DEBUG - 2025-12-15 08:44:33 --> PMA records found: 15
DEBUG - 2025-12-15 08:44:33 --> PMDN records found: 186
DEBUG - 2025-12-15 08:44:33 --> PMA: 15 rows, Total: 20
DEBUG - 2025-12-15 08:44:33 --> PMDN: 186 rows, Total: 435
DEBUG - 2025-12-15 08:44:33 --> === getSectorCountByCompany END ===
DEBUG - 2025-12-15 08:44:33 --> QuarterlyChartService - Total uploads: 2
DEBUG - 2025-12-15 08:44:33 --> QuarterlyChartService - Selected year: all
DEBUG - 2025-12-15 08:44:33 --> Processing upload ID: 51, Status: completed, Year: 2025, Quarter: Q1
DEBUG - 2025-12-15 08:44:33 --> Upload ID 51 - PMA: 1653622393959.00, PMDN: 1817276331954.00
DEBUG - 2025-12-15 08:44:33 --> Added to Q1: 3470898725913 (Total now: 3470898725913)
DEBUG - 2025-12-15 08:44:33 --> Processing upload ID: 50, Status: completed, Year: 2025, Quarter: Q3
DEBUG - 2025-12-15 08:44:33 --> Upload ID 50 - PMA: 1653622393959.00, PMDN: 1817276331954.00
DEBUG - 2025-12-15 08:44:33 --> Added to Q3: 3470898725913 (Total now: 3470898725913)
DEBUG - 2025-12-15 08:44:33 --> Final quarterly data before conversion: {"Q1":3470898725913,"Q2":0,"Q3":3470898725913,"Q4":0}
DEBUG - 2025-12-15 08:44:33 --> QuarterlyChartService (All Years) - Total uploads: 2
DEBUG - 2025-12-15 08:44:33 --> Initialized year: 2025
DEBUG - 2025-12-15 08:44:33 --> Upload ID 51 - PMA: 1653622393959.00, PMDN: 1817276331954.00
DEBUG - 2025-12-15 08:44:33 --> Added to Q1: 3470898725913 (Total now: 3470898725913)
DEBUG - 2025-12-15 08:44:33 --> Upload ID 50 - PMA: 1653622393959.00, PMDN: 1817276331954.00
DEBUG - 2025-12-15 08:44:33 --> Added to Q3: 3470898725913 (Total now: 3470898725913)
DEBUG - 2025-12-15 08:44:33 --> Yearly quarterly data before conversion: {"2025":{"Q1":3470898725913,"Q2":0,"Q3":3470898725913,"Q4":0}}
DEBUG - 2025-12-15 08:44:33 --> QuarterlyChartService (All Years) - Final result: {"2025":{"labels":["Q1","Q2","Q3","Q4"],"values":[3470898725913,0,3470898725913,0]}}
INFO - 2025-12-15 08:45:49 --> Session: Class initialized using 'CodeIgniter\Session\Handlers\FileHandler' driver.
DEBUG - 2025-12-15 08:45:49 --> === getSectorCountByCompany START ===
DEBUG - 2025-12-15 08:45:49 --> Upload ID: 51
DEBUG - 2025-12-15 08:45:49 --> PMA records found: 15
DEBUG - 2025-12-15 08:45:49 --> PMDN records found: 186
DEBUG - 2025-12-15 08:45:49 --> PMA: 15 rows, Total: 20
DEBUG - 2025-12-15 08:45:49 --> PMDN: 186 rows, Total: 435
DEBUG - 2025-12-15 08:45:49 --> === getSectorCountByCompany END ===
DEBUG - 2025-12-15 08:45:49 --> QuarterlyChartService - Total uploads: 2
DEBUG - 2025-12-15 08:45:49 --> QuarterlyChartService - Selected year: all
DEBUG - 2025-12-15 08:45:49 --> Processing upload ID: 51, Status: completed, Year: 2025, Quarter: Q1
DEBUG - 2025-12-15 08:45:49 --> Upload ID 51 - PMA: 1653622393959.00, PMDN: 1817276331954.00
DEBUG - 2025-12-15 08:45:49 --> Added to Q1: 3470898725913 (Total now: 3470898725913)
DEBUG - 2025-12-15 08:45:49 --> Processing upload ID: 50, Status: completed, Year: 2025, Quarter: Q3
DEBUG - 2025-12-15 08:45:49 --> Upload ID 50 - PMA: 1653622393959.00, PMDN: 1817276331954.00
DEBUG - 2025-12-15 08:45:49 --> Added to Q3: 3470898725913 (Total now: 3470898725913)
DEBUG - 2025-12-15 08:45:49 --> Final quarterly data before conversion: {"Q1":3470898725913,"Q2":0,"Q3":3470898725913,"Q4":0}
DEBUG - 2025-12-15 08:45:49 --> QuarterlyChartService (All Years) - Total uploads: 2
DEBUG - 2025-12-15 08:45:49 --> Initialized year: 2025
DEBUG - 2025-12-15 08:45:49 --> Upload ID 51 - PMA: 1653622393959.00, PMDN: 1817276331954.00
DEBUG - 2025-12-15 08:45:49 --> Added to Q1: 3470898725913 (Total now: 3470898725913)
DEBUG - 2025-12-15 08:45:49 --> Upload ID 50 - PMA: 1653622393959.00, PMDN: 1817276331954.00
DEBUG - 2025-12-15 08:45:49 --> Added to Q3: 3470898725913 (Total now: 3470898725913)
DEBUG - 2025-12-15 08:45:49 --> Yearly quarterly data before conversion: {"2025":{"Q1":3470898725913,"Q2":0,"Q3":3470898725913,"Q4":0}}
DEBUG - 2025-12-15 08:45:49 --> QuarterlyChartService (All Years) - Final result: {"2025":{"labels":["Q1","Q2","Q3","Q4"],"values":[3470898725913,0,3470898725913,0]}}
INFO - 2025-12-15 08:45:55 --> Session: Class initialized using 'CodeIgniter\Session\Handlers\FileHandler' driver.
DEBUG - 2025-12-15 08:45:55 --> === getSectorCountByCompany START ===
DEBUG - 2025-12-15 08:45:55 --> Upload ID: 51
DEBUG - 2025-12-15 08:45:55 --> PMA records found: 15
DEBUG - 2025-12-15 08:45:55 --> PMDN records found: 186
DEBUG - 2025-12-15 08:45:55 --> PMA: 15 rows, Total: 20
DEBUG - 2025-12-15 08:45:55 --> PMDN: 186 rows, Total: 435
DEBUG - 2025-12-15 08:45:55 --> === getSectorCountByCompany END ===
DEBUG - 2025-12-15 08:45:55 --> QuarterlyChartService - Total uploads: 2
DEBUG - 2025-12-15 08:45:55 --> QuarterlyChartService - Selected year: all
DEBUG - 2025-12-15 08:45:55 --> Processing upload ID: 51, Status: completed, Year: 2025, Quarter: Q1
DEBUG - 2025-12-15 08:45:55 --> Upload ID 51 - PMA: 1653622393959.00, PMDN: 1817276331954.00
DEBUG - 2025-12-15 08:45:55 --> Added to Q1: 3470898725913 (Total now: 3470898725913)
DEBUG - 2025-12-15 08:45:55 --> Processing upload ID: 50, Status: completed, Year: 2025, Quarter: Q3
DEBUG - 2025-12-15 08:45:55 --> Upload ID 50 - PMA: 1653622393959.00, PMDN: 1817276331954.00
DEBUG - 2025-12-15 08:45:55 --> Added to Q3: 3470898725913 (Total now: 3470898725913)
DEBUG - 2025-12-15 08:45:55 --> Final quarterly data before conversion: {"Q1":3470898725913,"Q2":0,"Q3":3470898725913,"Q4":0}
DEBUG - 2025-12-15 08:45:55 --> QuarterlyChartService (All Years) - Total uploads: 2
DEBUG - 2025-12-15 08:45:55 --> Initialized year: 2025
DEBUG - 2025-12-15 08:45:55 --> Upload ID 51 - PMA: 1653622393959.00, PMDN: 1817276331954.00
DEBUG - 2025-12-15 08:45:55 --> Added to Q1: 3470898725913 (Total now: 3470898725913)
DEBUG - 2025-12-15 08:45:55 --> Upload ID 50 - PMA: 1653622393959.00, PMDN: 1817276331954.00
DEBUG - 2025-12-15 08:45:55 --> Added to Q3: 3470898725913 (Total now: 3470898725913)
DEBUG - 2025-12-15 08:45:55 --> Yearly quarterly data before conversion: {"2025":{"Q1":3470898725913,"Q2":0,"Q3":3470898725913,"Q4":0}}
DEBUG - 2025-12-15 08:45:55 --> QuarterlyChartService (All Years) - Final result: {"2025":{"labels":["Q1","Q2","Q3","Q4"],"values":[3470898725913,0,3470898725913,0]}}
INFO - 2025-12-15 08:46:08 --> Session: Class initialized using 'CodeIgniter\Session\Handlers\FileHandler' driver.
DEBUG - 2025-12-15 08:46:08 --> === getSectorCountByCompany START ===
DEBUG - 2025-12-15 08:46:08 --> Upload ID: 50
DEBUG - 2025-12-15 08:46:08 --> PMA records found: 15
DEBUG - 2025-12-15 08:46:08 --> PMDN records found: 186
DEBUG - 2025-12-15 08:46:08 --> PMA: 15 rows, Total: 20
DEBUG - 2025-12-15 08:46:08 --> PMDN: 186 rows, Total: 435
DEBUG - 2025-12-15 08:46:08 --> === getSectorCountByCompany END ===
DEBUG - 2025-12-15 08:46:08 --> QuarterlyChartService - Total uploads: 2
DEBUG - 2025-12-15 08:46:08 --> QuarterlyChartService - Selected year: all
DEBUG - 2025-12-15 08:46:08 --> Processing upload ID: 51, Status: completed, Year: 2025, Quarter: Q1
DEBUG - 2025-12-15 08:46:08 --> Upload ID 51 - PMA: 1653622393959.00, PMDN: 1817276331954.00
DEBUG - 2025-12-15 08:46:08 --> Added to Q1: 3470898725913 (Total now: 3470898725913)
DEBUG - 2025-12-15 08:46:08 --> Processing upload ID: 50, Status: completed, Year: 2025, Quarter: Q3
DEBUG - 2025-12-15 08:46:08 --> Upload ID 50 - PMA: 1653622393959.00, PMDN: 1817276331954.00
DEBUG - 2025-12-15 08:46:08 --> Added to Q3: 3470898725913 (Total now: 3470898725913)
DEBUG - 2025-12-15 08:46:08 --> Final quarterly data before conversion: {"Q1":3470898725913,"Q2":0,"Q3":3470898725913,"Q4":0}
DEBUG - 2025-12-15 08:46:08 --> QuarterlyChartService (All Years) - Total uploads: 2
DEBUG - 2025-12-15 08:46:08 --> Initialized year: 2025
DEBUG - 2025-12-15 08:46:08 --> Upload ID 51 - PMA: 1653622393959.00, PMDN: 1817276331954.00
DEBUG - 2025-12-15 08:46:08 --> Added to Q1: 3470898725913 (Total now: 3470898725913)
DEBUG - 2025-12-15 08:46:08 --> Upload ID 50 - PMA: 1653622393959.00, PMDN: 1817276331954.00
DEBUG - 2025-12-15 08:46:08 --> Added to Q3: 3470898725913 (Total now: 3470898725913)
DEBUG - 2025-12-15 08:46:08 --> Yearly quarterly data before conversion: {"2025":{"Q1":3470898725913,"Q2":0,"Q3":3470898725913,"Q4":0}}
DEBUG - 2025-12-15 08:46:08 --> QuarterlyChartService (All Years) - Final result: {"2025":{"labels":["Q1","Q2","Q3","Q4"],"values":[3470898725913,0,3470898725913,0]}}
INFO - 2025-12-15 08:46:19 --> Session: Class initialized using 'CodeIgniter\Session\Handlers\FileHandler' driver.
INFO - 2025-12-15 08:46:19 --> Session: Class initialized using 'CodeIgniter\Session\Handlers\FileHandler' driver.
DEBUG - 2025-12-15 08:46:19 --> === getSectorCountByCompany START ===
DEBUG - 2025-12-15 08:46:19 --> Upload ID: 50
DEBUG - 2025-12-15 08:46:19 --> PMA records found: 15
DEBUG - 2025-12-15 08:46:19 --> PMDN records found: 186
DEBUG - 2025-12-15 08:46:19 --> PMA: 15 rows, Total: 20
DEBUG - 2025-12-15 08:46:19 --> PMDN: 186 rows, Total: 435
DEBUG - 2025-12-15 08:46:19 --> === getSectorCountByCompany END ===
DEBUG - 2025-12-15 08:46:19 --> QuarterlyChartService - Total uploads: 1
DEBUG - 2025-12-15 08:46:19 --> QuarterlyChartService - Selected year: all
DEBUG - 2025-12-15 08:46:19 --> Processing upload ID: 50, Status: completed, Year: 2025, Quarter: Q3
DEBUG - 2025-12-15 08:46:19 --> Upload ID 50 - PMA: 1653622393959.00, PMDN: 1817276331954.00
DEBUG - 2025-12-15 08:46:19 --> Added to Q3: 3470898725913 (Total now: 3470898725913)
DEBUG - 2025-12-15 08:46:19 --> Final quarterly data before conversion: {"Q1":0,"Q2":0,"Q3":3470898725913,"Q4":0}
DEBUG - 2025-12-15 08:46:19 --> QuarterlyChartService (All Years) - Total uploads: 1
DEBUG - 2025-12-15 08:46:19 --> Initialized year: 2025
DEBUG - 2025-12-15 08:46:19 --> Upload ID 50 - PMA: 1653622393959.00, PMDN: 1817276331954.00
DEBUG - 2025-12-15 08:46:19 --> Added to Q3: 3470898725913 (Total now: 3470898725913)
DEBUG - 2025-12-15 08:46:19 --> Yearly quarterly data before conversion: {"2025":{"Q1":0,"Q2":0,"Q3":3470898725913,"Q4":0}}
DEBUG - 2025-12-15 08:46:19 --> QuarterlyChartService (All Years) - Final result: {"2025":{"labels":["Q1","Q2","Q3","Q4"],"values":[0,0,3470898725913,0]}}
INFO - 2025-12-15 08:46:25 --> Session: Class initialized using 'CodeIgniter\Session\Handlers\FileHandler' driver.
INFO - 2025-12-15 08:46:25 --> Session: Class initialized using 'CodeIgniter\Session\Handlers\FileHandler' driver.
INFO - 2025-12-15 08:46:31 --> Session: Class initialized using 'CodeIgniter\Session\Handlers\FileHandler' driver.
INFO - 2025-12-15 08:46:32 --> Session: Class initialized using 'CodeIgniter\Session\Handlers\FileHandler' driver.
INFO - 2025-12-15 08:46:38 --> Session: Class initialized using 'CodeIgniter\Session\Handlers\FileHandler' driver.
DEBUG - 2025-12-15 08:46:38 --> ValidateMetadata called - UploadID: 52, Quarter: 3, Normalized: 3, Year: 2025
DEBUG - 2025-12-15 08:46:38 --> === DUPLICATE CHECK START ===
DEBUG - 2025-12-15 08:46:38 --> Checking duplicate: Quarter=Q3, Year=2025, ExcludeId=52
DEBUG - 2025-12-15 08:46:38 --> ❌ NO DUPLICATE - Data aman untuk diproses
DEBUG - 2025-12-15 08:46:38 --> === DUPLICATE CHECK END ===
DEBUG - 2025-12-15 08:46:38 --> Validation passed - no duplicate found
INFO - 2025-12-15 08:46:39 --> Session: Class initialized using 'CodeIgniter\Session\Handlers\FileHandler' driver.
DEBUG - 2025-12-15 08:46:40 --> === getSectorCountByCompany START ===
DEBUG - 2025-12-15 08:46:40 --> Upload ID: 52
DEBUG - 2025-12-15 08:46:40 --> PMA records found: 15
DEBUG - 2025-12-15 08:46:40 --> PMDN records found: 186
DEBUG - 2025-12-15 08:46:40 --> PMA: 15 rows, Total: 20
DEBUG - 2025-12-15 08:46:40 --> PMDN: 186 rows, Total: 435
DEBUG - 2025-12-15 08:46:40 --> === getSectorCountByCompany END ===
DEBUG - 2025-12-15 08:46:40 --> QuarterlyChartService - Total uploads: 1
DEBUG - 2025-12-15 08:46:40 --> QuarterlyChartService - Selected year: all
DEBUG - 2025-12-15 08:46:40 --> Processing upload ID: 52, Status: completed, Year: 2025, Quarter: Q3
DEBUG - 2025-12-15 08:46:40 --> Upload ID 52 - PMA: 1653622393959.00, PMDN: 1817276331954.00
DEBUG - 2025-12-15 08:46:40 --> Added to Q3: 3470898725913 (Total now: 3470898725913)
DEBUG - 2025-12-15 08:46:40 --> Final quarterly data before conversion: {"Q1":0,"Q2":0,"Q3":3470898725913,"Q4":0}
DEBUG - 2025-12-15 08:46:40 --> QuarterlyChartService (All Years) - Total uploads: 1
DEBUG - 2025-12-15 08:46:40 --> Initialized year: 2025
DEBUG - 2025-12-15 08:46:40 --> Upload ID 52 - PMA: 1653622393959.00, PMDN: 1817276331954.00
DEBUG - 2025-12-15 08:46:40 --> Added to Q3: 3470898725913 (Total now: 3470898725913)
DEBUG - 2025-12-15 08:46:40 --> Yearly quarterly data before conversion: {"2025":{"Q1":0,"Q2":0,"Q3":3470898725913,"Q4":0}}
DEBUG - 2025-12-15 08:46:40 --> QuarterlyChartService (All Years) - Final result: {"2025":{"labels":["Q1","Q2","Q3","Q4"],"values":[0,0,3470898725913,0]}}
INFO - 2025-12-15 08:49:45 --> Session: Class initialized using 'CodeIgniter\Session\Handlers\FileHandler' driver.
DEBUG - 2025-12-15 08:49:46 --> === getSectorCountByCompany START ===
DEBUG - 2025-12-15 08:49:46 --> Upload ID: 52
DEBUG - 2025-12-15 08:49:46 --> PMA records found: 15
DEBUG - 2025-12-15 08:49:46 --> PMDN records found: 186
DEBUG - 2025-12-15 08:49:46 --> PMA: 15 rows, Total: 20
DEBUG - 2025-12-15 08:49:46 --> PMDN: 186 rows, Total: 435
DEBUG - 2025-12-15 08:49:46 --> === getSectorCountByCompany END ===
DEBUG - 2025-12-15 08:49:46 --> === getSectorCountByCompany START ===
DEBUG - 2025-12-15 08:49:46 --> Upload ID: 52
DEBUG - 2025-12-15 08:49:46 --> PMA records found: 15
DEBUG - 2025-12-15 08:49:46 --> PMDN records found: 186
DEBUG - 2025-12-15 08:49:46 --> PMA: 15 rows, Total: 20
DEBUG - 2025-12-15 08:49:46 --> PMDN: 186 rows, Total: 435
DEBUG - 2025-12-15 08:49:46 --> === getSectorCountByCompany END ===
DEBUG - 2025-12-15 08:49:46 --> Sector count in DashboardService: {"PMA":{"data":[{"sektor":"Hotel dan Restoran","nama_perusahaan":"CAHAYA ANUGRAH SARANA CATERING","jumlah":"2"},{"sektor":"Industri Lainnya","nama_perusahaan":"ANUGERAH BAROKAH CAKRAWALA","jumlah":"1"},{"sektor":"Industri Logam Dasar, Barang Logam, Bukan Mesin dan Peralatannya","nama_perusahaan":"ANUGERAH BAROKAH CAKRAWALA","jumlah":"3"},{"sektor":"Industri Logam Dasar, Barang Logam, Bukan Mesin dan Peralatannya","nama_perusahaan":"ANUGERAH BAROKAH ENERGI BARU","jumlah":"1"},{"sektor":"Jasa Lainnya","nama_perusahaan":"THIESS CONTRACTORS INDONESIA","jumlah":"1"},{"sektor":"Listrik, Gas dan Air","nama_perusahaan":"ANUGERAH BAROKAH CAKRAWALA","jumlah":"1"},{"sektor":"Perdagangan dan Reparasi","nama_perusahaan":"VKS DRILLTEK INDO","jumlah":"1"},{"sektor":"Pertambangan","nama_perusahaan":"MITRA SETIA TANAH BUMBU","jumlah":"1"},{"sektor":"Pertambangan","nama_perusahaan":"THIESS CONTRACTORS INDONESIA","jumlah":"1"},{"sektor":"Pertambangan","nama_perusahaan":"TOUDANO MANDIRI ABADI","jumlah":"1"},{"sektor":"Pertambangan","nama_perusahaan":"TRANSCOAL MINERGY","jumlah":"3"},{"sektor":"Pertambangan","nama_perusahaan":"YIWAN MINING","jumlah":"1"},{"sektor":"Tanaman Pangan, Perkebunan, dan Peternakan","nama_perusahaan":"JAYA MANDIRI SUKSES","jumlah":"1"},{"sektor":"Tanaman Pangan, Perkebunan, dan Peternakan","nama_perusahaan":"SINGALAND ASETAMA","jumlah":"1"},{"sektor":"Transportasi, Gudang dan Telekomunikasi","nama_perusahaan":"ANUGERAH BAROKAH CAKRAWALA","jumlah":"1"}],"total":20},"PMDN":{"data":[{"sektor":"Hotel dan Restoran","nama_perusahaan":"ARYATAMA BANUA BIRU","jumlah":"3"},{"sektor":"Hotel dan Restoran","nama_perusahaan":"FAST FOOD INDONESIA","jumlah":"1"},{"sektor":"Hotel dan Restoran","nama_perusahaan":"PESTA PORA ABADI","jumlah":"3"},{"sektor":"Hotel dan Restoran","nama_perusahaan":"RICHEESE KULINER INDONESIA","jumlah":"1"},{"sektor":"Hotel dan Restoran","nama_perusahaan":"SARANA INDO PERDANA","jumlah":"1"},{"sektor":"Industri  Mesin, Elektronik, Instrumen Kedokteran, Peralatan Listrik, Presisi, Optik dan Jam","nama_perusahaan":"SANGGAR SARANA BAJA","jumlah":"1"},{"sektor":"Industri Karet dan Plastik","nama_perusahaan":"NUSANTARA BATULICIN","jumlah":"1"},{"sektor":"Industri Kendaraan Bermotor dan Alat Transportasi Lain","nama_perusahaan":"KARYA JAYA LOGISTIK","jumlah":"1"},{"sektor":"Industri Kimia Dan Farmasi","nama_perusahaan":"HAJI MAMING PELABUHAN","jumlah":"1"},{"sektor":"Industri Kimia Dan Farmasi","nama_perusahaan":"JHONLIN AGRO RAYA Tbk","jumlah":"1"},{"sektor":"Industri Kimia Dan Farmasi","nama_perusahaan":"JOH SUKSES MANDIRI MOTOR","jumlah":"1"},{"sektor":"Industri Kimia Dan Farmasi","nama_perusahaan":"SATUI BINA USAHA","jumlah":"2"},{"sektor":"Industri Lainnya","nama_perusahaan":"BUANA KARYA BHAKTI","jumlah":"1"},{"sektor":"Industri Logam Dasar, Barang Logam, Bukan Mesin dan Peralatannya","nama_perusahaan":"ANGKASA JAYA MULIA","jumlah":"1"},{"sektor":"Industri Makanan","nama_perusahaan":"ADISURYA CIPTA LESTARI","jumlah":"1"},{"sektor":"Industri Makanan","nama_perusahaan":"BUANA KARYA BHAKTI","jumlah":"2"},{"sektor":"Industri Makanan","nama_perusahaan":"BUANA KARYA NOVELTINDO","jumlah":"1"},{"sektor":"Industri Makanan","nama_perusahaan":"GAWI MAKMUR KALIMANTAN","jumlah":"1"},{"sektor":"Industri Makanan","nama_perusahaan":"JHONLIN AGRO RAYA Tbk","jumlah":"1"},{"sektor":"Industri Makanan","nama_perusahaan":"KARYA JAYA LOGISTIK","jumlah":"3"},{"sektor":"Industri Makanan","nama_perusahaan":"KODECO AGROJAYA MANDIRI","jumlah":"2"},{"sektor":"Industri Makanan","nama_perusahaan":"MANDIRI AMAN SEJAHTERA","jumlah":"2"},{"sektor":"Industri Makanan","nama_perusahaan":"MANDIRI AMAN SEKAWAN","jumlah":"1"},{"sektor":"Industri Makanan","nama_perusahaan":"SARANA INDO PERDANA","jumlah":"1"},{"sektor":"Industri Makanan","nama_perusahaan":"UDANG MARIANI ENAM SEMBILAN","jumlah":"1"},{"sektor":"Jasa Lainnya","nama_perusahaan":"ANINDYA WIRAPUTRA KONSULT","jumlah":"3"},{"sektor":"Jasa Lainnya","nama_perusahaan":"BATULICIN ENAM SEMBILAN","jumlah":"1"},{"sektor":"Jasa Lainnya","nama_perusahaan":"BATULICIN ENAM SEMBILAN PERTAMBANGAN","jumlah":"1"},{"sektor":"Jasa Lainnya","nama_perusahaan":"BINA INTI PERSADA","jumlah":"1"},{"sektor":"Jasa Lainnya","nama_perusahaan":"BUANA KARYA BHAKTI","jumlah":"1"},{"sektor":"Jasa Lainnya","nama_perusahaan":"DAYA ENERGI TEKNIK","jumlah":"2"},{"sektor":"Jasa Lainnya","nama_perusahaan":"DELTA GARDA PERSADA","jumlah":"1"},{"sektor":"Jasa Lainnya","nama_perusahaan":"MAMING ENAM SEMBILAN","jumlah":"1"},{"sektor":"Jasa Lainnya","nama_perusahaan":"MANDIRI AMAN SEKAWAN","jumlah":"5"},{"sektor":"Jasa Lainnya","nama_perusahaan":"NAWAKARA PERKASA NUSANTARA","jumlah":"2"},{"sektor":"Jasa Lainnya","nama_perusahaan":"PUTRA PERKASA ABADI","jumlah":"1"},{"sektor":"Jasa Lainnya","nama_perusahaan":"SARANA INDO PERDANA","jumlah":"2"},{"sektor":"Jasa Lainnya","nama_perusahaan":"SUPRIMA MITRA ADIHUSADA","jumlah":"3"},{"sektor":"Jasa Lainnya","nama_perusahaan":"UNITED TRACTORS","jumlah":"6"},{"sektor":"Jasa Lainnya","nama_perusahaan":"WARGI SANTOSA","jumlah":"3"},{"sektor":"Kehutanan","nama_perusahaan":"BATULICIN BUMI BERSUJUD","jumlah":"2"},{"sektor":"Konstruksi","nama_perusahaan":"ANDIFA NUSA SAMUDERA","jumlah":"3"},{"sektor":"Konstruksi","nama_perusahaan":"BATULICIN BORNEO MARITIM","jumlah":"2"},{"sektor":"Konstruksi","nama_perusahaan":"KARYA TANTRA MEGA","jumlah":"2"},{"sektor":"Konstruksi","nama_perusahaan":"KRIDA CIPTA SATYA","jumlah":"3"},{"sektor":"Konstruksi","nama_perusahaan":"MANDIRI AMAN SEJAHTERA","jumlah":"20"},{"sektor":"Konstruksi","nama_perusahaan":"MANDIRI AMAN SEKAWAN","jumlah":"19"},{"sektor":"Konstruksi","nama_perusahaan":"MITRA JASA SEBAMBAN UTAMA","jumlah":"1"},{"sektor":"Konstruksi","nama_perusahaan":"PROFESIONAL TELEKOMUNIKASI INDONESIA","jumlah":"8"},{"sektor":"Konstruksi","nama_perusahaan":"SOLUSI TUNAS PRATAMA","jumlah":"7"},{"sektor":"Konstruksi","nama_perusahaan":"TATA BUANA KARYA","jumlah":"1"},{"sektor":"Konstruksi","nama_perusahaan":"TOWER BERSAMA","jumlah":"5"},{"sektor":"Konstruksi","nama_perusahaan":"UNITED TRACTORS","jumlah":"1"},{"sektor":"Listrik, Gas dan Air","nama_perusahaan":"BINA INTI PERSADA","jumlah":"3"},{"sektor":"Listrik, Gas dan Air","nama_perusahaan":"BUMI NUSA PALAPA","jumlah":"1"},{"sektor":"Listrik, Gas dan Air","nama_perusahaan":"DUA SAMUDERA PERKASA","jumlah":"1"},{"sektor":"Listrik, Gas dan Air","nama_perusahaan":"SARANA INDO PERDANA","jumlah":"2"},{"sektor":"Listrik, Gas dan Air","nama_perusahaan":"SUMBERDAYA SEWATAMA","jumlah":"1"},{"sektor":"Perdagangan dan Reparasi","nama_perusahaan":"ADIDAYA AKBAR BERKARYA","jumlah":"1"},{"sektor":"Perdagangan dan Reparasi","nama_perusahaan":"ADISURYA CIPTA LESTARI","jumlah":"2"},{"sektor":"Perdagangan dan Reparasi","nama_perusahaan":"AMANAH PUTRA BORNEO","jumlah":"1"},{"sektor":"Perdagangan dan Reparasi","nama_perusahaan":"ANDIFA PERKASA ENERGI","jumlah":"4"},{"sektor":"Perdagangan dan Reparasi","nama_perusahaan":"ANDIFA ZAYEEN PERKASA","jumlah":"1"},{"sektor":"Perdagangan dan Reparasi","nama_perusahaan":"AXIS PRATAMA INDONESIA","jumlah":"1"},{"sektor":"Perdagangan dan Reparasi","nama_perusahaan":"BARA ASIA COALTRADE","jumlah":"1"},{"sektor":"Perdagangan dan Reparasi","nama_perusahaan":"BATULICIN AGRO SENTOSA","jumlah":"1"},{"sektor":"Perdagangan dan Reparasi","nama_perusahaan":"BATULICIN ENAM SEMBILAN PELABUHAN","jumlah":"1"},{"sektor":"Perdagangan dan Reparasi","nama_perusahaan":"BATULICIN ENAM SEMBILAN TRANSPORTASI","jumlah":"1"},{"sektor":"Perdagangan dan Reparasi","nama_perusahaan":"BAYAN RESOURCES","jumlah":"1"},{"sektor":"Perdagangan dan Reparasi","nama_perusahaan":"BINA INTI PERSADA","jumlah":"1"},{"sektor":"Perdagangan dan Reparasi","nama_perusahaan":"BINA USAHA BATULICIN","jumlah":"1"},{"sektor":"Perdagangan dan Reparasi","nama_perusahaan":"BUANA KARYA NOVELTINDO","jumlah":"1"},{"sektor":"Perdagangan dan Reparasi","nama_perusahaan":"DAYA INDAH ANDALAN","jumlah":"1"},{"sektor":"Perdagangan dan Reparasi","nama_perusahaan":"DAYA INDAH YASA","jumlah":"4"},{"sektor":"Perdagangan dan Reparasi","nama_perusahaan":"DUA KOTA LAUT","jumlah":"1"},{"sektor":"Perdagangan dan Reparasi","nama_perusahaan":"ENAM SEMBILAN NIAGA NIKEL","jumlah":"1"},{"sektor":"Perdagangan dan Reparasi","nama_perusahaan":"ENAM SEMBILAN TRADING BATUBARA","jumlah":"1"},{"sektor":"Perdagangan dan Reparasi","nama_perusahaan":"GARUDA WISNU AMERTA","jumlah":"1"},{"sektor":"Perdagangan dan Reparasi","nama_perusahaan":"GLOCHATSA TESALONIKA SENTOSA","jumlah":"1"},{"sektor":"Perdagangan dan Reparasi","nama_perusahaan":"GRAND DUTA BORNEO","jumlah":"2"},{"sektor":"Perdagangan dan Reparasi","nama_perusahaan":"INDOMARCO PRISMATAMA","jumlah":"2"},{"sektor":"Perdagangan dan Reparasi","nama_perusahaan":"JHONLIN MARINE TRANS","jumlah":"1"},{"sektor":"Perdagangan dan Reparasi","nama_perusahaan":"KALIMAS KHARISMA","jumlah":"4"},{"sektor":"Perdagangan dan Reparasi","nama_perusahaan":"KARYA JAYA LOGISTIK","jumlah":"8"},{"sektor":"Perdagangan dan Reparasi","nama_perusahaan":"KHARISMA KAISAR BATULICIN","jumlah":"2"},{"sektor":"Perdagangan dan Reparasi","nama_perusahaan":"KODECO AGROJAYA MANDIRI","jumlah":"1"},{"sektor":"Perdagangan dan Reparasi","nama_perusahaan":"MANDIRI AMAN SEJAHTERA","jumlah":"12"},{"sektor":"Perdagangan dan Reparasi","nama_perusahaan":"MANDIRI AMAN SEKAWAN","jumlah":"7"},{"sektor":"Perdagangan dan Reparasi","nama_perusahaan":"MITRA MEGAH PROFITAMAS","jumlah":"1"},{"sektor":"Perdagangan dan Reparasi","nama_perusahaan":"PUTRA PERKASA ABADI","jumlah":"1"},{"sektor":"Perdagangan dan Reparasi","nama_perusahaan":"SAMATOR GAS INDUSTRI","jumlah":"1"},{"sektor":"Perdagangan dan Reparasi","nama_perusahaan":"SEBAMBAN TERMINAL UMUM","jumlah":"1"},{"sektor":"Perdagangan dan Reparasi","nama_perusahaan":"SENTRA AGRO SUMBER RAYA","jumlah":"3"},{"sektor":"Perdagangan dan Reparasi","nama_perusahaan":"SINARNIAGA SEJAHTERA","jumlah":"1"},{"sektor":"Perdagangan dan Reparasi","nama_perusahaan":"SUMBER ALFARIA TRIJAYA","jumlah":"19"},{"sektor":"Perdagangan dan Reparasi","nama_perusahaan":"SUMBER BERLIAN MOTORS","jumlah":"6"},{"sektor":"Perdagangan dan Reparasi","nama_perusahaan":"SUMBER CIPTA MULTINIAGA","jumlah":"1"},{"sektor":"Perdagangan dan Reparasi","nama_perusahaan":"TIRTAKENCANA TATAWARNA","jumlah":"5"},{"sektor":"Perdagangan dan Reparasi","nama_perusahaan":"UNITED TRACTORS","jumlah":"7"},{"sektor":"Perdagangan dan Reparasi","nama_perusahaan":"WARGI SANTOSA","jumlah":"2"},{"sektor":"Perikanan","nama_perusahaan":"UDANG MARIANI ENAM SEMBILAN","jumlah":"1"},{"sektor":"Pertambangan","nama_perusahaan":"ADIDAYA AKBAR BERKARYA","jumlah":"1"},{"sektor":"Pertambangan","nama_perusahaan":"AMANAH PUTRA BORNEO","jumlah":"1"},{"sektor":"Pertambangan","nama_perusahaan":"ANGSANA JAYA ENERGI","jumlah":"1"},{"sektor":"Pertambangan","nama_perusahaan":"ANZAWARA SATRIA","jumlah":"1"},{"sektor":"Pertambangan","nama_perusahaan":"ARUTMIN INDONESIA","jumlah":"6"},{"sektor":"Pertambangan","nama_perusahaan":"BATULICIN BORNEO MARITIM","jumlah":"2"},{"sektor":"Pertambangan","nama_perusahaan":"BATULICIN ENAM SEMBILAN PERTAMBANGAN","jumlah":"1"},{"sektor":"Pertambangan","nama_perusahaan":"BINA BATULICIN USAHA","jumlah":"1"},{"sektor":"Pertambangan","nama_perusahaan":"BORNEO INDOBARA","jumlah":"31"},{"sektor":"Pertambangan","nama_perusahaan":"BORNEO MITRA BARATAMA","jumlah":"1"},{"sektor":"Pertambangan","nama_perusahaan":"BUKIT MAKMUR MANDIRI UTAMA","jumlah":"1"},{"sektor":"Pertambangan","nama_perusahaan":"CAKRAWALA LANGIT SEJAHTERA","jumlah":"1"},{"sektor":"Pertambangan","nama_perusahaan":"CIPTA KRIDATAMA","jumlah":"2"},{"sektor":"Pertambangan","nama_perusahaan":"DARMA HENWA","jumlah":"2"},{"sektor":"Pertambangan","nama_perusahaan":"DAYA ENERGI TEKNIK","jumlah":"1"},{"sektor":"Pertambangan","nama_perusahaan":"GEMA TAMBANG NUSANTARA","jumlah":"1"},{"sektor":"Pertambangan","nama_perusahaan":"GUNUNG MAYANG STONE","jumlah":"1"},{"sektor":"Pertambangan","nama_perusahaan":"HALONG JAYA BERGETAR","jumlah":"1"},{"sektor":"Pertambangan","nama_perusahaan":"JHONLIN BARATAMA","jumlah":"1"},{"sektor":"Pertambangan","nama_perusahaan":"KRIDA CIPTA SATYA","jumlah":"1"},{"sektor":"Pertambangan","nama_perusahaan":"LINTAS FORTUNA NUSANTARA","jumlah":"1"},{"sektor":"Pertambangan","nama_perusahaan":"MITRAJAYA ABADI BERSAMA","jumlah":"1"},{"sektor":"Pertambangan","nama_perusahaan":"REZKI BATULICIN TRANSPORT","jumlah":"1"},{"sektor":"Pertambangan","nama_perusahaan":"SATUI BINA USAHA","jumlah":"2"},{"sektor":"Pertambangan","nama_perusahaan":"SEIA MITRA MANDIRI","jumlah":"1"},{"sektor":"Pertambangan","nama_perusahaan":"SILIKA MITRA PERKASA","jumlah":"1"},{"sektor":"Pertambangan","nama_perusahaan":"SUNGAI DANAU JAYA","jumlah":"2"},{"sektor":"Pertambangan","nama_perusahaan":"TANAH BUMBU RESOURCES","jumlah":"1"},{"sektor":"Pertambangan","nama_perusahaan":"TIMUR SATRIA PERKASA","jumlah":"1"},{"sektor":"Pertambangan","nama_perusahaan":"TUNAS INTI ABADI","jumlah":"1"},{"sektor":"Pertambangan","nama_perusahaan":"USAHA BARATAMA JESINDO","jumlah":"1"},{"sektor":"Pertambangan","nama_perusahaan":"WAHANA BARATAMA MINING","jumlah":"1"},{"sektor":"Perumahan, Kawasan Industri dan Perkantoran","nama_perusahaan":"DUA SAMUDERA PERKASA","jumlah":"1"},{"sektor":"Perumahan, Kawasan Industri dan Perkantoran","nama_perusahaan":"MANDIRI AMAN SEJAHTERA","jumlah":"2"},{"sektor":"Perumahan, Kawasan Industri dan Perkantoran","nama_perusahaan":"PELAYARAN BAHTERA ADHIGUNA","jumlah":"1"},{"sektor":"Perumahan, Kawasan Industri dan Perkantoran","nama_perusahaan":"SAPTAINDRA SEJATI","jumlah":"1"},{"sektor":"Perumahan, Kawasan Industri dan Perkantoran","nama_perusahaan":"UNITED TRACTORS","jumlah":"1"},{"sektor":"Tanaman Pangan, Perkebunan, dan Peternakan","nama_perusahaan":"ADISURYA CIPTA LESTARI","jumlah":"1"},{"sektor":"Tanaman Pangan, Perkebunan, dan Peternakan","nama_perusahaan":"BORNEO PALM PLANTATION","jumlah":"2"},{"sektor":"Tanaman Pangan, Perkebunan, dan Peternakan","nama_perusahaan":"BUANA KARYA BHAKTI","jumlah":"1"},{"sektor":"Tanaman Pangan, Perkebunan, dan Peternakan","nama_perusahaan":"FASS FOREST DEVELOPMENT","jumlah":"1"},{"sektor":"Tanaman Pangan, Perkebunan, dan Peternakan","nama_perusahaan":"JHONLIN AGRO LESTARI","jumlah":"1"},{"sektor":"Tanaman Pangan, Perkebunan, dan Peternakan","nama_perusahaan":"KODECO AGROJAYA MANDIRI","jumlah":"1"},{"sektor":"Tanaman Pangan, Perkebunan, dan Peternakan","nama_perusahaan":"MANDIRI AMAN SEJAHTERA","jumlah":"14"},{"sektor":"Tanaman Pangan, Perkebunan, dan Peternakan","nama_perusahaan":"MANDIRI AMAN SEKAWAN","jumlah":"6"},{"sektor":"Tanaman Pangan, Perkebunan, dan Peternakan","nama_perusahaan":"PERKEBUNAN NUSANTARA IV","jumlah":"1"},{"sektor":"Transportasi, Gudang dan Telekomunikasi","nama_perusahaan":"ANDIFA NUSA SAMUDERA","jumlah":"2"},{"sektor":"Transportasi, Gudang dan Telekomunikasi","nama_perusahaan":"ARUTMIN INDONESIA","jumlah":"2"},{"sektor":"Transportasi, Gudang dan Telekomunikasi","nama_perusahaan":"ASDP INDONESIA FERRY","jumlah":"2"},{"sektor":"Transportasi, Gudang dan Telekomunikasi","nama_perusahaan":"AXIS PRATAMA INDONESIA","jumlah":"3"},{"sektor":"Transportasi, Gudang dan Telekomunikasi","nama_perusahaan":"BANDAR INDO RAYA","jumlah":"1"},{"sektor":"Transportasi, Gudang dan Telekomunikasi","nama_perusahaan":"BAROKAH DEPUTRA NUSANTARA","jumlah":"1"},{"sektor":"Transportasi, Gudang dan Telekomunikasi","nama_perusahaan":"BATULICIN NUSANTARA MARITIM","jumlah":"1"},{"sektor":"Transportasi, Gudang dan Telekomunikasi","nama_perusahaan":"BAYAN RESOURCES","jumlah":"1"},{"sektor":"Transportasi, Gudang dan Telekomunikasi","nama_perusahaan":"BINA INDO RAYA","jumlah":"1"},{"sektor":"Transportasi, Gudang dan Telekomunikasi","nama_perusahaan":"BINA INTI PERSADA","jumlah":"3"},{"sektor":"Transportasi, Gudang dan Telekomunikasi","nama_perusahaan":"BINA KARYA PUTRA BATULICIN","jumlah":"1"},{"sektor":"Transportasi, Gudang dan Telekomunikasi","nama_perusahaan":"BINA USAHA BATULICIN","jumlah":"3"},{"sektor":"Transportasi, Gudang dan Telekomunikasi","nama_perusahaan":"BORNEO INDOBARA","jumlah":"2"},{"sektor":"Transportasi, Gudang dan Telekomunikasi","nama_perusahaan":"BUKIT MAKMUR MANDIRI UTAMA","jumlah":"1"},{"sektor":"Transportasi, Gudang dan Telekomunikasi","nama_perusahaan":"CIPTA KRIDA BAHARI","jumlah":"1"},{"sektor":"Transportasi, Gudang dan Telekomunikasi","nama_perusahaan":"CIPTA KRIDATAMA","jumlah":"1"},{"sektor":"Transportasi, Gudang dan Telekomunikasi","nama_perusahaan":"DIANTA DAYA EMBARA","jumlah":"1"},{"sektor":"Transportasi, Gudang dan Telekomunikasi","nama_perusahaan":"DUA SAMUDERA PERKASA","jumlah":"1"},{"sektor":"Transportasi, Gudang dan Telekomunikasi","nama_perusahaan":"JEMBATAN NUSANTARA","jumlah":"1"},{"sektor":"Transportasi, Gudang dan Telekomunikasi","nama_perusahaan":"JHONLIN AGRO RAYA Tbk","jumlah":"1"},{"sektor":"Transportasi, Gudang dan Telekomunikasi","nama_perusahaan":"JHONLIN MARINE LINES","jumlah":"1"},{"sektor":"Transportasi, Gudang dan Telekomunikasi","nama_perusahaan":"JHONLIN MARINE TRANS","jumlah":"2"},{"sektor":"Transportasi, Gudang dan Telekomunikasi","nama_perusahaan":"KARYA JAYA LOGISTIK","jumlah":"1"},{"sektor":"Transportasi, Gudang dan Telekomunikasi","nama_perusahaan":"KHARISMA KAISAR BATULICIN","jumlah":"3"},{"sektor":"Transportasi, Gudang dan Telekomunikasi","nama_perusahaan":"MANDIRI AMAN SEJAHTERA","jumlah":"3"},{"sektor":"Transportasi, Gudang dan Telekomunikasi","nama_perusahaan":"MANDIRI AMAN SEKAWAN","jumlah":"2"},{"sektor":"Transportasi, Gudang dan Telekomunikasi","nama_perusahaan":"MEGA UTAMA KHATULISTIWA","jumlah":"2"},{"sektor":"Transportasi, Gudang dan Telekomunikasi","nama_perusahaan":"MITRA JASA SEBAMBAN UTAMA","jumlah":"2"},{"sektor":"Transportasi, Gudang dan Telekomunikasi","nama_perusahaan":"PAGAR MULYA KARYATAMA","jumlah":"4"},{"sektor":"Transportasi, Gudang dan Telekomunikasi","nama_perusahaan":"PELABUHAN SWANGI INDAH","jumlah":"1"},{"sektor":"Transportasi, Gudang dan Telekomunikasi","nama_perusahaan":"PERUSAHAAN PERSEROAN (PERSERO) PT PELABUHAN INDONESIA DISINGKAT PT PELABUHAN INDONESIA (PERSERO)","jumlah":"1"},{"sektor":"Transportasi, Gudang dan Telekomunikasi","nama_perusahaan":"REZKI BATULICIN TRANSPORT","jumlah":"3"},{"sektor":"Transportasi, Gudang dan Telekomunikasi","nama_perusahaan":"SALAM PACIFIC INDONESIA LINES","jumlah":"1"},{"sektor":"Transportasi, Gudang dan Telekomunikasi","nama_perusahaan":"SARANA INDO PERDANA","jumlah":"2"},{"sektor":"Transportasi, Gudang dan Telekomunikasi","nama_perusahaan":"SEBAMBAN TERMINAL UMUM","jumlah":"1"},{"sektor":"Transportasi, Gudang dan Telekomunikasi","nama_perusahaan":"SERASI SHIPPING INDONESIA","jumlah":"1"},{"sektor":"Transportasi, Gudang dan Telekomunikasi","nama_perusahaan":"TIRTAKENCANA TATAWARNA","jumlah":"1"},{"sektor":"Transportasi, Gudang dan Telekomunikasi","nama_perusahaan":"WARGI SANTOSA","jumlah":"1"},{"sektor":"Transportasi, Gudang dan Telekomunikasi","nama_perusahaan":"WORLD TERMINALINDO","jumlah":"1"}],"total":435}}
DEBUG - 2025-12-15 08:49:46 --> QuarterlyChartService - Total uploads: 1
DEBUG - 2025-12-15 08:49:46 --> QuarterlyChartService - Selected year: all
DEBUG - 2025-12-15 08:49:46 --> Processing upload ID: 52, Status: completed, Year: 2025, Quarter: Q3
DEBUG - 2025-12-15 08:49:46 --> Upload ID 52 - PMA: 1653622393959.00, PMDN: 1817276331954.00
DEBUG - 2025-12-15 08:49:46 --> Added to Q3: 3470898725913 (Total now: 3470898725913)
DEBUG - 2025-12-15 08:49:46 --> Final quarterly data before conversion: {"Q1":0,"Q2":0,"Q3":3470898725913,"Q4":0}
DEBUG - 2025-12-15 08:49:46 --> QuarterlyChartService (All Years) - Total uploads: 1
DEBUG - 2025-12-15 08:49:46 --> Initialized year: 2025
DEBUG - 2025-12-15 08:49:46 --> Upload ID 52 - PMA: 1653622393959.00, PMDN: 1817276331954.00
DEBUG - 2025-12-15 08:49:46 --> Added to Q3: 3470898725913 (Total now: 3470898725913)
DEBUG - 2025-12-15 08:49:46 --> Yearly quarterly data before conversion: {"2025":{"Q1":0,"Q2":0,"Q3":3470898725913,"Q4":0}}
DEBUG - 2025-12-15 08:49:46 --> QuarterlyChartService (All Years) - Final result: {"2025":{"labels":["Q1","Q2","Q3","Q4"],"values":[0,0,3470898725913,0]}}
INFO - 2025-12-15 08:52:54 --> Session: Class initialized using 'CodeIgniter\Session\Handlers\FileHandler' driver.
DEBUG - 2025-12-15 08:52:55 --> === getSectorCountByCompany START ===
DEBUG - 2025-12-15 08:52:55 --> Upload ID: 52
DEBUG - 2025-12-15 08:52:55 --> PMA records found: 15
DEBUG - 2025-12-15 08:52:55 --> PMDN records found: 186
DEBUG - 2025-12-15 08:52:55 --> PMA: 15 rows, Total: 20
DEBUG - 2025-12-15 08:52:55 --> PMDN: 186 rows, Total: 435
DEBUG - 2025-12-15 08:52:55 --> === getSectorCountByCompany END ===
DEBUG - 2025-12-15 08:52:55 --> === getSectorCountByCompany START ===
DEBUG - 2025-12-15 08:52:55 --> Upload ID: 52
DEBUG - 2025-12-15 08:52:55 --> PMA records found: 15
DEBUG - 2025-12-15 08:52:55 --> PMDN records found: 186
DEBUG - 2025-12-15 08:52:55 --> PMA: 15 rows, Total: 20
DEBUG - 2025-12-15 08:52:55 --> PMDN: 186 rows, Total: 435
DEBUG - 2025-12-15 08:52:55 --> === getSectorCountByCompany END ===
DEBUG - 2025-12-15 08:52:55 --> Sector count in DashboardService: {"PMA":{"data":[{"sektor":"Hotel dan Restoran","nama_perusahaan":"CAHAYA ANUGRAH SARANA CATERING","jumlah":"2"},{"sektor":"Industri Lainnya","nama_perusahaan":"ANUGERAH BAROKAH CAKRAWALA","jumlah":"1"},{"sektor":"Industri Logam Dasar, Barang Logam, Bukan Mesin dan Peralatannya","nama_perusahaan":"ANUGERAH BAROKAH CAKRAWALA","jumlah":"3"},{"sektor":"Industri Logam Dasar, Barang Logam, Bukan Mesin dan Peralatannya","nama_perusahaan":"ANUGERAH BAROKAH ENERGI BARU","jumlah":"1"},{"sektor":"Jasa Lainnya","nama_perusahaan":"THIESS CONTRACTORS INDONESIA","jumlah":"1"},{"sektor":"Listrik, Gas dan Air","nama_perusahaan":"ANUGERAH BAROKAH CAKRAWALA","jumlah":"1"},{"sektor":"Perdagangan dan Reparasi","nama_perusahaan":"VKS DRILLTEK INDO","jumlah":"1"},{"sektor":"Pertambangan","nama_perusahaan":"MITRA SETIA TANAH BUMBU","jumlah":"1"},{"sektor":"Pertambangan","nama_perusahaan":"THIESS CONTRACTORS INDONESIA","jumlah":"1"},{"sektor":"Pertambangan","nama_perusahaan":"TOUDANO MANDIRI ABADI","jumlah":"1"},{"sektor":"Pertambangan","nama_perusahaan":"TRANSCOAL MINERGY","jumlah":"3"},{"sektor":"Pertambangan","nama_perusahaan":"YIWAN MINING","jumlah":"1"},{"sektor":"Tanaman Pangan, Perkebunan, dan Peternakan","nama_perusahaan":"JAYA MANDIRI SUKSES","jumlah":"1"},{"sektor":"Tanaman Pangan, Perkebunan, dan Peternakan","nama_perusahaan":"SINGALAND ASETAMA","jumlah":"1"},{"sektor":"Transportasi, Gudang dan Telekomunikasi","nama_perusahaan":"ANUGERAH BAROKAH CAKRAWALA","jumlah":"1"}],"total":20},"PMDN":{"data":[{"sektor":"Hotel dan Restoran","nama_perusahaan":"ARYATAMA BANUA BIRU","jumlah":"3"},{"sektor":"Hotel dan Restoran","nama_perusahaan":"FAST FOOD INDONESIA","jumlah":"1"},{"sektor":"Hotel dan Restoran","nama_perusahaan":"PESTA PORA ABADI","jumlah":"3"},{"sektor":"Hotel dan Restoran","nama_perusahaan":"RICHEESE KULINER INDONESIA","jumlah":"1"},{"sektor":"Hotel dan Restoran","nama_perusahaan":"SARANA INDO PERDANA","jumlah":"1"},{"sektor":"Industri  Mesin, Elektronik, Instrumen Kedokteran, Peralatan Listrik, Presisi, Optik dan Jam","nama_perusahaan":"SANGGAR SARANA BAJA","jumlah":"1"},{"sektor":"Industri Karet dan Plastik","nama_perusahaan":"NUSANTARA BATULICIN","jumlah":"1"},{"sektor":"Industri Kendaraan Bermotor dan Alat Transportasi Lain","nama_perusahaan":"KARYA JAYA LOGISTIK","jumlah":"1"},{"sektor":"Industri Kimia Dan Farmasi","nama_perusahaan":"HAJI MAMING PELABUHAN","jumlah":"1"},{"sektor":"Industri Kimia Dan Farmasi","nama_perusahaan":"JHONLIN AGRO RAYA Tbk","jumlah":"1"},{"sektor":"Industri Kimia Dan Farmasi","nama_perusahaan":"JOH SUKSES MANDIRI MOTOR","jumlah":"1"},{"sektor":"Industri Kimia Dan Farmasi","nama_perusahaan":"SATUI BINA USAHA","jumlah":"2"},{"sektor":"Industri Lainnya","nama_perusahaan":"BUANA KARYA BHAKTI","jumlah":"1"},{"sektor":"Industri Logam Dasar, Barang Logam, Bukan Mesin dan Peralatannya","nama_perusahaan":"ANGKASA JAYA MULIA","jumlah":"1"},{"sektor":"Industri Makanan","nama_perusahaan":"ADISURYA CIPTA LESTARI","jumlah":"1"},{"sektor":"Industri Makanan","nama_perusahaan":"BUANA KARYA BHAKTI","jumlah":"2"},{"sektor":"Industri Makanan","nama_perusahaan":"BUANA KARYA NOVELTINDO","jumlah":"1"},{"sektor":"Industri Makanan","nama_perusahaan":"GAWI MAKMUR KALIMANTAN","jumlah":"1"},{"sektor":"Industri Makanan","nama_perusahaan":"JHONLIN AGRO RAYA Tbk","jumlah":"1"},{"sektor":"Industri Makanan","nama_perusahaan":"KARYA JAYA LOGISTIK","jumlah":"3"},{"sektor":"Industri Makanan","nama_perusahaan":"KODECO AGROJAYA MANDIRI","jumlah":"2"},{"sektor":"Industri Makanan","nama_perusahaan":"MANDIRI AMAN SEJAHTERA","jumlah":"2"},{"sektor":"Industri Makanan","nama_perusahaan":"MANDIRI AMAN SEKAWAN","jumlah":"1"},{"sektor":"Industri Makanan","nama_perusahaan":"SARANA INDO PERDANA","jumlah":"1"},{"sektor":"Industri Makanan","nama_perusahaan":"UDANG MARIANI ENAM SEMBILAN","jumlah":"1"},{"sektor":"Jasa Lainnya","nama_perusahaan":"ANINDYA WIRAPUTRA KONSULT","jumlah":"3"},{"sektor":"Jasa Lainnya","nama_perusahaan":"BATULICIN ENAM SEMBILAN","jumlah":"1"},{"sektor":"Jasa Lainnya","nama_perusahaan":"BATULICIN ENAM SEMBILAN PERTAMBANGAN","jumlah":"1"},{"sektor":"Jasa Lainnya","nama_perusahaan":"BINA INTI PERSADA","jumlah":"1"},{"sektor":"Jasa Lainnya","nama_perusahaan":"BUANA KARYA BHAKTI","jumlah":"1"},{"sektor":"Jasa Lainnya","nama_perusahaan":"DAYA ENERGI TEKNIK","jumlah":"2"},{"sektor":"Jasa Lainnya","nama_perusahaan":"DELTA GARDA PERSADA","jumlah":"1"},{"sektor":"Jasa Lainnya","nama_perusahaan":"MAMING ENAM SEMBILAN","jumlah":"1"},{"sektor":"Jasa Lainnya","nama_perusahaan":"MANDIRI AMAN SEKAWAN","jumlah":"5"},{"sektor":"Jasa Lainnya","nama_perusahaan":"NAWAKARA PERKASA NUSANTARA","jumlah":"2"},{"sektor":"Jasa Lainnya","nama_perusahaan":"PUTRA PERKASA ABADI","jumlah":"1"},{"sektor":"Jasa Lainnya","nama_perusahaan":"SARANA INDO PERDANA","jumlah":"2"},{"sektor":"Jasa Lainnya","nama_perusahaan":"SUPRIMA MITRA ADIHUSADA","jumlah":"3"},{"sektor":"Jasa Lainnya","nama_perusahaan":"UNITED TRACTORS","jumlah":"6"},{"sektor":"Jasa Lainnya","nama_perusahaan":"WARGI SANTOSA","jumlah":"3"},{"sektor":"Kehutanan","nama_perusahaan":"BATULICIN BUMI BERSUJUD","jumlah":"2"},{"sektor":"Konstruksi","nama_perusahaan":"ANDIFA NUSA SAMUDERA","jumlah":"3"},{"sektor":"Konstruksi","nama_perusahaan":"BATULICIN BORNEO MARITIM","jumlah":"2"},{"sektor":"Konstruksi","nama_perusahaan":"KARYA TANTRA MEGA","jumlah":"2"},{"sektor":"Konstruksi","nama_perusahaan":"KRIDA CIPTA SATYA","jumlah":"3"},{"sektor":"Konstruksi","nama_perusahaan":"MANDIRI AMAN SEJAHTERA","jumlah":"20"},{"sektor":"Konstruksi","nama_perusahaan":"MANDIRI AMAN SEKAWAN","jumlah":"19"},{"sektor":"Konstruksi","nama_perusahaan":"MITRA JASA SEBAMBAN UTAMA","jumlah":"1"},{"sektor":"Konstruksi","nama_perusahaan":"PROFESIONAL TELEKOMUNIKASI INDONESIA","jumlah":"8"},{"sektor":"Konstruksi","nama_perusahaan":"SOLUSI TUNAS PRATAMA","jumlah":"7"},{"sektor":"Konstruksi","nama_perusahaan":"TATA BUANA KARYA","jumlah":"1"},{"sektor":"Konstruksi","nama_perusahaan":"TOWER BERSAMA","jumlah":"5"},{"sektor":"Konstruksi","nama_perusahaan":"UNITED TRACTORS","jumlah":"1"},{"sektor":"Listrik, Gas dan Air","nama_perusahaan":"BINA INTI PERSADA","jumlah":"3"},{"sektor":"Listrik, Gas dan Air","nama_perusahaan":"BUMI NUSA PALAPA","jumlah":"1"},{"sektor":"Listrik, Gas dan Air","nama_perusahaan":"DUA SAMUDERA PERKASA","jumlah":"1"},{"sektor":"Listrik, Gas dan Air","nama_perusahaan":"SARANA INDO PERDANA","jumlah":"2"},{"sektor":"Listrik, Gas dan Air","nama_perusahaan":"SUMBERDAYA SEWATAMA","jumlah":"1"},{"sektor":"Perdagangan dan Reparasi","nama_perusahaan":"ADIDAYA AKBAR BERKARYA","jumlah":"1"},{"sektor":"Perdagangan dan Reparasi","nama_perusahaan":"ADISURYA CIPTA LESTARI","jumlah":"2"},{"sektor":"Perdagangan dan Reparasi","nama_perusahaan":"AMANAH PUTRA BORNEO","jumlah":"1"},{"sektor":"Perdagangan dan Reparasi","nama_perusahaan":"ANDIFA PERKASA ENERGI","jumlah":"4"},{"sektor":"Perdagangan dan Reparasi","nama_perusahaan":"ANDIFA ZAYEEN PERKASA","jumlah":"1"},{"sektor":"Perdagangan dan Reparasi","nama_perusahaan":"AXIS PRATAMA INDONESIA","jumlah":"1"},{"sektor":"Perdagangan dan Reparasi","nama_perusahaan":"BARA ASIA COALTRADE","jumlah":"1"},{"sektor":"Perdagangan dan Reparasi","nama_perusahaan":"BATULICIN AGRO SENTOSA","jumlah":"1"},{"sektor":"Perdagangan dan Reparasi","nama_perusahaan":"BATULICIN ENAM SEMBILAN PELABUHAN","jumlah":"1"},{"sektor":"Perdagangan dan Reparasi","nama_perusahaan":"BATULICIN ENAM SEMBILAN TRANSPORTASI","jumlah":"1"},{"sektor":"Perdagangan dan Reparasi","nama_perusahaan":"BAYAN RESOURCES","jumlah":"1"},{"sektor":"Perdagangan dan Reparasi","nama_perusahaan":"BINA INTI PERSADA","jumlah":"1"},{"sektor":"Perdagangan dan Reparasi","nama_perusahaan":"BINA USAHA BATULICIN","jumlah":"1"},{"sektor":"Perdagangan dan Reparasi","nama_perusahaan":"BUANA KARYA NOVELTINDO","jumlah":"1"},{"sektor":"Perdagangan dan Reparasi","nama_perusahaan":"DAYA INDAH ANDALAN","jumlah":"1"},{"sektor":"Perdagangan dan Reparasi","nama_perusahaan":"DAYA INDAH YASA","jumlah":"4"},{"sektor":"Perdagangan dan Reparasi","nama_perusahaan":"DUA KOTA LAUT","jumlah":"1"},{"sektor":"Perdagangan dan Reparasi","nama_perusahaan":"ENAM SEMBILAN NIAGA NIKEL","jumlah":"1"},{"sektor":"Perdagangan dan Reparasi","nama_perusahaan":"ENAM SEMBILAN TRADING BATUBARA","jumlah":"1"},{"sektor":"Perdagangan dan Reparasi","nama_perusahaan":"GARUDA WISNU AMERTA","jumlah":"1"},{"sektor":"Perdagangan dan Reparasi","nama_perusahaan":"GLOCHATSA TESALONIKA SENTOSA","jumlah":"1"},{"sektor":"Perdagangan dan Reparasi","nama_perusahaan":"GRAND DUTA BORNEO","jumlah":"2"},{"sektor":"Perdagangan dan Reparasi","nama_perusahaan":"INDOMARCO PRISMATAMA","jumlah":"2"},{"sektor":"Perdagangan dan Reparasi","nama_perusahaan":"JHONLIN MARINE TRANS","jumlah":"1"},{"sektor":"Perdagangan dan Reparasi","nama_perusahaan":"KALIMAS KHARISMA","jumlah":"4"},{"sektor":"Perdagangan dan Reparasi","nama_perusahaan":"KARYA JAYA LOGISTIK","jumlah":"8"},{"sektor":"Perdagangan dan Reparasi","nama_perusahaan":"KHARISMA KAISAR BATULICIN","jumlah":"2"},{"sektor":"Perdagangan dan Reparasi","nama_perusahaan":"KODECO AGROJAYA MANDIRI","jumlah":"1"},{"sektor":"Perdagangan dan Reparasi","nama_perusahaan":"MANDIRI AMAN SEJAHTERA","jumlah":"12"},{"sektor":"Perdagangan dan Reparasi","nama_perusahaan":"MANDIRI AMAN SEKAWAN","jumlah":"7"},{"sektor":"Perdagangan dan Reparasi","nama_perusahaan":"MITRA MEGAH PROFITAMAS","jumlah":"1"},{"sektor":"Perdagangan dan Reparasi","nama_perusahaan":"PUTRA PERKASA ABADI","jumlah":"1"},{"sektor":"Perdagangan dan Reparasi","nama_perusahaan":"SAMATOR GAS INDUSTRI","jumlah":"1"},{"sektor":"Perdagangan dan Reparasi","nama_perusahaan":"SEBAMBAN TERMINAL UMUM","jumlah":"1"},{"sektor":"Perdagangan dan Reparasi","nama_perusahaan":"SENTRA AGRO SUMBER RAYA","jumlah":"3"},{"sektor":"Perdagangan dan Reparasi","nama_perusahaan":"SINARNIAGA SEJAHTERA","jumlah":"1"},{"sektor":"Perdagangan dan Reparasi","nama_perusahaan":"SUMBER ALFARIA TRIJAYA","jumlah":"19"},{"sektor":"Perdagangan dan Reparasi","nama_perusahaan":"SUMBER BERLIAN MOTORS","jumlah":"6"},{"sektor":"Perdagangan dan Reparasi","nama_perusahaan":"SUMBER CIPTA MULTINIAGA","jumlah":"1"},{"sektor":"Perdagangan dan Reparasi","nama_perusahaan":"TIRTAKENCANA TATAWARNA","jumlah":"5"},{"sektor":"Perdagangan dan Reparasi","nama_perusahaan":"UNITED TRACTORS","jumlah":"7"},{"sektor":"Perdagangan dan Reparasi","nama_perusahaan":"WARGI SANTOSA","jumlah":"2"},{"sektor":"Perikanan","nama_perusahaan":"UDANG MARIANI ENAM SEMBILAN","jumlah":"1"},{"sektor":"Pertambangan","nama_perusahaan":"ADIDAYA AKBAR BERKARYA","jumlah":"1"},{"sektor":"Pertambangan","nama_perusahaan":"AMANAH PUTRA BORNEO","jumlah":"1"},{"sektor":"Pertambangan","nama_perusahaan":"ANGSANA JAYA ENERGI","jumlah":"1"},{"sektor":"Pertambangan","nama_perusahaan":"ANZAWARA SATRIA","jumlah":"1"},{"sektor":"Pertambangan","nama_perusahaan":"ARUTMIN INDONESIA","jumlah":"6"},{"sektor":"Pertambangan","nama_perusahaan":"BATULICIN BORNEO MARITIM","jumlah":"2"},{"sektor":"Pertambangan","nama_perusahaan":"BATULICIN ENAM SEMBILAN PERTAMBANGAN","jumlah":"1"},{"sektor":"Pertambangan","nama_perusahaan":"BINA BATULICIN USAHA","jumlah":"1"},{"sektor":"Pertambangan","nama_perusahaan":"BORNEO INDOBARA","jumlah":"31"},{"sektor":"Pertambangan","nama_perusahaan":"BORNEO MITRA BARATAMA","jumlah":"1"},{"sektor":"Pertambangan","nama_perusahaan":"BUKIT MAKMUR MANDIRI UTAMA","jumlah":"1"},{"sektor":"Pertambangan","nama_perusahaan":"CAKRAWALA LANGIT SEJAHTERA","jumlah":"1"},{"sektor":"Pertambangan","nama_perusahaan":"CIPTA KRIDATAMA","jumlah":"2"},{"sektor":"Pertambangan","nama_perusahaan":"DARMA HENWA","jumlah":"2"},{"sektor":"Pertambangan","nama_perusahaan":"DAYA ENERGI TEKNIK","jumlah":"1"},{"sektor":"Pertambangan","nama_perusahaan":"GEMA TAMBANG NUSANTARA","jumlah":"1"},{"sektor":"Pertambangan","nama_perusahaan":"GUNUNG MAYANG STONE","jumlah":"1"},{"sektor":"Pertambangan","nama_perusahaan":"HALONG JAYA BERGETAR","jumlah":"1"},{"sektor":"Pertambangan","nama_perusahaan":"JHONLIN BARATAMA","jumlah":"1"},{"sektor":"Pertambangan","nama_perusahaan":"KRIDA CIPTA SATYA","jumlah":"1"},{"sektor":"Pertambangan","nama_perusahaan":"LINTAS FORTUNA NUSANTARA","jumlah":"1"},{"sektor":"Pertambangan","nama_perusahaan":"MITRAJAYA ABADI BERSAMA","jumlah":"1"},{"sektor":"Pertambangan","nama_perusahaan":"REZKI BATULICIN TRANSPORT","jumlah":"1"},{"sektor":"Pertambangan","nama_perusahaan":"SATUI BINA USAHA","jumlah":"2"},{"sektor":"Pertambangan","nama_perusahaan":"SEIA MITRA MANDIRI","jumlah":"1"},{"sektor":"Pertambangan","nama_perusahaan":"SILIKA MITRA PERKASA","jumlah":"1"},{"sektor":"Pertambangan","nama_perusahaan":"SUNGAI DANAU JAYA","jumlah":"2"},{"sektor":"Pertambangan","nama_perusahaan":"TANAH BUMBU RESOURCES","jumlah":"1"},{"sektor":"Pertambangan","nama_perusahaan":"TIMUR SATRIA PERKASA","jumlah":"1"},{"sektor":"Pertambangan","nama_perusahaan":"TUNAS INTI ABADI","jumlah":"1"},{"sektor":"Pertambangan","nama_perusahaan":"USAHA BARATAMA JESINDO","jumlah":"1"},{"sektor":"Pertambangan","nama_perusahaan":"WAHANA BARATAMA MINING","jumlah":"1"},{"sektor":"Perumahan, Kawasan Industri dan Perkantoran","nama_perusahaan":"DUA SAMUDERA PERKASA","jumlah":"1"},{"sektor":"Perumahan, Kawasan Industri dan Perkantoran","nama_perusahaan":"MANDIRI AMAN SEJAHTERA","jumlah":"2"},{"sektor":"Perumahan, Kawasan Industri dan Perkantoran","nama_perusahaan":"PELAYARAN BAHTERA ADHIGUNA","jumlah":"1"},{"sektor":"Perumahan, Kawasan Industri dan Perkantoran","nama_perusahaan":"SAPTAINDRA SEJATI","jumlah":"1"},{"sektor":"Perumahan, Kawasan Industri dan Perkantoran","nama_perusahaan":"UNITED TRACTORS","jumlah":"1"},{"sektor":"Tanaman Pangan, Perkebunan, dan Peternakan","nama_perusahaan":"ADISURYA CIPTA LESTARI","jumlah":"1"},{"sektor":"Tanaman Pangan, Perkebunan, dan Peternakan","nama_perusahaan":"BORNEO PALM PLANTATION","jumlah":"2"},{"sektor":"Tanaman Pangan, Perkebunan, dan Peternakan","nama_perusahaan":"BUANA KARYA BHAKTI","jumlah":"1"},{"sektor":"Tanaman Pangan, Perkebunan, dan Peternakan","nama_perusahaan":"FASS FOREST DEVELOPMENT","jumlah":"1"},{"sektor":"Tanaman Pangan, Perkebunan, dan Peternakan","nama_perusahaan":"JHONLIN AGRO LESTARI","jumlah":"1"},{"sektor":"Tanaman Pangan, Perkebunan, dan Peternakan","nama_perusahaan":"KODECO AGROJAYA MANDIRI","jumlah":"1"},{"sektor":"Tanaman Pangan, Perkebunan, dan Peternakan","nama_perusahaan":"MANDIRI AMAN SEJAHTERA","jumlah":"14"},{"sektor":"Tanaman Pangan, Perkebunan, dan Peternakan","nama_perusahaan":"MANDIRI AMAN SEKAWAN","jumlah":"6"},{"sektor":"Tanaman Pangan, Perkebunan, dan Peternakan","nama_perusahaan":"PERKEBUNAN NUSANTARA IV","jumlah":"1"},{"sektor":"Transportasi, Gudang dan Telekomunikasi","nama_perusahaan":"ANDIFA NUSA SAMUDERA","jumlah":"2"},{"sektor":"Transportasi, Gudang dan Telekomunikasi","nama_perusahaan":"ARUTMIN INDONESIA","jumlah":"2"},{"sektor":"Transportasi, Gudang dan Telekomunikasi","nama_perusahaan":"ASDP INDONESIA FERRY","jumlah":"2"},{"sektor":"Transportasi, Gudang dan Telekomunikasi","nama_perusahaan":"AXIS PRATAMA INDONESIA","jumlah":"3"},{"sektor":"Transportasi, Gudang dan Telekomunikasi","nama_perusahaan":"BANDAR INDO RAYA","jumlah":"1"},{"sektor":"Transportasi, Gudang dan Telekomunikasi","nama_perusahaan":"BAROKAH DEPUTRA NUSANTARA","jumlah":"1"},{"sektor":"Transportasi, Gudang dan Telekomunikasi","nama_perusahaan":"BATULICIN NUSANTARA MARITIM","jumlah":"1"},{"sektor":"Transportasi, Gudang dan Telekomunikasi","nama_perusahaan":"BAYAN RESOURCES","jumlah":"1"},{"sektor":"Transportasi, Gudang dan Telekomunikasi","nama_perusahaan":"BINA INDO RAYA","jumlah":"1"},{"sektor":"Transportasi, Gudang dan Telekomunikasi","nama_perusahaan":"BINA INTI PERSADA","jumlah":"3"},{"sektor":"Transportasi, Gudang dan Telekomunikasi","nama_perusahaan":"BINA KARYA PUTRA BATULICIN","jumlah":"1"},{"sektor":"Transportasi, Gudang dan Telekomunikasi","nama_perusahaan":"BINA USAHA BATULICIN","jumlah":"3"},{"sektor":"Transportasi, Gudang dan Telekomunikasi","nama_perusahaan":"BORNEO INDOBARA","jumlah":"2"},{"sektor":"Transportasi, Gudang dan Telekomunikasi","nama_perusahaan":"BUKIT MAKMUR MANDIRI UTAMA","jumlah":"1"},{"sektor":"Transportasi, Gudang dan Telekomunikasi","nama_perusahaan":"CIPTA KRIDA BAHARI","jumlah":"1"},{"sektor":"Transportasi, Gudang dan Telekomunikasi","nama_perusahaan":"CIPTA KRIDATAMA","jumlah":"1"},{"sektor":"Transportasi, Gudang dan Telekomunikasi","nama_perusahaan":"DIANTA DAYA EMBARA","jumlah":"1"},{"sektor":"Transportasi, Gudang dan Telekomunikasi","nama_perusahaan":"DUA SAMUDERA PERKASA","jumlah":"1"},{"sektor":"Transportasi, Gudang dan Telekomunikasi","nama_perusahaan":"JEMBATAN NUSANTARA","jumlah":"1"},{"sektor":"Transportasi, Gudang dan Telekomunikasi","nama_perusahaan":"JHONLIN AGRO RAYA Tbk","jumlah":"1"},{"sektor":"Transportasi, Gudang dan Telekomunikasi","nama_perusahaan":"JHONLIN MARINE LINES","jumlah":"1"},{"sektor":"Transportasi, Gudang dan Telekomunikasi","nama_perusahaan":"JHONLIN MARINE TRANS","jumlah":"2"},{"sektor":"Transportasi, Gudang dan Telekomunikasi","nama_perusahaan":"KARYA JAYA LOGISTIK","jumlah":"1"},{"sektor":"Transportasi, Gudang dan Telekomunikasi","nama_perusahaan":"KHARISMA KAISAR BATULICIN","jumlah":"3"},{"sektor":"Transportasi, Gudang dan Telekomunikasi","nama_perusahaan":"MANDIRI AMAN SEJAHTERA","jumlah":"3"},{"sektor":"Transportasi, Gudang dan Telekomunikasi","nama_perusahaan":"MANDIRI AMAN SEKAWAN","jumlah":"2"},{"sektor":"Transportasi, Gudang dan Telekomunikasi","nama_perusahaan":"MEGA UTAMA KHATULISTIWA","jumlah":"2"},{"sektor":"Transportasi, Gudang dan Telekomunikasi","nama_perusahaan":"MITRA JASA SEBAMBAN UTAMA","jumlah":"2"},{"sektor":"Transportasi, Gudang dan Telekomunikasi","nama_perusahaan":"PAGAR MULYA KARYATAMA","jumlah":"4"},{"sektor":"Transportasi, Gudang dan Telekomunikasi","nama_perusahaan":"PELABUHAN SWANGI INDAH","jumlah":"1"},{"sektor":"Transportasi, Gudang dan Telekomunikasi","nama_perusahaan":"PERUSAHAAN PERSEROAN (PERSERO) PT PELABUHAN INDONESIA DISINGKAT PT PELABUHAN INDONESIA (PERSERO)","jumlah":"1"},{"sektor":"Transportasi, Gudang dan Telekomunikasi","nama_perusahaan":"REZKI BATULICIN TRANSPORT","jumlah":"3"},{"sektor":"Transportasi, Gudang dan Telekomunikasi","nama_perusahaan":"SALAM PACIFIC INDONESIA LINES","jumlah":"1"},{"sektor":"Transportasi, Gudang dan Telekomunikasi","nama_perusahaan":"SARANA INDO PERDANA","jumlah":"2"},{"sektor":"Transportasi, Gudang dan Telekomunikasi","nama_perusahaan":"SEBAMBAN TERMINAL UMUM","jumlah":"1"},{"sektor":"Transportasi, Gudang dan Telekomunikasi","nama_perusahaan":"SERASI SHIPPING INDONESIA","jumlah":"1"},{"sektor":"Transportasi, Gudang dan Telekomunikasi","nama_perusahaan":"TIRTAKENCANA TATAWARNA","jumlah":"1"},{"sektor":"Transportasi, Gudang dan Telekomunikasi","nama_perusahaan":"WARGI SANTOSA","jumlah":"1"},{"sektor":"Transportasi, Gudang dan Telekomunikasi","nama_perusahaan":"WORLD TERMINALINDO","jumlah":"1"}],"total":435}}
DEBUG - 2025-12-15 08:52:55 --> QuarterlyChartService - Total uploads: 1
DEBUG - 2025-12-15 08:52:55 --> QuarterlyChartService - Selected year: all
DEBUG - 2025-12-15 08:52:55 --> Processing upload ID: 52, Status: completed, Year: 2025, Quarter: Q3
DEBUG - 2025-12-15 08:52:55 --> Upload ID 52 - PMA: 1653622393959.00, PMDN: 1817276331954.00
DEBUG - 2025-12-15 08:52:55 --> Added to Q3: 3470898725913 (Total now: 3470898725913)
DEBUG - 2025-12-15 08:52:55 --> Final quarterly data before conversion: {"Q1":0,"Q2":0,"Q3":3470898725913,"Q4":0}
DEBUG - 2025-12-15 08:52:55 --> QuarterlyChartService (All Years) - Total uploads: 1
DEBUG - 2025-12-15 08:52:55 --> Initialized year: 2025
DEBUG - 2025-12-15 08:52:55 --> Upload ID 52 - PMA: 1653622393959.00, PMDN: 1817276331954.00
DEBUG - 2025-12-15 08:52:55 --> Added to Q3: 3470898725913 (Total now: 3470898725913)
DEBUG - 2025-12-15 08:52:55 --> Yearly quarterly data before conversion: {"2025":{"Q1":0,"Q2":0,"Q3":3470898725913,"Q4":0}}
DEBUG - 2025-12-15 08:52:55 --> QuarterlyChartService (All Years) - Final result: {"2025":{"labels":["Q1","Q2","Q3","Q4"],"values":[0,0,3470898725913,0]}}
INFO - 2025-12-15 08:54:11 --> Session: Class initialized using 'CodeIgniter\Session\Handlers\FileHandler' driver.
DEBUG - 2025-12-15 08:54:11 --> === getSectorCountByCompany START ===
DEBUG - 2025-12-15 08:54:11 --> Upload ID: 52
DEBUG - 2025-12-15 08:54:11 --> PMA records found: 15
DEBUG - 2025-12-15 08:54:11 --> PMDN records found: 186
DEBUG - 2025-12-15 08:54:11 --> PMA: 15 rows, Total: 20
DEBUG - 2025-12-15 08:54:11 --> PMDN: 186 rows, Total: 435
DEBUG - 2025-12-15 08:54:11 --> === getSectorCountByCompany END ===
DEBUG - 2025-12-15 08:54:11 --> === getSectorCountByCompany START ===
DEBUG - 2025-12-15 08:54:11 --> Upload ID: 52
DEBUG - 2025-12-15 08:54:11 --> PMA records found: 15
DEBUG - 2025-12-15 08:54:11 --> PMDN records found: 186
DEBUG - 2025-12-15 08:54:11 --> PMA: 15 rows, Total: 20
DEBUG - 2025-12-15 08:54:11 --> PMDN: 186 rows, Total: 435
DEBUG - 2025-12-15 08:54:11 --> === getSectorCountByCompany END ===
DEBUG - 2025-12-15 08:54:11 --> Sector count in DashboardService: {"PMA":{"data":[{"sektor":"Hotel dan Restoran","nama_perusahaan":"CAHAYA ANUGRAH SARANA CATERING","jumlah":"2"},{"sektor":"Industri Lainnya","nama_perusahaan":"ANUGERAH BAROKAH CAKRAWALA","jumlah":"1"},{"sektor":"Industri Logam Dasar, Barang Logam, Bukan Mesin dan Peralatannya","nama_perusahaan":"ANUGERAH BAROKAH CAKRAWALA","jumlah":"3"},{"sektor":"Industri Logam Dasar, Barang Logam, Bukan Mesin dan Peralatannya","nama_perusahaan":"ANUGERAH BAROKAH ENERGI BARU","jumlah":"1"},{"sektor":"Jasa Lainnya","nama_perusahaan":"THIESS CONTRACTORS INDONESIA","jumlah":"1"},{"sektor":"Listrik, Gas dan Air","nama_perusahaan":"ANUGERAH BAROKAH CAKRAWALA","jumlah":"1"},{"sektor":"Perdagangan dan Reparasi","nama_perusahaan":"VKS DRILLTEK INDO","jumlah":"1"},{"sektor":"Pertambangan","nama_perusahaan":"MITRA SETIA TANAH BUMBU","jumlah":"1"},{"sektor":"Pertambangan","nama_perusahaan":"THIESS CONTRACTORS INDONESIA","jumlah":"1"},{"sektor":"Pertambangan","nama_perusahaan":"TOUDANO MANDIRI ABADI","jumlah":"1"},{"sektor":"Pertambangan","nama_perusahaan":"TRANSCOAL MINERGY","jumlah":"3"},{"sektor":"Pertambangan","nama_perusahaan":"YIWAN MINING","jumlah":"1"},{"sektor":"Tanaman Pangan, Perkebunan, dan Peternakan","nama_perusahaan":"JAYA MANDIRI SUKSES","jumlah":"1"},{"sektor":"Tanaman Pangan, Perkebunan, dan Peternakan","nama_perusahaan":"SINGALAND ASETAMA","jumlah":"1"},{"sektor":"Transportasi, Gudang dan Telekomunikasi","nama_perusahaan":"ANUGERAH BAROKAH CAKRAWALA","jumlah":"1"}],"total":20},"PMDN":{"data":[{"sektor":"Hotel dan Restoran","nama_perusahaan":"ARYATAMA BANUA BIRU","jumlah":"3"},{"sektor":"Hotel dan Restoran","nama_perusahaan":"FAST FOOD INDONESIA","jumlah":"1"},{"sektor":"Hotel dan Restoran","nama_perusahaan":"PESTA PORA ABADI","jumlah":"3"},{"sektor":"Hotel dan Restoran","nama_perusahaan":"RICHEESE KULINER INDONESIA","jumlah":"1"},{"sektor":"Hotel dan Restoran","nama_perusahaan":"SARANA INDO PERDANA","jumlah":"1"},{"sektor":"Industri  Mesin, Elektronik, Instrumen Kedokteran, Peralatan Listrik, Presisi, Optik dan Jam","nama_perusahaan":"SANGGAR SARANA BAJA","jumlah":"1"},{"sektor":"Industri Karet dan Plastik","nama_perusahaan":"NUSANTARA BATULICIN","jumlah":"1"},{"sektor":"Industri Kendaraan Bermotor dan Alat Transportasi Lain","nama_perusahaan":"KARYA JAYA LOGISTIK","jumlah":"1"},{"sektor":"Industri Kimia Dan Farmasi","nama_perusahaan":"HAJI MAMING PELABUHAN","jumlah":"1"},{"sektor":"Industri Kimia Dan Farmasi","nama_perusahaan":"JHONLIN AGRO RAYA Tbk","jumlah":"1"},{"sektor":"Industri Kimia Dan Farmasi","nama_perusahaan":"JOH SUKSES MANDIRI MOTOR","jumlah":"1"},{"sektor":"Industri Kimia Dan Farmasi","nama_perusahaan":"SATUI BINA USAHA","jumlah":"2"},{"sektor":"Industri Lainnya","nama_perusahaan":"BUANA KARYA BHAKTI","jumlah":"1"},{"sektor":"Industri Logam Dasar, Barang Logam, Bukan Mesin dan Peralatannya","nama_perusahaan":"ANGKASA JAYA MULIA","jumlah":"1"},{"sektor":"Industri Makanan","nama_perusahaan":"ADISURYA CIPTA LESTARI","jumlah":"1"},{"sektor":"Industri Makanan","nama_perusahaan":"BUANA KARYA BHAKTI","jumlah":"2"},{"sektor":"Industri Makanan","nama_perusahaan":"BUANA KARYA NOVELTINDO","jumlah":"1"},{"sektor":"Industri Makanan","nama_perusahaan":"GAWI MAKMUR KALIMANTAN","jumlah":"1"},{"sektor":"Industri Makanan","nama_perusahaan":"JHONLIN AGRO RAYA Tbk","jumlah":"1"},{"sektor":"Industri Makanan","nama_perusahaan":"KARYA JAYA LOGISTIK","jumlah":"3"},{"sektor":"Industri Makanan","nama_perusahaan":"KODECO AGROJAYA MANDIRI","jumlah":"2"},{"sektor":"Industri Makanan","nama_perusahaan":"MANDIRI AMAN SEJAHTERA","jumlah":"2"},{"sektor":"Industri Makanan","nama_perusahaan":"MANDIRI AMAN SEKAWAN","jumlah":"1"},{"sektor":"Industri Makanan","nama_perusahaan":"SARANA INDO PERDANA","jumlah":"1"},{"sektor":"Industri Makanan","nama_perusahaan":"UDANG MARIANI ENAM SEMBILAN","jumlah":"1"},{"sektor":"Jasa Lainnya","nama_perusahaan":"ANINDYA WIRAPUTRA KONSULT","jumlah":"3"},{"sektor":"Jasa Lainnya","nama_perusahaan":"BATULICIN ENAM SEMBILAN","jumlah":"1"},{"sektor":"Jasa Lainnya","nama_perusahaan":"BATULICIN ENAM SEMBILAN PERTAMBANGAN","jumlah":"1"},{"sektor":"Jasa Lainnya","nama_perusahaan":"BINA INTI PERSADA","jumlah":"1"},{"sektor":"Jasa Lainnya","nama_perusahaan":"BUANA KARYA BHAKTI","jumlah":"1"},{"sektor":"Jasa Lainnya","nama_perusahaan":"DAYA ENERGI TEKNIK","jumlah":"2"},{"sektor":"Jasa Lainnya","nama_perusahaan":"DELTA GARDA PERSADA","jumlah":"1"},{"sektor":"Jasa Lainnya","nama_perusahaan":"MAMING ENAM SEMBILAN","jumlah":"1"},{"sektor":"Jasa Lainnya","nama_perusahaan":"MANDIRI AMAN SEKAWAN","jumlah":"5"},{"sektor":"Jasa Lainnya","nama_perusahaan":"NAWAKARA PERKASA NUSANTARA","jumlah":"2"},{"sektor":"Jasa Lainnya","nama_perusahaan":"PUTRA PERKASA ABADI","jumlah":"1"},{"sektor":"Jasa Lainnya","nama_perusahaan":"SARANA INDO PERDANA","jumlah":"2"},{"sektor":"Jasa Lainnya","nama_perusahaan":"SUPRIMA MITRA ADIHUSADA","jumlah":"3"},{"sektor":"Jasa Lainnya","nama_perusahaan":"UNITED TRACTORS","jumlah":"6"},{"sektor":"Jasa Lainnya","nama_perusahaan":"WARGI SANTOSA","jumlah":"3"},{"sektor":"Kehutanan","nama_perusahaan":"BATULICIN BUMI BERSUJUD","jumlah":"2"},{"sektor":"Konstruksi","nama_perusahaan":"ANDIFA NUSA SAMUDERA","jumlah":"3"},{"sektor":"Konstruksi","nama_perusahaan":"BATULICIN BORNEO MARITIM","jumlah":"2"},{"sektor":"Konstruksi","nama_perusahaan":"KARYA TANTRA MEGA","jumlah":"2"},{"sektor":"Konstruksi","nama_perusahaan":"KRIDA CIPTA SATYA","jumlah":"3"},{"sektor":"Konstruksi","nama_perusahaan":"MANDIRI AMAN SEJAHTERA","jumlah":"20"},{"sektor":"Konstruksi","nama_perusahaan":"MANDIRI AMAN SEKAWAN","jumlah":"19"},{"sektor":"Konstruksi","nama_perusahaan":"MITRA JASA SEBAMBAN UTAMA","jumlah":"1"},{"sektor":"Konstruksi","nama_perusahaan":"PROFESIONAL TELEKOMUNIKASI INDONESIA","jumlah":"8"},{"sektor":"Konstruksi","nama_perusahaan":"SOLUSI TUNAS PRATAMA","jumlah":"7"},{"sektor":"Konstruksi","nama_perusahaan":"TATA BUANA KARYA","jumlah":"1"},{"sektor":"Konstruksi","nama_perusahaan":"TOWER BERSAMA","jumlah":"5"},{"sektor":"Konstruksi","nama_perusahaan":"UNITED TRACTORS","jumlah":"1"},{"sektor":"Listrik, Gas dan Air","nama_perusahaan":"BINA INTI PERSADA","jumlah":"3"},{"sektor":"Listrik, Gas dan Air","nama_perusahaan":"BUMI NUSA PALAPA","jumlah":"1"},{"sektor":"Listrik, Gas dan Air","nama_perusahaan":"DUA SAMUDERA PERKASA","jumlah":"1"},{"sektor":"Listrik, Gas dan Air","nama_perusahaan":"SARANA INDO PERDANA","jumlah":"2"},{"sektor":"Listrik, Gas dan Air","nama_perusahaan":"SUMBERDAYA SEWATAMA","jumlah":"1"},{"sektor":"Perdagangan dan Reparasi","nama_perusahaan":"ADIDAYA AKBAR BERKARYA","jumlah":"1"},{"sektor":"Perdagangan dan Reparasi","nama_perusahaan":"ADISURYA CIPTA LESTARI","jumlah":"2"},{"sektor":"Perdagangan dan Reparasi","nama_perusahaan":"AMANAH PUTRA BORNEO","jumlah":"1"},{"sektor":"Perdagangan dan Reparasi","nama_perusahaan":"ANDIFA PERKASA ENERGI","jumlah":"4"},{"sektor":"Perdagangan dan Reparasi","nama_perusahaan":"ANDIFA ZAYEEN PERKASA","jumlah":"1"},{"sektor":"Perdagangan dan Reparasi","nama_perusahaan":"AXIS PRATAMA INDONESIA","jumlah":"1"},{"sektor":"Perdagangan dan Reparasi","nama_perusahaan":"BARA ASIA COALTRADE","jumlah":"1"},{"sektor":"Perdagangan dan Reparasi","nama_perusahaan":"BATULICIN AGRO SENTOSA","jumlah":"1"},{"sektor":"Perdagangan dan Reparasi","nama_perusahaan":"BATULICIN ENAM SEMBILAN PELABUHAN","jumlah":"1"},{"sektor":"Perdagangan dan Reparasi","nama_perusahaan":"BATULICIN ENAM SEMBILAN TRANSPORTASI","jumlah":"1"},{"sektor":"Perdagangan dan Reparasi","nama_perusahaan":"BAYAN RESOURCES","jumlah":"1"},{"sektor":"Perdagangan dan Reparasi","nama_perusahaan":"BINA INTI PERSADA","jumlah":"1"},{"sektor":"Perdagangan dan Reparasi","nama_perusahaan":"BINA USAHA BATULICIN","jumlah":"1"},{"sektor":"Perdagangan dan Reparasi","nama_perusahaan":"BUANA KARYA NOVELTINDO","jumlah":"1"},{"sektor":"Perdagangan dan Reparasi","nama_perusahaan":"DAYA INDAH ANDALAN","jumlah":"1"},{"sektor":"Perdagangan dan Reparasi","nama_perusahaan":"DAYA INDAH YASA","jumlah":"4"},{"sektor":"Perdagangan dan Reparasi","nama_perusahaan":"DUA KOTA LAUT","jumlah":"1"},{"sektor":"Perdagangan dan Reparasi","nama_perusahaan":"ENAM SEMBILAN NIAGA NIKEL","jumlah":"1"},{"sektor":"Perdagangan dan Reparasi","nama_perusahaan":"ENAM SEMBILAN TRADING BATUBARA","jumlah":"1"},{"sektor":"Perdagangan dan Reparasi","nama_perusahaan":"GARUDA WISNU AMERTA","jumlah":"1"},{"sektor":"Perdagangan dan Reparasi","nama_perusahaan":"GLOCHATSA TESALONIKA SENTOSA","jumlah":"1"},{"sektor":"Perdagangan dan Reparasi","nama_perusahaan":"GRAND DUTA BORNEO","jumlah":"2"},{"sektor":"Perdagangan dan Reparasi","nama_perusahaan":"INDOMARCO PRISMATAMA","jumlah":"2"},{"sektor":"Perdagangan dan Reparasi","nama_perusahaan":"JHONLIN MARINE TRANS","jumlah":"1"},{"sektor":"Perdagangan dan Reparasi","nama_perusahaan":"KALIMAS KHARISMA","jumlah":"4"},{"sektor":"Perdagangan dan Reparasi","nama_perusahaan":"KARYA JAYA LOGISTIK","jumlah":"8"},{"sektor":"Perdagangan dan Reparasi","nama_perusahaan":"KHARISMA KAISAR BATULICIN","jumlah":"2"},{"sektor":"Perdagangan dan Reparasi","nama_perusahaan":"KODECO AGROJAYA MANDIRI","jumlah":"1"},{"sektor":"Perdagangan dan Reparasi","nama_perusahaan":"MANDIRI AMAN SEJAHTERA","jumlah":"12"},{"sektor":"Perdagangan dan Reparasi","nama_perusahaan":"MANDIRI AMAN SEKAWAN","jumlah":"7"},{"sektor":"Perdagangan dan Reparasi","nama_perusahaan":"MITRA MEGAH PROFITAMAS","jumlah":"1"},{"sektor":"Perdagangan dan Reparasi","nama_perusahaan":"PUTRA PERKASA ABADI","jumlah":"1"},{"sektor":"Perdagangan dan Reparasi","nama_perusahaan":"SAMATOR GAS INDUSTRI","jumlah":"1"},{"sektor":"Perdagangan dan Reparasi","nama_perusahaan":"SEBAMBAN TERMINAL UMUM","jumlah":"1"},{"sektor":"Perdagangan dan Reparasi","nama_perusahaan":"SENTRA AGRO SUMBER RAYA","jumlah":"3"},{"sektor":"Perdagangan dan Reparasi","nama_perusahaan":"SINARNIAGA SEJAHTERA","jumlah":"1"},{"sektor":"Perdagangan dan Reparasi","nama_perusahaan":"SUMBER ALFARIA TRIJAYA","jumlah":"19"},{"sektor":"Perdagangan dan Reparasi","nama_perusahaan":"SUMBER BERLIAN MOTORS","jumlah":"6"},{"sektor":"Perdagangan dan Reparasi","nama_perusahaan":"SUMBER CIPTA MULTINIAGA","jumlah":"1"},{"sektor":"Perdagangan dan Reparasi","nama_perusahaan":"TIRTAKENCANA TATAWARNA","jumlah":"5"},{"sektor":"Perdagangan dan Reparasi","nama_perusahaan":"UNITED TRACTORS","jumlah":"7"},{"sektor":"Perdagangan dan Reparasi","nama_perusahaan":"WARGI SANTOSA","jumlah":"2"},{"sektor":"Perikanan","nama_perusahaan":"UDANG MARIANI ENAM SEMBILAN","jumlah":"1"},{"sektor":"Pertambangan","nama_perusahaan":"ADIDAYA AKBAR BERKARYA","jumlah":"1"},{"sektor":"Pertambangan","nama_perusahaan":"AMANAH PUTRA BORNEO","jumlah":"1"},{"sektor":"Pertambangan","nama_perusahaan":"ANGSANA JAYA ENERGI","jumlah":"1"},{"sektor":"Pertambangan","nama_perusahaan":"ANZAWARA SATRIA","jumlah":"1"},{"sektor":"Pertambangan","nama_perusahaan":"ARUTMIN INDONESIA","jumlah":"6"},{"sektor":"Pertambangan","nama_perusahaan":"BATULICIN BORNEO MARITIM","jumlah":"2"},{"sektor":"Pertambangan","nama_perusahaan":"BATULICIN ENAM SEMBILAN PERTAMBANGAN","jumlah":"1"},{"sektor":"Pertambangan","nama_perusahaan":"BINA BATULICIN USAHA","jumlah":"1"},{"sektor":"Pertambangan","nama_perusahaan":"BORNEO INDOBARA","jumlah":"31"},{"sektor":"Pertambangan","nama_perusahaan":"BORNEO MITRA BARATAMA","jumlah":"1"},{"sektor":"Pertambangan","nama_perusahaan":"BUKIT MAKMUR MANDIRI UTAMA","jumlah":"1"},{"sektor":"Pertambangan","nama_perusahaan":"CAKRAWALA LANGIT SEJAHTERA","jumlah":"1"},{"sektor":"Pertambangan","nama_perusahaan":"CIPTA KRIDATAMA","jumlah":"2"},{"sektor":"Pertambangan","nama_perusahaan":"DARMA HENWA","jumlah":"2"},{"sektor":"Pertambangan","nama_perusahaan":"DAYA ENERGI TEKNIK","jumlah":"1"},{"sektor":"Pertambangan","nama_perusahaan":"GEMA TAMBANG NUSANTARA","jumlah":"1"},{"sektor":"Pertambangan","nama_perusahaan":"GUNUNG MAYANG STONE","jumlah":"1"},{"sektor":"Pertambangan","nama_perusahaan":"HALONG JAYA BERGETAR","jumlah":"1"},{"sektor":"Pertambangan","nama_perusahaan":"JHONLIN BARATAMA","jumlah":"1"},{"sektor":"Pertambangan","nama_perusahaan":"KRIDA CIPTA SATYA","jumlah":"1"},{"sektor":"Pertambangan","nama_perusahaan":"LINTAS FORTUNA NUSANTARA","jumlah":"1"},{"sektor":"Pertambangan","nama_perusahaan":"MITRAJAYA ABADI BERSAMA","jumlah":"1"},{"sektor":"Pertambangan","nama_perusahaan":"REZKI BATULICIN TRANSPORT","jumlah":"1"},{"sektor":"Pertambangan","nama_perusahaan":"SATUI BINA USAHA","jumlah":"2"},{"sektor":"Pertambangan","nama_perusahaan":"SEIA MITRA MANDIRI","jumlah":"1"},{"sektor":"Pertambangan","nama_perusahaan":"SILIKA MITRA PERKASA","jumlah":"1"},{"sektor":"Pertambangan","nama_perusahaan":"SUNGAI DANAU JAYA","jumlah":"2"},{"sektor":"Pertambangan","nama_perusahaan":"TANAH BUMBU RESOURCES","jumlah":"1"},{"sektor":"Pertambangan","nama_perusahaan":"TIMUR SATRIA PERKASA","jumlah":"1"},{"sektor":"Pertambangan","nama_perusahaan":"TUNAS INTI ABADI","jumlah":"1"},{"sektor":"Pertambangan","nama_perusahaan":"USAHA BARATAMA JESINDO","jumlah":"1"},{"sektor":"Pertambangan","nama_perusahaan":"WAHANA BARATAMA MINING","jumlah":"1"},{"sektor":"Perumahan, Kawasan Industri dan Perkantoran","nama_perusahaan":"DUA SAMUDERA PERKASA","jumlah":"1"},{"sektor":"Perumahan, Kawasan Industri dan Perkantoran","nama_perusahaan":"MANDIRI AMAN SEJAHTERA","jumlah":"2"},{"sektor":"Perumahan, Kawasan Industri dan Perkantoran","nama_perusahaan":"PELAYARAN BAHTERA ADHIGUNA","jumlah":"1"},{"sektor":"Perumahan, Kawasan Industri dan Perkantoran","nama_perusahaan":"SAPTAINDRA SEJATI","jumlah":"1"},{"sektor":"Perumahan, Kawasan Industri dan Perkantoran","nama_perusahaan":"UNITED TRACTORS","jumlah":"1"},{"sektor":"Tanaman Pangan, Perkebunan, dan Peternakan","nama_perusahaan":"ADISURYA CIPTA LESTARI","jumlah":"1"},{"sektor":"Tanaman Pangan, Perkebunan, dan Peternakan","nama_perusahaan":"BORNEO PALM PLANTATION","jumlah":"2"},{"sektor":"Tanaman Pangan, Perkebunan, dan Peternakan","nama_perusahaan":"BUANA KARYA BHAKTI","jumlah":"1"},{"sektor":"Tanaman Pangan, Perkebunan, dan Peternakan","nama_perusahaan":"FASS FOREST DEVELOPMENT","jumlah":"1"},{"sektor":"Tanaman Pangan, Perkebunan, dan Peternakan","nama_perusahaan":"JHONLIN AGRO LESTARI","jumlah":"1"},{"sektor":"Tanaman Pangan, Perkebunan, dan Peternakan","nama_perusahaan":"KODECO AGROJAYA MANDIRI","jumlah":"1"},{"sektor":"Tanaman Pangan, Perkebunan, dan Peternakan","nama_perusahaan":"MANDIRI AMAN SEJAHTERA","jumlah":"14"},{"sektor":"Tanaman Pangan, Perkebunan, dan Peternakan","nama_perusahaan":"MANDIRI AMAN SEKAWAN","jumlah":"6"},{"sektor":"Tanaman Pangan, Perkebunan, dan Peternakan","nama_perusahaan":"PERKEBUNAN NUSANTARA IV","jumlah":"1"},{"sektor":"Transportasi, Gudang dan Telekomunikasi","nama_perusahaan":"ANDIFA NUSA SAMUDERA","jumlah":"2"},{"sektor":"Transportasi, Gudang dan Telekomunikasi","nama_perusahaan":"ARUTMIN INDONESIA","jumlah":"2"},{"sektor":"Transportasi, Gudang dan Telekomunikasi","nama_perusahaan":"ASDP INDONESIA FERRY","jumlah":"2"},{"sektor":"Transportasi, Gudang dan Telekomunikasi","nama_perusahaan":"AXIS PRATAMA INDONESIA","jumlah":"3"},{"sektor":"Transportasi, Gudang dan Telekomunikasi","nama_perusahaan":"BANDAR INDO RAYA","jumlah":"1"},{"sektor":"Transportasi, Gudang dan Telekomunikasi","nama_perusahaan":"BAROKAH DEPUTRA NUSANTARA","jumlah":"1"},{"sektor":"Transportasi, Gudang dan Telekomunikasi","nama_perusahaan":"BATULICIN NUSANTARA MARITIM","jumlah":"1"},{"sektor":"Transportasi, Gudang dan Telekomunikasi","nama_perusahaan":"BAYAN RESOURCES","jumlah":"1"},{"sektor":"Transportasi, Gudang dan Telekomunikasi","nama_perusahaan":"BINA INDO RAYA","jumlah":"1"},{"sektor":"Transportasi, Gudang dan Telekomunikasi","nama_perusahaan":"BINA INTI PERSADA","jumlah":"3"},{"sektor":"Transportasi, Gudang dan Telekomunikasi","nama_perusahaan":"BINA KARYA PUTRA BATULICIN","jumlah":"1"},{"sektor":"Transportasi, Gudang dan Telekomunikasi","nama_perusahaan":"BINA USAHA BATULICIN","jumlah":"3"},{"sektor":"Transportasi, Gudang dan Telekomunikasi","nama_perusahaan":"BORNEO INDOBARA","jumlah":"2"},{"sektor":"Transportasi, Gudang dan Telekomunikasi","nama_perusahaan":"BUKIT MAKMUR MANDIRI UTAMA","jumlah":"1"},{"sektor":"Transportasi, Gudang dan Telekomunikasi","nama_perusahaan":"CIPTA KRIDA BAHARI","jumlah":"1"},{"sektor":"Transportasi, Gudang dan Telekomunikasi","nama_perusahaan":"CIPTA KRIDATAMA","jumlah":"1"},{"sektor":"Transportasi, Gudang dan Telekomunikasi","nama_perusahaan":"DIANTA DAYA EMBARA","jumlah":"1"},{"sektor":"Transportasi, Gudang dan Telekomunikasi","nama_perusahaan":"DUA SAMUDERA PERKASA","jumlah":"1"},{"sektor":"Transportasi, Gudang dan Telekomunikasi","nama_perusahaan":"JEMBATAN NUSANTARA","jumlah":"1"},{"sektor":"Transportasi, Gudang dan Telekomunikasi","nama_perusahaan":"JHONLIN AGRO RAYA Tbk","jumlah":"1"},{"sektor":"Transportasi, Gudang dan Telekomunikasi","nama_perusahaan":"JHONLIN MARINE LINES","jumlah":"1"},{"sektor":"Transportasi, Gudang dan Telekomunikasi","nama_perusahaan":"JHONLIN MARINE TRANS","jumlah":"2"},{"sektor":"Transportasi, Gudang dan Telekomunikasi","nama_perusahaan":"KARYA JAYA LOGISTIK","jumlah":"1"},{"sektor":"Transportasi, Gudang dan Telekomunikasi","nama_perusahaan":"KHARISMA KAISAR BATULICIN","jumlah":"3"},{"sektor":"Transportasi, Gudang dan Telekomunikasi","nama_perusahaan":"MANDIRI AMAN SEJAHTERA","jumlah":"3"},{"sektor":"Transportasi, Gudang dan Telekomunikasi","nama_perusahaan":"MANDIRI AMAN SEKAWAN","jumlah":"2"},{"sektor":"Transportasi, Gudang dan Telekomunikasi","nama_perusahaan":"MEGA UTAMA KHATULISTIWA","jumlah":"2"},{"sektor":"Transportasi, Gudang dan Telekomunikasi","nama_perusahaan":"MITRA JASA SEBAMBAN UTAMA","jumlah":"2"},{"sektor":"Transportasi, Gudang dan Telekomunikasi","nama_perusahaan":"PAGAR MULYA KARYATAMA","jumlah":"4"},{"sektor":"Transportasi, Gudang dan Telekomunikasi","nama_perusahaan":"PELABUHAN SWANGI INDAH","jumlah":"1"},{"sektor":"Transportasi, Gudang dan Telekomunikasi","nama_perusahaan":"PERUSAHAAN PERSEROAN (PERSERO) PT PELABUHAN INDONESIA DISINGKAT PT PELABUHAN INDONESIA (PERSERO)","jumlah":"1"},{"sektor":"Transportasi, Gudang dan Telekomunikasi","nama_perusahaan":"REZKI BATULICIN TRANSPORT","jumlah":"3"},{"sektor":"Transportasi, Gudang dan Telekomunikasi","nama_perusahaan":"SALAM PACIFIC INDONESIA LINES","jumlah":"1"},{"sektor":"Transportasi, Gudang dan Telekomunikasi","nama_perusahaan":"SARANA INDO PERDANA","jumlah":"2"},{"sektor":"Transportasi, Gudang dan Telekomunikasi","nama_perusahaan":"SEBAMBAN TERMINAL UMUM","jumlah":"1"},{"sektor":"Transportasi, Gudang dan Telekomunikasi","nama_perusahaan":"SERASI SHIPPING INDONESIA","jumlah":"1"},{"sektor":"Transportasi, Gudang dan Telekomunikasi","nama_perusahaan":"TIRTAKENCANA TATAWARNA","jumlah":"1"},{"sektor":"Transportasi, Gudang dan Telekomunikasi","nama_perusahaan":"WARGI SANTOSA","jumlah":"1"},{"sektor":"Transportasi, Gudang dan Telekomunikasi","nama_perusahaan":"WORLD TERMINALINDO","jumlah":"1"}],"total":435}}
DEBUG - 2025-12-15 08:54:11 --> QuarterlyChartService - Total uploads: 1
DEBUG - 2025-12-15 08:54:11 --> QuarterlyChartService - Selected year: all
DEBUG - 2025-12-15 08:54:11 --> Processing upload ID: 52, Status: completed, Year: 2025, Quarter: Q3
DEBUG - 2025-12-15 08:54:11 --> Upload ID 52 - PMA: 1653622393959.00, PMDN: 1817276331954.00
DEBUG - 2025-12-15 08:54:11 --> Added to Q3: 3470898725913 (Total now: 3470898725913)
DEBUG - 2025-12-15 08:54:11 --> Final quarterly data before conversion: {"Q1":0,"Q2":0,"Q3":3470898725913,"Q4":0}
DEBUG - 2025-12-15 08:54:11 --> QuarterlyChartService (All Years) - Total uploads: 1
DEBUG - 2025-12-15 08:54:11 --> Initialized year: 2025
DEBUG - 2025-12-15 08:54:11 --> Upload ID 52 - PMA: 1653622393959.00, PMDN: 1817276331954.00
DEBUG - 2025-12-15 08:54:11 --> Added to Q3: 3470898725913 (Total now: 3470898725913)
DEBUG - 2025-12-15 08:54:11 --> Yearly quarterly data before conversion: {"2025":{"Q1":0,"Q2":0,"Q3":3470898725913,"Q4":0}}
DEBUG - 2025-12-15 08:54:11 --> QuarterlyChartService (All Years) - Final result: {"2025":{"labels":["Q1","Q2","Q3","Q4"],"values":[0,0,3470898725913,0]}}
INFO - 2025-12-15 08:55:00 --> Session: Class initialized using 'CodeIgniter\Session\Handlers\FileHandler' driver.
DEBUG - 2025-12-15 08:55:00 --> === getSectorCountByCompany START ===
DEBUG - 2025-12-15 08:55:00 --> Upload ID: 52
DEBUG - 2025-12-15 08:55:00 --> PMA records found: 15
DEBUG - 2025-12-15 08:55:00 --> PMDN records found: 186
DEBUG - 2025-12-15 08:55:00 --> PMA: 15 rows, Total: 20
DEBUG - 2025-12-15 08:55:00 --> PMDN: 186 rows, Total: 435
DEBUG - 2025-12-15 08:55:00 --> === getSectorCountByCompany END ===
DEBUG - 2025-12-15 08:55:00 --> === getSectorCountByCompany START ===
DEBUG - 2025-12-15 08:55:00 --> Upload ID: 52
DEBUG - 2025-12-15 08:55:00 --> PMA records found: 15
DEBUG - 2025-12-15 08:55:00 --> PMDN records found: 186
DEBUG - 2025-12-15 08:55:00 --> PMA: 15 rows, Total: 20
DEBUG - 2025-12-15 08:55:00 --> PMDN: 186 rows, Total: 435
DEBUG - 2025-12-15 08:55:00 --> === getSectorCountByCompany END ===
DEBUG - 2025-12-15 08:55:00 --> Sector count in DashboardService: {"PMA":{"data":[{"sektor":"Hotel dan Restoran","nama_perusahaan":"CAHAYA ANUGRAH SARANA CATERING","jumlah":"2"},{"sektor":"Industri Lainnya","nama_perusahaan":"ANUGERAH BAROKAH CAKRAWALA","jumlah":"1"},{"sektor":"Industri Logam Dasar, Barang Logam, Bukan Mesin dan Peralatannya","nama_perusahaan":"ANUGERAH BAROKAH CAKRAWALA","jumlah":"3"},{"sektor":"Industri Logam Dasar, Barang Logam, Bukan Mesin dan Peralatannya","nama_perusahaan":"ANUGERAH BAROKAH ENERGI BARU","jumlah":"1"},{"sektor":"Jasa Lainnya","nama_perusahaan":"THIESS CONTRACTORS INDONESIA","jumlah":"1"},{"sektor":"Listrik, Gas dan Air","nama_perusahaan":"ANUGERAH BAROKAH CAKRAWALA","jumlah":"1"},{"sektor":"Perdagangan dan Reparasi","nama_perusahaan":"VKS DRILLTEK INDO","jumlah":"1"},{"sektor":"Pertambangan","nama_perusahaan":"MITRA SETIA TANAH BUMBU","jumlah":"1"},{"sektor":"Pertambangan","nama_perusahaan":"THIESS CONTRACTORS INDONESIA","jumlah":"1"},{"sektor":"Pertambangan","nama_perusahaan":"TOUDANO MANDIRI ABADI","jumlah":"1"},{"sektor":"Pertambangan","nama_perusahaan":"TRANSCOAL MINERGY","jumlah":"3"},{"sektor":"Pertambangan","nama_perusahaan":"YIWAN MINING","jumlah":"1"},{"sektor":"Tanaman Pangan, Perkebunan, dan Peternakan","nama_perusahaan":"JAYA MANDIRI SUKSES","jumlah":"1"},{"sektor":"Tanaman Pangan, Perkebunan, dan Peternakan","nama_perusahaan":"SINGALAND ASETAMA","jumlah":"1"},{"sektor":"Transportasi, Gudang dan Telekomunikasi","nama_perusahaan":"ANUGERAH BAROKAH CAKRAWALA","jumlah":"1"}],"total":20},"PMDN":{"data":[{"sektor":"Hotel dan Restoran","nama_perusahaan":"ARYATAMA BANUA BIRU","jumlah":"3"},{"sektor":"Hotel dan Restoran","nama_perusahaan":"FAST FOOD INDONESIA","jumlah":"1"},{"sektor":"Hotel dan Restoran","nama_perusahaan":"PESTA PORA ABADI","jumlah":"3"},{"sektor":"Hotel dan Restoran","nama_perusahaan":"RICHEESE KULINER INDONESIA","jumlah":"1"},{"sektor":"Hotel dan Restoran","nama_perusahaan":"SARANA INDO PERDANA","jumlah":"1"},{"sektor":"Industri  Mesin, Elektronik, Instrumen Kedokteran, Peralatan Listrik, Presisi, Optik dan Jam","nama_perusahaan":"SANGGAR SARANA BAJA","jumlah":"1"},{"sektor":"Industri Karet dan Plastik","nama_perusahaan":"NUSANTARA BATULICIN","jumlah":"1"},{"sektor":"Industri Kendaraan Bermotor dan Alat Transportasi Lain","nama_perusahaan":"KARYA JAYA LOGISTIK","jumlah":"1"},{"sektor":"Industri Kimia Dan Farmasi","nama_perusahaan":"HAJI MAMING PELABUHAN","jumlah":"1"},{"sektor":"Industri Kimia Dan Farmasi","nama_perusahaan":"JHONLIN AGRO RAYA Tbk","jumlah":"1"},{"sektor":"Industri Kimia Dan Farmasi","nama_perusahaan":"JOH SUKSES MANDIRI MOTOR","jumlah":"1"},{"sektor":"Industri Kimia Dan Farmasi","nama_perusahaan":"SATUI BINA USAHA","jumlah":"2"},{"sektor":"Industri Lainnya","nama_perusahaan":"BUANA KARYA BHAKTI","jumlah":"1"},{"sektor":"Industri Logam Dasar, Barang Logam, Bukan Mesin dan Peralatannya","nama_perusahaan":"ANGKASA JAYA MULIA","jumlah":"1"},{"sektor":"Industri Makanan","nama_perusahaan":"ADISURYA CIPTA LESTARI","jumlah":"1"},{"sektor":"Industri Makanan","nama_perusahaan":"BUANA KARYA BHAKTI","jumlah":"2"},{"sektor":"Industri Makanan","nama_perusahaan":"BUANA KARYA NOVELTINDO","jumlah":"1"},{"sektor":"Industri Makanan","nama_perusahaan":"GAWI MAKMUR KALIMANTAN","jumlah":"1"},{"sektor":"Industri Makanan","nama_perusahaan":"JHONLIN AGRO RAYA Tbk","jumlah":"1"},{"sektor":"Industri Makanan","nama_perusahaan":"KARYA JAYA LOGISTIK","jumlah":"3"},{"sektor":"Industri Makanan","nama_perusahaan":"KODECO AGROJAYA MANDIRI","jumlah":"2"},{"sektor":"Industri Makanan","nama_perusahaan":"MANDIRI AMAN SEJAHTERA","jumlah":"2"},{"sektor":"Industri Makanan","nama_perusahaan":"MANDIRI AMAN SEKAWAN","jumlah":"1"},{"sektor":"Industri Makanan","nama_perusahaan":"SARANA INDO PERDANA","jumlah":"1"},{"sektor":"Industri Makanan","nama_perusahaan":"UDANG MARIANI ENAM SEMBILAN","jumlah":"1"},{"sektor":"Jasa Lainnya","nama_perusahaan":"ANINDYA WIRAPUTRA KONSULT","jumlah":"3"},{"sektor":"Jasa Lainnya","nama_perusahaan":"BATULICIN ENAM SEMBILAN","jumlah":"1"},{"sektor":"Jasa Lainnya","nama_perusahaan":"BATULICIN ENAM SEMBILAN PERTAMBANGAN","jumlah":"1"},{"sektor":"Jasa Lainnya","nama_perusahaan":"BINA INTI PERSADA","jumlah":"1"},{"sektor":"Jasa Lainnya","nama_perusahaan":"BUANA KARYA BHAKTI","jumlah":"1"},{"sektor":"Jasa Lainnya","nama_perusahaan":"DAYA ENERGI TEKNIK","jumlah":"2"},{"sektor":"Jasa Lainnya","nama_perusahaan":"DELTA GARDA PERSADA","jumlah":"1"},{"sektor":"Jasa Lainnya","nama_perusahaan":"MAMING ENAM SEMBILAN","jumlah":"1"},{"sektor":"Jasa Lainnya","nama_perusahaan":"MANDIRI AMAN SEKAWAN","jumlah":"5"},{"sektor":"Jasa Lainnya","nama_perusahaan":"NAWAKARA PERKASA NUSANTARA","jumlah":"2"},{"sektor":"Jasa Lainnya","nama_perusahaan":"PUTRA PERKASA ABADI","jumlah":"1"},{"sektor":"Jasa Lainnya","nama_perusahaan":"SARANA INDO PERDANA","jumlah":"2"},{"sektor":"Jasa Lainnya","nama_perusahaan":"SUPRIMA MITRA ADIHUSADA","jumlah":"3"},{"sektor":"Jasa Lainnya","nama_perusahaan":"UNITED TRACTORS","jumlah":"6"},{"sektor":"Jasa Lainnya","nama_perusahaan":"WARGI SANTOSA","jumlah":"3"},{"sektor":"Kehutanan","nama_perusahaan":"BATULICIN BUMI BERSUJUD","jumlah":"2"},{"sektor":"Konstruksi","nama_perusahaan":"ANDIFA NUSA SAMUDERA","jumlah":"3"},{"sektor":"Konstruksi","nama_perusahaan":"BATULICIN BORNEO MARITIM","jumlah":"2"},{"sektor":"Konstruksi","nama_perusahaan":"KARYA TANTRA MEGA","jumlah":"2"},{"sektor":"Konstruksi","nama_perusahaan":"KRIDA CIPTA SATYA","jumlah":"3"},{"sektor":"Konstruksi","nama_perusahaan":"MANDIRI AMAN SEJAHTERA","jumlah":"20"},{"sektor":"Konstruksi","nama_perusahaan":"MANDIRI AMAN SEKAWAN","jumlah":"19"},{"sektor":"Konstruksi","nama_perusahaan":"MITRA JASA SEBAMBAN UTAMA","jumlah":"1"},{"sektor":"Konstruksi","nama_perusahaan":"PROFESIONAL TELEKOMUNIKASI INDONESIA","jumlah":"8"},{"sektor":"Konstruksi","nama_perusahaan":"SOLUSI TUNAS PRATAMA","jumlah":"7"},{"sektor":"Konstruksi","nama_perusahaan":"TATA BUANA KARYA","jumlah":"1"},{"sektor":"Konstruksi","nama_perusahaan":"TOWER BERSAMA","jumlah":"5"},{"sektor":"Konstruksi","nama_perusahaan":"UNITED TRACTORS","jumlah":"1"},{"sektor":"Listrik, Gas dan Air","nama_perusahaan":"BINA INTI PERSADA","jumlah":"3"},{"sektor":"Listrik, Gas dan Air","nama_perusahaan":"BUMI NUSA PALAPA","jumlah":"1"},{"sektor":"Listrik, Gas dan Air","nama_perusahaan":"DUA SAMUDERA PERKASA","jumlah":"1"},{"sektor":"Listrik, Gas dan Air","nama_perusahaan":"SARANA INDO PERDANA","jumlah":"2"},{"sektor":"Listrik, Gas dan Air","nama_perusahaan":"SUMBERDAYA SEWATAMA","jumlah":"1"},{"sektor":"Perdagangan dan Reparasi","nama_perusahaan":"ADIDAYA AKBAR BERKARYA","jumlah":"1"},{"sektor":"Perdagangan dan Reparasi","nama_perusahaan":"ADISURYA CIPTA LESTARI","jumlah":"2"},{"sektor":"Perdagangan dan Reparasi","nama_perusahaan":"AMANAH PUTRA BORNEO","jumlah":"1"},{"sektor":"Perdagangan dan Reparasi","nama_perusahaan":"ANDIFA PERKASA ENERGI","jumlah":"4"},{"sektor":"Perdagangan dan Reparasi","nama_perusahaan":"ANDIFA ZAYEEN PERKASA","jumlah":"1"},{"sektor":"Perdagangan dan Reparasi","nama_perusahaan":"AXIS PRATAMA INDONESIA","jumlah":"1"},{"sektor":"Perdagangan dan Reparasi","nama_perusahaan":"BARA ASIA COALTRADE","jumlah":"1"},{"sektor":"Perdagangan dan Reparasi","nama_perusahaan":"BATULICIN AGRO SENTOSA","jumlah":"1"},{"sektor":"Perdagangan dan Reparasi","nama_perusahaan":"BATULICIN ENAM SEMBILAN PELABUHAN","jumlah":"1"},{"sektor":"Perdagangan dan Reparasi","nama_perusahaan":"BATULICIN ENAM SEMBILAN TRANSPORTASI","jumlah":"1"},{"sektor":"Perdagangan dan Reparasi","nama_perusahaan":"BAYAN RESOURCES","jumlah":"1"},{"sektor":"Perdagangan dan Reparasi","nama_perusahaan":"BINA INTI PERSADA","jumlah":"1"},{"sektor":"Perdagangan dan Reparasi","nama_perusahaan":"BINA USAHA BATULICIN","jumlah":"1"},{"sektor":"Perdagangan dan Reparasi","nama_perusahaan":"BUANA KARYA NOVELTINDO","jumlah":"1"},{"sektor":"Perdagangan dan Reparasi","nama_perusahaan":"DAYA INDAH ANDALAN","jumlah":"1"},{"sektor":"Perdagangan dan Reparasi","nama_perusahaan":"DAYA INDAH YASA","jumlah":"4"},{"sektor":"Perdagangan dan Reparasi","nama_perusahaan":"DUA KOTA LAUT","jumlah":"1"},{"sektor":"Perdagangan dan Reparasi","nama_perusahaan":"ENAM SEMBILAN NIAGA NIKEL","jumlah":"1"},{"sektor":"Perdagangan dan Reparasi","nama_perusahaan":"ENAM SEMBILAN TRADING BATUBARA","jumlah":"1"},{"sektor":"Perdagangan dan Reparasi","nama_perusahaan":"GARUDA WISNU AMERTA","jumlah":"1"},{"sektor":"Perdagangan dan Reparasi","nama_perusahaan":"GLOCHATSA TESALONIKA SENTOSA","jumlah":"1"},{"sektor":"Perdagangan dan Reparasi","nama_perusahaan":"GRAND DUTA BORNEO","jumlah":"2"},{"sektor":"Perdagangan dan Reparasi","nama_perusahaan":"INDOMARCO PRISMATAMA","jumlah":"2"},{"sektor":"Perdagangan dan Reparasi","nama_perusahaan":"JHONLIN MARINE TRANS","jumlah":"1"},{"sektor":"Perdagangan dan Reparasi","nama_perusahaan":"KALIMAS KHARISMA","jumlah":"4"},{"sektor":"Perdagangan dan Reparasi","nama_perusahaan":"KARYA JAYA LOGISTIK","jumlah":"8"},{"sektor":"Perdagangan dan Reparasi","nama_perusahaan":"KHARISMA KAISAR BATULICIN","jumlah":"2"},{"sektor":"Perdagangan dan Reparasi","nama_perusahaan":"KODECO AGROJAYA MANDIRI","jumlah":"1"},{"sektor":"Perdagangan dan Reparasi","nama_perusahaan":"MANDIRI AMAN SEJAHTERA","jumlah":"12"},{"sektor":"Perdagangan dan Reparasi","nama_perusahaan":"MANDIRI AMAN SEKAWAN","jumlah":"7"},{"sektor":"Perdagangan dan Reparasi","nama_perusahaan":"MITRA MEGAH PROFITAMAS","jumlah":"1"},{"sektor":"Perdagangan dan Reparasi","nama_perusahaan":"PUTRA PERKASA ABADI","jumlah":"1"},{"sektor":"Perdagangan dan Reparasi","nama_perusahaan":"SAMATOR GAS INDUSTRI","jumlah":"1"},{"sektor":"Perdagangan dan Reparasi","nama_perusahaan":"SEBAMBAN TERMINAL UMUM","jumlah":"1"},{"sektor":"Perdagangan dan Reparasi","nama_perusahaan":"SENTRA AGRO SUMBER RAYA","jumlah":"3"},{"sektor":"Perdagangan dan Reparasi","nama_perusahaan":"SINARNIAGA SEJAHTERA","jumlah":"1"},{"sektor":"Perdagangan dan Reparasi","nama_perusahaan":"SUMBER ALFARIA TRIJAYA","jumlah":"19"},{"sektor":"Perdagangan dan Reparasi","nama_perusahaan":"SUMBER BERLIAN MOTORS","jumlah":"6"},{"sektor":"Perdagangan dan Reparasi","nama_perusahaan":"SUMBER CIPTA MULTINIAGA","jumlah":"1"},{"sektor":"Perdagangan dan Reparasi","nama_perusahaan":"TIRTAKENCANA TATAWARNA","jumlah":"5"},{"sektor":"Perdagangan dan Reparasi","nama_perusahaan":"UNITED TRACTORS","jumlah":"7"},{"sektor":"Perdagangan dan Reparasi","nama_perusahaan":"WARGI SANTOSA","jumlah":"2"},{"sektor":"Perikanan","nama_perusahaan":"UDANG MARIANI ENAM SEMBILAN","jumlah":"1"},{"sektor":"Pertambangan","nama_perusahaan":"ADIDAYA AKBAR BERKARYA","jumlah":"1"},{"sektor":"Pertambangan","nama_perusahaan":"AMANAH PUTRA BORNEO","jumlah":"1"},{"sektor":"Pertambangan","nama_perusahaan":"ANGSANA JAYA ENERGI","jumlah":"1"},{"sektor":"Pertambangan","nama_perusahaan":"ANZAWARA SATRIA","jumlah":"1"},{"sektor":"Pertambangan","nama_perusahaan":"ARUTMIN INDONESIA","jumlah":"6"},{"sektor":"Pertambangan","nama_perusahaan":"BATULICIN BORNEO MARITIM","jumlah":"2"},{"sektor":"Pertambangan","nama_perusahaan":"BATULICIN ENAM SEMBILAN PERTAMBANGAN","jumlah":"1"},{"sektor":"Pertambangan","nama_perusahaan":"BINA BATULICIN USAHA","jumlah":"1"},{"sektor":"Pertambangan","nama_perusahaan":"BORNEO INDOBARA","jumlah":"31"},{"sektor":"Pertambangan","nama_perusahaan":"BORNEO MITRA BARATAMA","jumlah":"1"},{"sektor":"Pertambangan","nama_perusahaan":"BUKIT MAKMUR MANDIRI UTAMA","jumlah":"1"},{"sektor":"Pertambangan","nama_perusahaan":"CAKRAWALA LANGIT SEJAHTERA","jumlah":"1"},{"sektor":"Pertambangan","nama_perusahaan":"CIPTA KRIDATAMA","jumlah":"2"},{"sektor":"Pertambangan","nama_perusahaan":"DARMA HENWA","jumlah":"2"},{"sektor":"Pertambangan","nama_perusahaan":"DAYA ENERGI TEKNIK","jumlah":"1"},{"sektor":"Pertambangan","nama_perusahaan":"GEMA TAMBANG NUSANTARA","jumlah":"1"},{"sektor":"Pertambangan","nama_perusahaan":"GUNUNG MAYANG STONE","jumlah":"1"},{"sektor":"Pertambangan","nama_perusahaan":"HALONG JAYA BERGETAR","jumlah":"1"},{"sektor":"Pertambangan","nama_perusahaan":"JHONLIN BARATAMA","jumlah":"1"},{"sektor":"Pertambangan","nama_perusahaan":"KRIDA CIPTA SATYA","jumlah":"1"},{"sektor":"Pertambangan","nama_perusahaan":"LINTAS FORTUNA NUSANTARA","jumlah":"1"},{"sektor":"Pertambangan","nama_perusahaan":"MITRAJAYA ABADI BERSAMA","jumlah":"1"},{"sektor":"Pertambangan","nama_perusahaan":"REZKI BATULICIN TRANSPORT","jumlah":"1"},{"sektor":"Pertambangan","nama_perusahaan":"SATUI BINA USAHA","jumlah":"2"},{"sektor":"Pertambangan","nama_perusahaan":"SEIA MITRA MANDIRI","jumlah":"1"},{"sektor":"Pertambangan","nama_perusahaan":"SILIKA MITRA PERKASA","jumlah":"1"},{"sektor":"Pertambangan","nama_perusahaan":"SUNGAI DANAU JAYA","jumlah":"2"},{"sektor":"Pertambangan","nama_perusahaan":"TANAH BUMBU RESOURCES","jumlah":"1"},{"sektor":"Pertambangan","nama_perusahaan":"TIMUR SATRIA PERKASA","jumlah":"1"},{"sektor":"Pertambangan","nama_perusahaan":"TUNAS INTI ABADI","jumlah":"1"},{"sektor":"Pertambangan","nama_perusahaan":"USAHA BARATAMA JESINDO","jumlah":"1"},{"sektor":"Pertambangan","nama_perusahaan":"WAHANA BARATAMA MINING","jumlah":"1"},{"sektor":"Perumahan, Kawasan Industri dan Perkantoran","nama_perusahaan":"DUA SAMUDERA PERKASA","jumlah":"1"},{"sektor":"Perumahan, Kawasan Industri dan Perkantoran","nama_perusahaan":"MANDIRI AMAN SEJAHTERA","jumlah":"2"},{"sektor":"Perumahan, Kawasan Industri dan Perkantoran","nama_perusahaan":"PELAYARAN BAHTERA ADHIGUNA","jumlah":"1"},{"sektor":"Perumahan, Kawasan Industri dan Perkantoran","nama_perusahaan":"SAPTAINDRA SEJATI","jumlah":"1"},{"sektor":"Perumahan, Kawasan Industri dan Perkantoran","nama_perusahaan":"UNITED TRACTORS","jumlah":"1"},{"sektor":"Tanaman Pangan, Perkebunan, dan Peternakan","nama_perusahaan":"ADISURYA CIPTA LESTARI","jumlah":"1"},{"sektor":"Tanaman Pangan, Perkebunan, dan Peternakan","nama_perusahaan":"BORNEO PALM PLANTATION","jumlah":"2"},{"sektor":"Tanaman Pangan, Perkebunan, dan Peternakan","nama_perusahaan":"BUANA KARYA BHAKTI","jumlah":"1"},{"sektor":"Tanaman Pangan, Perkebunan, dan Peternakan","nama_perusahaan":"FASS FOREST DEVELOPMENT","jumlah":"1"},{"sektor":"Tanaman Pangan, Perkebunan, dan Peternakan","nama_perusahaan":"JHONLIN AGRO LESTARI","jumlah":"1"},{"sektor":"Tanaman Pangan, Perkebunan, dan Peternakan","nama_perusahaan":"KODECO AGROJAYA MANDIRI","jumlah":"1"},{"sektor":"Tanaman Pangan, Perkebunan, dan Peternakan","nama_perusahaan":"MANDIRI AMAN SEJAHTERA","jumlah":"14"},{"sektor":"Tanaman Pangan, Perkebunan, dan Peternakan","nama_perusahaan":"MANDIRI AMAN SEKAWAN","jumlah":"6"},{"sektor":"Tanaman Pangan, Perkebunan, dan Peternakan","nama_perusahaan":"PERKEBUNAN NUSANTARA IV","jumlah":"1"},{"sektor":"Transportasi, Gudang dan Telekomunikasi","nama_perusahaan":"ANDIFA NUSA SAMUDERA","jumlah":"2"},{"sektor":"Transportasi, Gudang dan Telekomunikasi","nama_perusahaan":"ARUTMIN INDONESIA","jumlah":"2"},{"sektor":"Transportasi, Gudang dan Telekomunikasi","nama_perusahaan":"ASDP INDONESIA FERRY","jumlah":"2"},{"sektor":"Transportasi, Gudang dan Telekomunikasi","nama_perusahaan":"AXIS PRATAMA INDONESIA","jumlah":"3"},{"sektor":"Transportasi, Gudang dan Telekomunikasi","nama_perusahaan":"BANDAR INDO RAYA","jumlah":"1"},{"sektor":"Transportasi, Gudang dan Telekomunikasi","nama_perusahaan":"BAROKAH DEPUTRA NUSANTARA","jumlah":"1"},{"sektor":"Transportasi, Gudang dan Telekomunikasi","nama_perusahaan":"BATULICIN NUSANTARA MARITIM","jumlah":"1"},{"sektor":"Transportasi, Gudang dan Telekomunikasi","nama_perusahaan":"BAYAN RESOURCES","jumlah":"1"},{"sektor":"Transportasi, Gudang dan Telekomunikasi","nama_perusahaan":"BINA INDO RAYA","jumlah":"1"},{"sektor":"Transportasi, Gudang dan Telekomunikasi","nama_perusahaan":"BINA INTI PERSADA","jumlah":"3"},{"sektor":"Transportasi, Gudang dan Telekomunikasi","nama_perusahaan":"BINA KARYA PUTRA BATULICIN","jumlah":"1"},{"sektor":"Transportasi, Gudang dan Telekomunikasi","nama_perusahaan":"BINA USAHA BATULICIN","jumlah":"3"},{"sektor":"Transportasi, Gudang dan Telekomunikasi","nama_perusahaan":"BORNEO INDOBARA","jumlah":"2"},{"sektor":"Transportasi, Gudang dan Telekomunikasi","nama_perusahaan":"BUKIT MAKMUR MANDIRI UTAMA","jumlah":"1"},{"sektor":"Transportasi, Gudang dan Telekomunikasi","nama_perusahaan":"CIPTA KRIDA BAHARI","jumlah":"1"},{"sektor":"Transportasi, Gudang dan Telekomunikasi","nama_perusahaan":"CIPTA KRIDATAMA","jumlah":"1"},{"sektor":"Transportasi, Gudang dan Telekomunikasi","nama_perusahaan":"DIANTA DAYA EMBARA","jumlah":"1"},{"sektor":"Transportasi, Gudang dan Telekomunikasi","nama_perusahaan":"DUA SAMUDERA PERKASA","jumlah":"1"},{"sektor":"Transportasi, Gudang dan Telekomunikasi","nama_perusahaan":"JEMBATAN NUSANTARA","jumlah":"1"},{"sektor":"Transportasi, Gudang dan Telekomunikasi","nama_perusahaan":"JHONLIN AGRO RAYA Tbk","jumlah":"1"},{"sektor":"Transportasi, Gudang dan Telekomunikasi","nama_perusahaan":"JHONLIN MARINE LINES","jumlah":"1"},{"sektor":"Transportasi, Gudang dan Telekomunikasi","nama_perusahaan":"JHONLIN MARINE TRANS","jumlah":"2"},{"sektor":"Transportasi, Gudang dan Telekomunikasi","nama_perusahaan":"KARYA JAYA LOGISTIK","jumlah":"1"},{"sektor":"Transportasi, Gudang dan Telekomunikasi","nama_perusahaan":"KHARISMA KAISAR BATULICIN","jumlah":"3"},{"sektor":"Transportasi, Gudang dan Telekomunikasi","nama_perusahaan":"MANDIRI AMAN SEJAHTERA","jumlah":"3"},{"sektor":"Transportasi, Gudang dan Telekomunikasi","nama_perusahaan":"MANDIRI AMAN SEKAWAN","jumlah":"2"},{"sektor":"Transportasi, Gudang dan Telekomunikasi","nama_perusahaan":"MEGA UTAMA KHATULISTIWA","jumlah":"2"},{"sektor":"Transportasi, Gudang dan Telekomunikasi","nama_perusahaan":"MITRA JASA SEBAMBAN UTAMA","jumlah":"2"},{"sektor":"Transportasi, Gudang dan Telekomunikasi","nama_perusahaan":"PAGAR MULYA KARYATAMA","jumlah":"4"},{"sektor":"Transportasi, Gudang dan Telekomunikasi","nama_perusahaan":"PELABUHAN SWANGI INDAH","jumlah":"1"},{"sektor":"Transportasi, Gudang dan Telekomunikasi","nama_perusahaan":"PERUSAHAAN PERSEROAN (PERSERO) PT PELABUHAN INDONESIA DISINGKAT PT PELABUHAN INDONESIA (PERSERO)","jumlah":"1"},{"sektor":"Transportasi, Gudang dan Telekomunikasi","nama_perusahaan":"REZKI BATULICIN TRANSPORT","jumlah":"3"},{"sektor":"Transportasi, Gudang dan Telekomunikasi","nama_perusahaan":"SALAM PACIFIC INDONESIA LINES","jumlah":"1"},{"sektor":"Transportasi, Gudang dan Telekomunikasi","nama_perusahaan":"SARANA INDO PERDANA","jumlah":"2"},{"sektor":"Transportasi, Gudang dan Telekomunikasi","nama_perusahaan":"SEBAMBAN TERMINAL UMUM","jumlah":"1"},{"sektor":"Transportasi, Gudang dan Telekomunikasi","nama_perusahaan":"SERASI SHIPPING INDONESIA","jumlah":"1"},{"sektor":"Transportasi, Gudang dan Telekomunikasi","nama_perusahaan":"TIRTAKENCANA TATAWARNA","jumlah":"1"},{"sektor":"Transportasi, Gudang dan Telekomunikasi","nama_perusahaan":"WARGI SANTOSA","jumlah":"1"},{"sektor":"Transportasi, Gudang dan Telekomunikasi","nama_perusahaan":"WORLD TERMINALINDO","jumlah":"1"}],"total":435}}
DEBUG - 2025-12-15 08:55:00 --> QuarterlyChartService - Total uploads: 1
DEBUG - 2025-12-15 08:55:00 --> QuarterlyChartService - Selected year: all
DEBUG - 2025-12-15 08:55:00 --> Processing upload ID: 52, Status: completed, Year: 2025, Quarter: Q3
DEBUG - 2025-12-15 08:55:00 --> Upload ID 52 - PMA: 1653622393959.00, PMDN: 1817276331954.00
DEBUG - 2025-12-15 08:55:00 --> Added to Q3: 3470898725913 (Total now: 3470898725913)
DEBUG - 2025-12-15 08:55:00 --> Final quarterly data before conversion: {"Q1":0,"Q2":0,"Q3":3470898725913,"Q4":0}
DEBUG - 2025-12-15 08:55:00 --> QuarterlyChartService (All Years) - Total uploads: 1
DEBUG - 2025-12-15 08:55:00 --> Initialized year: 2025
DEBUG - 2025-12-15 08:55:00 --> Upload ID 52 - PMA: 1653622393959.00, PMDN: 1817276331954.00
DEBUG - 2025-12-15 08:55:00 --> Added to Q3: 3470898725913 (Total now: 3470898725913)
DEBUG - 2025-12-15 08:55:00 --> Yearly quarterly data before conversion: {"2025":{"Q1":0,"Q2":0,"Q3":3470898725913,"Q4":0}}
DEBUG - 2025-12-15 08:55:00 --> QuarterlyChartService (All Years) - Final result: {"2025":{"labels":["Q1","Q2","Q3","Q4"],"values":[0,0,3470898725913,0]}}
INFO - 2025-12-15 08:56:48 --> Session: Class initialized using 'CodeIgniter\Session\Handlers\FileHandler' driver.
INFO - 2025-12-15 08:56:50 --> Session: Class initialized using 'CodeIgniter\Session\Handlers\FileHandler' driver.
INFO - 2025-12-15 08:56:59 --> Session: Class initialized using 'CodeIgniter\Session\Handlers\FileHandler' driver.
DEBUG - 2025-12-15 08:56:59 --> ValidateMetadata called - UploadID: 53, Quarter: 1, Normalized: 1, Year: 2025
DEBUG - 2025-12-15 08:56:59 --> === DUPLICATE CHECK START ===
DEBUG - 2025-12-15 08:56:59 --> Checking duplicate: Quarter=Q1, Year=2025, ExcludeId=53
DEBUG - 2025-12-15 08:56:59 --> ❌ NO DUPLICATE - Data aman untuk diproses
DEBUG - 2025-12-15 08:56:59 --> === DUPLICATE CHECK END ===
DEBUG - 2025-12-15 08:56:59 --> Validation passed - no duplicate found
INFO - 2025-12-15 08:57:01 --> Session: Class initialized using 'CodeIgniter\Session\Handlers\FileHandler' driver.
DEBUG - 2025-12-15 08:57:01 --> === getSectorCountByCompany START ===
DEBUG - 2025-12-15 08:57:01 --> Upload ID: 53
DEBUG - 2025-12-15 08:57:01 --> PMA records found: 8
DEBUG - 2025-12-15 08:57:01 --> PMDN records found: 163
DEBUG - 2025-12-15 08:57:01 --> PMA: 8 rows, Total: 8
DEBUG - 2025-12-15 08:57:01 --> PMDN: 163 rows, Total: 314
DEBUG - 2025-12-15 08:57:01 --> === getSectorCountByCompany END ===
DEBUG - 2025-12-15 08:57:01 --> === getSectorCountByCompany START ===
DEBUG - 2025-12-15 08:57:01 --> Upload ID: 53
DEBUG - 2025-12-15 08:57:01 --> PMA records found: 8
DEBUG - 2025-12-15 08:57:01 --> PMDN records found: 163
DEBUG - 2025-12-15 08:57:01 --> PMA: 8 rows, Total: 8
DEBUG - 2025-12-15 08:57:01 --> PMDN: 163 rows, Total: 314
DEBUG - 2025-12-15 08:57:01 --> === getSectorCountByCompany END ===
DEBUG - 2025-12-15 08:57:01 --> Sector count in DashboardService: {"PMA":{"data":[{"sektor":"Industri Logam Dasar, Barang Logam, Bukan Mesin dan Peralatannya","nama_perusahaan":"ANUGERAH BAROKAH CAKRAWALA","jumlah":"1"},{"sektor":"Industri Logam Dasar, Barang Logam, Bukan Mesin dan Peralatannya","nama_perusahaan":"ANUGERAH BAROKAH ENERGI BARU","jumlah":"1"},{"sektor":"Jasa Lainnya","nama_perusahaan":"THIESS CONTRACTORS INDONESIA","jumlah":"1"},{"sektor":"Pertambangan","nama_perusahaan":"THIESS CONTRACTORS INDONESIA","jumlah":"1"},{"sektor":"Pertambangan","nama_perusahaan":"TRANSCOAL MINERGY","jumlah":"1"},{"sektor":"Pertambangan","nama_perusahaan":"YIWAN MINING","jumlah":"1"},{"sektor":"Tanaman Pangan, Perkebunan, dan Peternakan","nama_perusahaan":"SINGALAND ASETAMA","jumlah":"1"},{"sektor":"Transportasi, Gudang dan Telekomunikasi","nama_perusahaan":"ANUGERAH BAROKAH CAKRAWALA","jumlah":"1"}],"total":8},"PMDN":{"data":[{"sektor":"Hotel dan Restoran","nama_perusahaan":"ARYATAMA BANUA BIRU","jumlah":"3"},{"sektor":"Hotel dan Restoran","nama_perusahaan":"FAST FOOD INDONESIA","jumlah":"1"},{"sektor":"Hotel dan Restoran","nama_perusahaan":"PESTA PORA ABADI","jumlah":"3"},{"sektor":"Hotel dan Restoran","nama_perusahaan":"SARANA INDO PERDANA","jumlah":"1"},{"sektor":"Industri Karet dan Plastik","nama_perusahaan":"NUSANTARA BATULICIN","jumlah":"1"},{"sektor":"Industri Kendaraan Bermotor dan Alat Transportasi Lain","nama_perusahaan":"KARYA JAYA LOGISTIK","jumlah":"1"},{"sektor":"Industri Kimia Dan Farmasi","nama_perusahaan":"HAJI MAMING PELABUHAN","jumlah":"1"},{"sektor":"Industri Kimia Dan Farmasi","nama_perusahaan":"JHONLIN AGRO RAYA Tbk","jumlah":"1"},{"sektor":"Industri Kimia Dan Farmasi","nama_perusahaan":"JOH SUKSES MANDIRI MOTOR","jumlah":"1"},{"sektor":"Industri Kimia Dan Farmasi","nama_perusahaan":"SATUI BINA USAHA","jumlah":"2"},{"sektor":"Industri Lainnya","nama_perusahaan":"BUANA KARYA BHAKTI","jumlah":"1"},{"sektor":"Industri Logam Dasar, Barang Logam, Bukan Mesin dan Peralatannya","nama_perusahaan":"ANGKASA JAYA MULIA","jumlah":"1"},{"sektor":"Industri Makanan","nama_perusahaan":"ADISURYA CIPTA LESTARI","jumlah":"1"},{"sektor":"Industri Makanan","nama_perusahaan":"BUANA KARYA BHAKTI","jumlah":"2"},{"sektor":"Industri Makanan","nama_perusahaan":"BUANA KARYA NOVELTINDO","jumlah":"1"},{"sektor":"Industri Makanan","nama_perusahaan":"GAWI MAKMUR KALIMANTAN","jumlah":"1"},{"sektor":"Industri Makanan","nama_perusahaan":"JHONLIN AGRO RAYA Tbk","jumlah":"1"},{"sektor":"Industri Makanan","nama_perusahaan":"KARYA JAYA LOGISTIK","jumlah":"3"},{"sektor":"Industri Makanan","nama_perusahaan":"KODECO AGROJAYA MANDIRI","jumlah":"2"},{"sektor":"Industri Makanan","nama_perusahaan":"MANDIRI AMAN SEJAHTERA","jumlah":"2"},{"sektor":"Industri Makanan","nama_perusahaan":"SARANA INDO PERDANA","jumlah":"1"},{"sektor":"Industri Makanan","nama_perusahaan":"UDANG MARIANI ENAM SEMBILAN","jumlah":"1"},{"sektor":"Jasa Lainnya","nama_perusahaan":"ANINDYA WIRAPUTRA KONSULT","jumlah":"3"},{"sektor":"Jasa Lainnya","nama_perusahaan":"BATULICIN ENAM SEMBILAN","jumlah":"1"},{"sektor":"Jasa Lainnya","nama_perusahaan":"BATULICIN ENAM SEMBILAN PERTAMBANGAN","jumlah":"1"},{"sektor":"Jasa Lainnya","nama_perusahaan":"BINA INTI PERSADA","jumlah":"1"},{"sektor":"Jasa Lainnya","nama_perusahaan":"BUANA KARYA BHAKTI","jumlah":"1"},{"sektor":"Jasa Lainnya","nama_perusahaan":"DAYA ENERGI TEKNIK","jumlah":"2"},{"sektor":"Jasa Lainnya","nama_perusahaan":"DELTA GARDA PERSADA","jumlah":"1"},{"sektor":"Jasa Lainnya","nama_perusahaan":"MAMING ENAM SEMBILAN","jumlah":"1"},{"sektor":"Jasa Lainnya","nama_perusahaan":"NAWAKARA PERKASA NUSANTARA","jumlah":"2"},{"sektor":"Jasa Lainnya","nama_perusahaan":"SARANA INDO PERDANA","jumlah":"2"},{"sektor":"Jasa Lainnya","nama_perusahaan":"SUPRIMA MITRA ADIHUSADA","jumlah":"3"},{"sektor":"Jasa Lainnya","nama_perusahaan":"UNITED TRACTORS","jumlah":"6"},{"sektor":"Jasa Lainnya","nama_perusahaan":"WARGI SANTOSA","jumlah":"3"},{"sektor":"Kehutanan","nama_perusahaan":"BATULICIN BUMI BERSUJUD","jumlah":"2"},{"sektor":"Konstruksi","nama_perusahaan":"ANDIFA NUSA SAMUDERA","jumlah":"3"},{"sektor":"Konstruksi","nama_perusahaan":"BATULICIN BORNEO MARITIM","jumlah":"2"},{"sektor":"Konstruksi","nama_perusahaan":"KARYA TANTRA MEGA","jumlah":"2"},{"sektor":"Konstruksi","nama_perusahaan":"KRIDA CIPTA SATYA","jumlah":"3"},{"sektor":"Konstruksi","nama_perusahaan":"MANDIRI AMAN SEJAHTERA","jumlah":"2"},{"sektor":"Konstruksi","nama_perusahaan":"MITRA JASA SEBAMBAN UTAMA","jumlah":"1"},{"sektor":"Konstruksi","nama_perusahaan":"PROFESIONAL TELEKOMUNIKASI INDONESIA","jumlah":"6"},{"sektor":"Konstruksi","nama_perusahaan":"SOLUSI TUNAS PRATAMA","jumlah":"4"},{"sektor":"Konstruksi","nama_perusahaan":"TATA BUANA KARYA","jumlah":"1"},{"sektor":"Konstruksi","nama_perusahaan":"TOWER BERSAMA","jumlah":"4"},{"sektor":"Konstruksi","nama_perusahaan":"UNITED TRACTORS","jumlah":"1"},{"sektor":"Listrik, Gas dan Air","nama_perusahaan":"BINA INTI PERSADA","jumlah":"3"},{"sektor":"Listrik, Gas dan Air","nama_perusahaan":"BUMI NUSA PALAPA","jumlah":"1"},{"sektor":"Listrik, Gas dan Air","nama_perusahaan":"DUA SAMUDERA PERKASA","jumlah":"1"},{"sektor":"Listrik, Gas dan Air","nama_perusahaan":"SARANA INDO PERDANA","jumlah":"2"},{"sektor":"Listrik, Gas dan Air","nama_perusahaan":"SUMBERDAYA SEWATAMA","jumlah":"1"},{"sektor":"Perdagangan dan Reparasi","nama_perusahaan":"ADIDAYA AKBAR BERKARYA","jumlah":"1"},{"sektor":"Perdagangan dan Reparasi","nama_perusahaan":"ADISURYA CIPTA LESTARI","jumlah":"2"},{"sektor":"Perdagangan dan Reparasi","nama_perusahaan":"AMANAH PUTRA BORNEO","jumlah":"1"},{"sektor":"Perdagangan dan Reparasi","nama_perusahaan":"ANDIFA PERKASA ENERGI","jumlah":"4"},{"sektor":"Perdagangan dan Reparasi","nama_perusahaan":"ANDIFA ZAYEEN PERKASA","jumlah":"1"},{"sektor":"Perdagangan dan Reparasi","nama_perusahaan":"AXIS PRATAMA INDONESIA","jumlah":"1"},{"sektor":"Perdagangan dan Reparasi","nama_perusahaan":"BARA ASIA COALTRADE","jumlah":"1"},{"sektor":"Perdagangan dan Reparasi","nama_perusahaan":"BATULICIN AGRO SENTOSA","jumlah":"1"},{"sektor":"Perdagangan dan Reparasi","nama_perusahaan":"BATULICIN ENAM SEMBILAN PELABUHAN","jumlah":"1"},{"sektor":"Perdagangan dan Reparasi","nama_perusahaan":"BATULICIN ENAM SEMBILAN TRANSPORTASI","jumlah":"1"},{"sektor":"Perdagangan dan Reparasi","nama_perusahaan":"BAYAN RESOURCES","jumlah":"1"},{"sektor":"Perdagangan dan Reparasi","nama_perusahaan":"BINA INTI PERSADA","jumlah":"1"},{"sektor":"Perdagangan dan Reparasi","nama_perusahaan":"BINA USAHA BATULICIN","jumlah":"1"},{"sektor":"Perdagangan dan Reparasi","nama_perusahaan":"BUANA KARYA NOVELTINDO","jumlah":"1"},{"sektor":"Perdagangan dan Reparasi","nama_perusahaan":"DAYA INDAH ANDALAN","jumlah":"1"},{"sektor":"Perdagangan dan Reparasi","nama_perusahaan":"DAYA INDAH YASA","jumlah":"4"},{"sektor":"Perdagangan dan Reparasi","nama_perusahaan":"DUA KOTA LAUT","jumlah":"1"},{"sektor":"Perdagangan dan Reparasi","nama_perusahaan":"ENAM SEMBILAN NIAGA NIKEL","jumlah":"1"},{"sektor":"Perdagangan dan Reparasi","nama_perusahaan":"ENAM SEMBILAN TRADING BATUBARA","jumlah":"1"},{"sektor":"Perdagangan dan Reparasi","nama_perusahaan":"GARUDA WISNU AMERTA","jumlah":"1"},{"sektor":"Perdagangan dan Reparasi","nama_perusahaan":"GLOCHATSA TESALONIKA SENTOSA","jumlah":"1"},{"sektor":"Perdagangan dan Reparasi","nama_perusahaan":"GRAND DUTA BORNEO","jumlah":"2"},{"sektor":"Perdagangan dan Reparasi","nama_perusahaan":"INDOMARCO PRISMATAMA","jumlah":"2"},{"sektor":"Perdagangan dan Reparasi","nama_perusahaan":"JHONLIN MARINE TRANS","jumlah":"1"},{"sektor":"Perdagangan dan Reparasi","nama_perusahaan":"KALIMAS KHARISMA","jumlah":"4"},{"sektor":"Perdagangan dan Reparasi","nama_perusahaan":"KARYA JAYA LOGISTIK","jumlah":"8"},{"sektor":"Perdagangan dan Reparasi","nama_perusahaan":"KHARISMA KAISAR BATULICIN","jumlah":"2"},{"sektor":"Perdagangan dan Reparasi","nama_perusahaan":"KODECO AGROJAYA MANDIRI","jumlah":"1"},{"sektor":"Perdagangan dan Reparasi","nama_perusahaan":"MANDIRI AMAN SEJAHTERA","jumlah":"1"},{"sektor":"Perdagangan dan Reparasi","nama_perusahaan":"MITRA MEGAH PROFITAMAS","jumlah":"1"},{"sektor":"Perdagangan dan Reparasi","nama_perusahaan":"SAMATOR GAS INDUSTRI","jumlah":"1"},{"sektor":"Perdagangan dan Reparasi","nama_perusahaan":"SENTRA AGRO SUMBER RAYA","jumlah":"3"},{"sektor":"Perdagangan dan Reparasi","nama_perusahaan":"SUMBER ALFARIA TRIJAYA","jumlah":"10"},{"sektor":"Perdagangan dan Reparasi","nama_perusahaan":"SUMBER BERLIAN MOTORS","jumlah":"3"},{"sektor":"Perdagangan dan Reparasi","nama_perusahaan":"SUMBER CIPTA MULTINIAGA","jumlah":"1"},{"sektor":"Perdagangan dan Reparasi","nama_perusahaan":"TIRTAKENCANA TATAWARNA","jumlah":"5"},{"sektor":"Perdagangan dan Reparasi","nama_perusahaan":"UNITED TRACTORS","jumlah":"7"},{"sektor":"Perdagangan dan Reparasi","nama_perusahaan":"WARGI SANTOSA","jumlah":"2"},{"sektor":"Perikanan","nama_perusahaan":"UDANG MARIANI ENAM SEMBILAN","jumlah":"1"},{"sektor":"Pertambangan","nama_perusahaan":"ADIDAYA AKBAR BERKARYA","jumlah":"1"},{"sektor":"Pertambangan","nama_perusahaan":"AMANAH PUTRA BORNEO","jumlah":"1"},{"sektor":"Pertambangan","nama_perusahaan":"ANGSANA JAYA ENERGI","jumlah":"1"},{"sektor":"Pertambangan","nama_perusahaan":"ANZAWARA SATRIA","jumlah":"1"},{"sektor":"Pertambangan","nama_perusahaan":"ARUTMIN INDONESIA","jumlah":"6"},{"sektor":"Pertambangan","nama_perusahaan":"BATULICIN BORNEO MARITIM","jumlah":"2"},{"sektor":"Pertambangan","nama_perusahaan":"BATULICIN ENAM SEMBILAN PERTAMBANGAN","jumlah":"1"},{"sektor":"Pertambangan","nama_perusahaan":"BINA BATULICIN USAHA","jumlah":"1"},{"sektor":"Pertambangan","nama_perusahaan":"BORNEO INDOBARA","jumlah":"31"},{"sektor":"Pertambangan","nama_perusahaan":"BUKIT MAKMUR MANDIRI UTAMA","jumlah":"1"},{"sektor":"Pertambangan","nama_perusahaan":"CAKRAWALA LANGIT SEJAHTERA","jumlah":"1"},{"sektor":"Pertambangan","nama_perusahaan":"DARMA HENWA","jumlah":"2"},{"sektor":"Pertambangan","nama_perusahaan":"DAYA ENERGI TEKNIK","jumlah":"1"},{"sektor":"Pertambangan","nama_perusahaan":"GEMA TAMBANG NUSANTARA","jumlah":"1"},{"sektor":"Pertambangan","nama_perusahaan":"GUNUNG MAYANG STONE","jumlah":"1"},{"sektor":"Pertambangan","nama_perusahaan":"HALONG JAYA BERGETAR","jumlah":"1"},{"sektor":"Pertambangan","nama_perusahaan":"JHONLIN BARATAMA","jumlah":"1"},{"sektor":"Pertambangan","nama_perusahaan":"KRIDA CIPTA SATYA","jumlah":"1"},{"sektor":"Pertambangan","nama_perusahaan":"LINTAS FORTUNA NUSANTARA","jumlah":"1"},{"sektor":"Pertambangan","nama_perusahaan":"MITRAJAYA ABADI BERSAMA","jumlah":"1"},{"sektor":"Pertambangan","nama_perusahaan":"REZKI BATULICIN TRANSPORT","jumlah":"1"},{"sektor":"Pertambangan","nama_perusahaan":"SATUI BINA USAHA","jumlah":"2"},{"sektor":"Pertambangan","nama_perusahaan":"SILIKA MITRA PERKASA","jumlah":"1"},{"sektor":"Pertambangan","nama_perusahaan":"SUNGAI DANAU JAYA","jumlah":"2"},{"sektor":"Pertambangan","nama_perusahaan":"TANAH BUMBU RESOURCES","jumlah":"1"},{"sektor":"Pertambangan","nama_perusahaan":"TIMUR SATRIA PERKASA","jumlah":"1"},{"sektor":"Pertambangan","nama_perusahaan":"TUNAS INTI ABADI","jumlah":"1"},{"sektor":"Pertambangan","nama_perusahaan":"USAHA BARATAMA JESINDO","jumlah":"1"},{"sektor":"Pertambangan","nama_perusahaan":"WAHANA BARATAMA MINING","jumlah":"1"},{"sektor":"Perumahan, Kawasan Industri dan Perkantoran","nama_perusahaan":"DUA SAMUDERA PERKASA","jumlah":"1"},{"sektor":"Perumahan, Kawasan Industri dan Perkantoran","nama_perusahaan":"PELAYARAN BAHTERA ADHIGUNA","jumlah":"1"},{"sektor":"Perumahan, Kawasan Industri dan Perkantoran","nama_perusahaan":"SAPTAINDRA SEJATI","jumlah":"1"},{"sektor":"Perumahan, Kawasan Industri dan Perkantoran","nama_perusahaan":"UNITED TRACTORS","jumlah":"1"},{"sektor":"Tanaman Pangan, Perkebunan, dan Peternakan","nama_perusahaan":"ADISURYA CIPTA LESTARI","jumlah":"1"},{"sektor":"Tanaman Pangan, Perkebunan, dan Peternakan","nama_perusahaan":"BORNEO PALM PLANTATION","jumlah":"2"},{"sektor":"Tanaman Pangan, Perkebunan, dan Peternakan","nama_perusahaan":"BUANA KARYA BHAKTI","jumlah":"1"},{"sektor":"Tanaman Pangan, Perkebunan, dan Peternakan","nama_perusahaan":"FASS FOREST DEVELOPMENT","jumlah":"1"},{"sektor":"Tanaman Pangan, Perkebunan, dan Peternakan","nama_perusahaan":"JHONLIN AGRO LESTARI","jumlah":"1"},{"sektor":"Tanaman Pangan, Perkebunan, dan Peternakan","nama_perusahaan":"KODECO AGROJAYA MANDIRI","jumlah":"1"},{"sektor":"Tanaman Pangan, Perkebunan, dan Peternakan","nama_perusahaan":"MANDIRI AMAN SEJAHTERA","jumlah":"4"},{"sektor":"Tanaman Pangan, Perkebunan, dan Peternakan","nama_perusahaan":"PERKEBUNAN NUSANTARA IV","jumlah":"1"},{"sektor":"Transportasi, Gudang dan Telekomunikasi","nama_perusahaan":"ANDIFA NUSA SAMUDERA","jumlah":"2"},{"sektor":"Transportasi, Gudang dan Telekomunikasi","nama_perusahaan":"ARUTMIN INDONESIA","jumlah":"2"},{"sektor":"Transportasi, Gudang dan Telekomunikasi","nama_perusahaan":"ASDP INDONESIA FERRY","jumlah":"2"},{"sektor":"Transportasi, Gudang dan Telekomunikasi","nama_perusahaan":"AXIS PRATAMA INDONESIA","jumlah":"3"},{"sektor":"Transportasi, Gudang dan Telekomunikasi","nama_perusahaan":"BANDAR INDO RAYA","jumlah":"1"},{"sektor":"Transportasi, Gudang dan Telekomunikasi","nama_perusahaan":"BAROKAH DEPUTRA NUSANTARA","jumlah":"1"},{"sektor":"Transportasi, Gudang dan Telekomunikasi","nama_perusahaan":"BATULICIN NUSANTARA MARITIM","jumlah":"1"},{"sektor":"Transportasi, Gudang dan Telekomunikasi","nama_perusahaan":"BAYAN RESOURCES","jumlah":"1"},{"sektor":"Transportasi, Gudang dan Telekomunikasi","nama_perusahaan":"BINA INDO RAYA","jumlah":"1"},{"sektor":"Transportasi, Gudang dan Telekomunikasi","nama_perusahaan":"BINA INTI PERSADA","jumlah":"3"},{"sektor":"Transportasi, Gudang dan Telekomunikasi","nama_perusahaan":"BINA KARYA PUTRA BATULICIN","jumlah":"1"},{"sektor":"Transportasi, Gudang dan Telekomunikasi","nama_perusahaan":"BINA USAHA BATULICIN","jumlah":"3"},{"sektor":"Transportasi, Gudang dan Telekomunikasi","nama_perusahaan":"BORNEO INDOBARA","jumlah":"2"},{"sektor":"Transportasi, Gudang dan Telekomunikasi","nama_perusahaan":"BUKIT MAKMUR MANDIRI UTAMA","jumlah":"1"},{"sektor":"Transportasi, Gudang dan Telekomunikasi","nama_perusahaan":"CIPTA KRIDA BAHARI","jumlah":"1"},{"sektor":"Transportasi, Gudang dan Telekomunikasi","nama_perusahaan":"DIANTA DAYA EMBARA","jumlah":"1"},{"sektor":"Transportasi, Gudang dan Telekomunikasi","nama_perusahaan":"DUA SAMUDERA PERKASA","jumlah":"1"},{"sektor":"Transportasi, Gudang dan Telekomunikasi","nama_perusahaan":"JEMBATAN NUSANTARA","jumlah":"1"},{"sektor":"Transportasi, Gudang dan Telekomunikasi","nama_perusahaan":"JHONLIN AGRO RAYA Tbk","jumlah":"1"},{"sektor":"Transportasi, Gudang dan Telekomunikasi","nama_perusahaan":"JHONLIN MARINE LINES","jumlah":"1"},{"sektor":"Transportasi, Gudang dan Telekomunikasi","nama_perusahaan":"JHONLIN MARINE TRANS","jumlah":"2"},{"sektor":"Transportasi, Gudang dan Telekomunikasi","nama_perusahaan":"KARYA JAYA LOGISTIK","jumlah":"1"},{"sektor":"Transportasi, Gudang dan Telekomunikasi","nama_perusahaan":"KHARISMA KAISAR BATULICIN","jumlah":"3"},{"sektor":"Transportasi, Gudang dan Telekomunikasi","nama_perusahaan":"MANDIRI AMAN SEJAHTERA","jumlah":"1"},{"sektor":"Transportasi, Gudang dan Telekomunikasi","nama_perusahaan":"MEGA UTAMA KHATULISTIWA","jumlah":"2"},{"sektor":"Transportasi, Gudang dan Telekomunikasi","nama_perusahaan":"MITRA JASA SEBAMBAN UTAMA","jumlah":"2"},{"sektor":"Transportasi, Gudang dan Telekomunikasi","nama_perusahaan":"REZKI BATULICIN TRANSPORT","jumlah":"3"},{"sektor":"Transportasi, Gudang dan Telekomunikasi","nama_perusahaan":"SARANA INDO PERDANA","jumlah":"2"},{"sektor":"Transportasi, Gudang dan Telekomunikasi","nama_perusahaan":"TIRTAKENCANA TATAWARNA","jumlah":"1"},{"sektor":"Transportasi, Gudang dan Telekomunikasi","nama_perusahaan":"WARGI SANTOSA","jumlah":"1"},{"sektor":"Transportasi, Gudang dan Telekomunikasi","nama_perusahaan":"WORLD TERMINALINDO","jumlah":"1"}],"total":314}}
DEBUG - 2025-12-15 08:57:01 --> QuarterlyChartService - Total uploads: 2
DEBUG - 2025-12-15 08:57:01 --> QuarterlyChartService - Selected year: all
DEBUG - 2025-12-15 08:57:01 --> Processing upload ID: 53, Status: completed, Year: 2025, Quarter: Q1
DEBUG - 2025-12-15 08:57:01 --> Upload ID 53 - PMA: 1653622393959.00, PMDN: 1369327572783.00
DEBUG - 2025-12-15 08:57:01 --> Added to Q1: 3022949966742 (Total now: 3022949966742)
DEBUG - 2025-12-15 08:57:01 --> Processing upload ID: 52, Status: completed, Year: 2025, Quarter: Q3
DEBUG - 2025-12-15 08:57:01 --> Upload ID 52 - PMA: 1653622393959.00, PMDN: 1817276331954.00
DEBUG - 2025-12-15 08:57:01 --> Added to Q3: 3470898725913 (Total now: 3470898725913)
DEBUG - 2025-12-15 08:57:01 --> Final quarterly data before conversion: {"Q1":3022949966742,"Q2":0,"Q3":3470898725913,"Q4":0}
DEBUG - 2025-12-15 08:57:01 --> QuarterlyChartService (All Years) - Total uploads: 2
DEBUG - 2025-12-15 08:57:01 --> Initialized year: 2025
DEBUG - 2025-12-15 08:57:01 --> Upload ID 53 - PMA: 1653622393959.00, PMDN: 1369327572783.00
DEBUG - 2025-12-15 08:57:01 --> Added to Q1: 3022949966742 (Total now: 3022949966742)
DEBUG - 2025-12-15 08:57:01 --> Upload ID 52 - PMA: 1653622393959.00, PMDN: 1817276331954.00
DEBUG - 2025-12-15 08:57:01 --> Added to Q3: 3470898725913 (Total now: 3470898725913)
DEBUG - 2025-12-15 08:57:01 --> Yearly quarterly data before conversion: {"2025":{"Q1":3022949966742,"Q2":0,"Q3":3470898725913,"Q4":0}}
DEBUG - 2025-12-15 08:57:01 --> QuarterlyChartService (All Years) - Final result: {"2025":{"labels":["Q1","Q2","Q3","Q4"],"values":[3022949966742,0,3470898725913,0]}}
INFO - 2025-12-15 08:57:16 --> Session: Class initialized using 'CodeIgniter\Session\Handlers\FileHandler' driver.
INFO - 2025-12-15 08:57:16 --> Session: Class initialized using 'CodeIgniter\Session\Handlers\FileHandler' driver.
DEBUG - 2025-12-15 08:57:16 --> === getSectorCountByCompany START ===
DEBUG - 2025-12-15 08:57:16 --> Upload ID: 52
DEBUG - 2025-12-15 08:57:16 --> PMA records found: 15
DEBUG - 2025-12-15 08:57:16 --> PMDN records found: 186
DEBUG - 2025-12-15 08:57:16 --> PMA: 15 rows, Total: 20
DEBUG - 2025-12-15 08:57:16 --> PMDN: 186 rows, Total: 435
DEBUG - 2025-12-15 08:57:16 --> === getSectorCountByCompany END ===
DEBUG - 2025-12-15 08:57:16 --> === getSectorCountByCompany START ===
DEBUG - 2025-12-15 08:57:16 --> Upload ID: 52
DEBUG - 2025-12-15 08:57:16 --> PMA records found: 15
DEBUG - 2025-12-15 08:57:16 --> PMDN records found: 186
DEBUG - 2025-12-15 08:57:16 --> PMA: 15 rows, Total: 20
DEBUG - 2025-12-15 08:57:16 --> PMDN: 186 rows, Total: 435
DEBUG - 2025-12-15 08:57:16 --> === getSectorCountByCompany END ===
DEBUG - 2025-12-15 08:57:16 --> Sector count in DashboardService: {"PMA":{"data":[{"sektor":"Hotel dan Restoran","nama_perusahaan":"CAHAYA ANUGRAH SARANA CATERING","jumlah":"2"},{"sektor":"Industri Lainnya","nama_perusahaan":"ANUGERAH BAROKAH CAKRAWALA","jumlah":"1"},{"sektor":"Industri Logam Dasar, Barang Logam, Bukan Mesin dan Peralatannya","nama_perusahaan":"ANUGERAH BAROKAH CAKRAWALA","jumlah":"3"},{"sektor":"Industri Logam Dasar, Barang Logam, Bukan Mesin dan Peralatannya","nama_perusahaan":"ANUGERAH BAROKAH ENERGI BARU","jumlah":"1"},{"sektor":"Jasa Lainnya","nama_perusahaan":"THIESS CONTRACTORS INDONESIA","jumlah":"1"},{"sektor":"Listrik, Gas dan Air","nama_perusahaan":"ANUGERAH BAROKAH CAKRAWALA","jumlah":"1"},{"sektor":"Perdagangan dan Reparasi","nama_perusahaan":"VKS DRILLTEK INDO","jumlah":"1"},{"sektor":"Pertambangan","nama_perusahaan":"MITRA SETIA TANAH BUMBU","jumlah":"1"},{"sektor":"Pertambangan","nama_perusahaan":"THIESS CONTRACTORS INDONESIA","jumlah":"1"},{"sektor":"Pertambangan","nama_perusahaan":"TOUDANO MANDIRI ABADI","jumlah":"1"},{"sektor":"Pertambangan","nama_perusahaan":"TRANSCOAL MINERGY","jumlah":"3"},{"sektor":"Pertambangan","nama_perusahaan":"YIWAN MINING","jumlah":"1"},{"sektor":"Tanaman Pangan, Perkebunan, dan Peternakan","nama_perusahaan":"JAYA MANDIRI SUKSES","jumlah":"1"},{"sektor":"Tanaman Pangan, Perkebunan, dan Peternakan","nama_perusahaan":"SINGALAND ASETAMA","jumlah":"1"},{"sektor":"Transportasi, Gudang dan Telekomunikasi","nama_perusahaan":"ANUGERAH BAROKAH CAKRAWALA","jumlah":"1"}],"total":20},"PMDN":{"data":[{"sektor":"Hotel dan Restoran","nama_perusahaan":"ARYATAMA BANUA BIRU","jumlah":"3"},{"sektor":"Hotel dan Restoran","nama_perusahaan":"FAST FOOD INDONESIA","jumlah":"1"},{"sektor":"Hotel dan Restoran","nama_perusahaan":"PESTA PORA ABADI","jumlah":"3"},{"sektor":"Hotel dan Restoran","nama_perusahaan":"RICHEESE KULINER INDONESIA","jumlah":"1"},{"sektor":"Hotel dan Restoran","nama_perusahaan":"SARANA INDO PERDANA","jumlah":"1"},{"sektor":"Industri  Mesin, Elektronik, Instrumen Kedokteran, Peralatan Listrik, Presisi, Optik dan Jam","nama_perusahaan":"SANGGAR SARANA BAJA","jumlah":"1"},{"sektor":"Industri Karet dan Plastik","nama_perusahaan":"NUSANTARA BATULICIN","jumlah":"1"},{"sektor":"Industri Kendaraan Bermotor dan Alat Transportasi Lain","nama_perusahaan":"KARYA JAYA LOGISTIK","jumlah":"1"},{"sektor":"Industri Kimia Dan Farmasi","nama_perusahaan":"HAJI MAMING PELABUHAN","jumlah":"1"},{"sektor":"Industri Kimia Dan Farmasi","nama_perusahaan":"JHONLIN AGRO RAYA Tbk","jumlah":"1"},{"sektor":"Industri Kimia Dan Farmasi","nama_perusahaan":"JOH SUKSES MANDIRI MOTOR","jumlah":"1"},{"sektor":"Industri Kimia Dan Farmasi","nama_perusahaan":"SATUI BINA USAHA","jumlah":"2"},{"sektor":"Industri Lainnya","nama_perusahaan":"BUANA KARYA BHAKTI","jumlah":"1"},{"sektor":"Industri Logam Dasar, Barang Logam, Bukan Mesin dan Peralatannya","nama_perusahaan":"ANGKASA JAYA MULIA","jumlah":"1"},{"sektor":"Industri Makanan","nama_perusahaan":"ADISURYA CIPTA LESTARI","jumlah":"1"},{"sektor":"Industri Makanan","nama_perusahaan":"BUANA KARYA BHAKTI","jumlah":"2"},{"sektor":"Industri Makanan","nama_perusahaan":"BUANA KARYA NOVELTINDO","jumlah":"1"},{"sektor":"Industri Makanan","nama_perusahaan":"GAWI MAKMUR KALIMANTAN","jumlah":"1"},{"sektor":"Industri Makanan","nama_perusahaan":"JHONLIN AGRO RAYA Tbk","jumlah":"1"},{"sektor":"Industri Makanan","nama_perusahaan":"KARYA JAYA LOGISTIK","jumlah":"3"},{"sektor":"Industri Makanan","nama_perusahaan":"KODECO AGROJAYA MANDIRI","jumlah":"2"},{"sektor":"Industri Makanan","nama_perusahaan":"MANDIRI AMAN SEJAHTERA","jumlah":"2"},{"sektor":"Industri Makanan","nama_perusahaan":"MANDIRI AMAN SEKAWAN","jumlah":"1"},{"sektor":"Industri Makanan","nama_perusahaan":"SARANA INDO PERDANA","jumlah":"1"},{"sektor":"Industri Makanan","nama_perusahaan":"UDANG MARIANI ENAM SEMBILAN","jumlah":"1"},{"sektor":"Jasa Lainnya","nama_perusahaan":"ANINDYA WIRAPUTRA KONSULT","jumlah":"3"},{"sektor":"Jasa Lainnya","nama_perusahaan":"BATULICIN ENAM SEMBILAN","jumlah":"1"},{"sektor":"Jasa Lainnya","nama_perusahaan":"BATULICIN ENAM SEMBILAN PERTAMBANGAN","jumlah":"1"},{"sektor":"Jasa Lainnya","nama_perusahaan":"BINA INTI PERSADA","jumlah":"1"},{"sektor":"Jasa Lainnya","nama_perusahaan":"BUANA KARYA BHAKTI","jumlah":"1"},{"sektor":"Jasa Lainnya","nama_perusahaan":"DAYA ENERGI TEKNIK","jumlah":"2"},{"sektor":"Jasa Lainnya","nama_perusahaan":"DELTA GARDA PERSADA","jumlah":"1"},{"sektor":"Jasa Lainnya","nama_perusahaan":"MAMING ENAM SEMBILAN","jumlah":"1"},{"sektor":"Jasa Lainnya","nama_perusahaan":"MANDIRI AMAN SEKAWAN","jumlah":"5"},{"sektor":"Jasa Lainnya","nama_perusahaan":"NAWAKARA PERKASA NUSANTARA","jumlah":"2"},{"sektor":"Jasa Lainnya","nama_perusahaan":"PUTRA PERKASA ABADI","jumlah":"1"},{"sektor":"Jasa Lainnya","nama_perusahaan":"SARANA INDO PERDANA","jumlah":"2"},{"sektor":"Jasa Lainnya","nama_perusahaan":"SUPRIMA MITRA ADIHUSADA","jumlah":"3"},{"sektor":"Jasa Lainnya","nama_perusahaan":"UNITED TRACTORS","jumlah":"6"},{"sektor":"Jasa Lainnya","nama_perusahaan":"WARGI SANTOSA","jumlah":"3"},{"sektor":"Kehutanan","nama_perusahaan":"BATULICIN BUMI BERSUJUD","jumlah":"2"},{"sektor":"Konstruksi","nama_perusahaan":"ANDIFA NUSA SAMUDERA","jumlah":"3"},{"sektor":"Konstruksi","nama_perusahaan":"BATULICIN BORNEO MARITIM","jumlah":"2"},{"sektor":"Konstruksi","nama_perusahaan":"KARYA TANTRA MEGA","jumlah":"2"},{"sektor":"Konstruksi","nama_perusahaan":"KRIDA CIPTA SATYA","jumlah":"3"},{"sektor":"Konstruksi","nama_perusahaan":"MANDIRI AMAN SEJAHTERA","jumlah":"20"},{"sektor":"Konstruksi","nama_perusahaan":"MANDIRI AMAN SEKAWAN","jumlah":"19"},{"sektor":"Konstruksi","nama_perusahaan":"MITRA JASA SEBAMBAN UTAMA","jumlah":"1"},{"sektor":"Konstruksi","nama_perusahaan":"PROFESIONAL TELEKOMUNIKASI INDONESIA","jumlah":"8"},{"sektor":"Konstruksi","nama_perusahaan":"SOLUSI TUNAS PRATAMA","jumlah":"7"},{"sektor":"Konstruksi","nama_perusahaan":"TATA BUANA KARYA","jumlah":"1"},{"sektor":"Konstruksi","nama_perusahaan":"TOWER BERSAMA","jumlah":"5"},{"sektor":"Konstruksi","nama_perusahaan":"UNITED TRACTORS","jumlah":"1"},{"sektor":"Listrik, Gas dan Air","nama_perusahaan":"BINA INTI PERSADA","jumlah":"3"},{"sektor":"Listrik, Gas dan Air","nama_perusahaan":"BUMI NUSA PALAPA","jumlah":"1"},{"sektor":"Listrik, Gas dan Air","nama_perusahaan":"DUA SAMUDERA PERKASA","jumlah":"1"},{"sektor":"Listrik, Gas dan Air","nama_perusahaan":"SARANA INDO PERDANA","jumlah":"2"},{"sektor":"Listrik, Gas dan Air","nama_perusahaan":"SUMBERDAYA SEWATAMA","jumlah":"1"},{"sektor":"Perdagangan dan Reparasi","nama_perusahaan":"ADIDAYA AKBAR BERKARYA","jumlah":"1"},{"sektor":"Perdagangan dan Reparasi","nama_perusahaan":"ADISURYA CIPTA LESTARI","jumlah":"2"},{"sektor":"Perdagangan dan Reparasi","nama_perusahaan":"AMANAH PUTRA BORNEO","jumlah":"1"},{"sektor":"Perdagangan dan Reparasi","nama_perusahaan":"ANDIFA PERKASA ENERGI","jumlah":"4"},{"sektor":"Perdagangan dan Reparasi","nama_perusahaan":"ANDIFA ZAYEEN PERKASA","jumlah":"1"},{"sektor":"Perdagangan dan Reparasi","nama_perusahaan":"AXIS PRATAMA INDONESIA","jumlah":"1"},{"sektor":"Perdagangan dan Reparasi","nama_perusahaan":"BARA ASIA COALTRADE","jumlah":"1"},{"sektor":"Perdagangan dan Reparasi","nama_perusahaan":"BATULICIN AGRO SENTOSA","jumlah":"1"},{"sektor":"Perdagangan dan Reparasi","nama_perusahaan":"BATULICIN ENAM SEMBILAN PELABUHAN","jumlah":"1"},{"sektor":"Perdagangan dan Reparasi","nama_perusahaan":"BATULICIN ENAM SEMBILAN TRANSPORTASI","jumlah":"1"},{"sektor":"Perdagangan dan Reparasi","nama_perusahaan":"BAYAN RESOURCES","jumlah":"1"},{"sektor":"Perdagangan dan Reparasi","nama_perusahaan":"BINA INTI PERSADA","jumlah":"1"},{"sektor":"Perdagangan dan Reparasi","nama_perusahaan":"BINA USAHA BATULICIN","jumlah":"1"},{"sektor":"Perdagangan dan Reparasi","nama_perusahaan":"BUANA KARYA NOVELTINDO","jumlah":"1"},{"sektor":"Perdagangan dan Reparasi","nama_perusahaan":"DAYA INDAH ANDALAN","jumlah":"1"},{"sektor":"Perdagangan dan Reparasi","nama_perusahaan":"DAYA INDAH YASA","jumlah":"4"},{"sektor":"Perdagangan dan Reparasi","nama_perusahaan":"DUA KOTA LAUT","jumlah":"1"},{"sektor":"Perdagangan dan Reparasi","nama_perusahaan":"ENAM SEMBILAN NIAGA NIKEL","jumlah":"1"},{"sektor":"Perdagangan dan Reparasi","nama_perusahaan":"ENAM SEMBILAN TRADING BATUBARA","jumlah":"1"},{"sektor":"Perdagangan dan Reparasi","nama_perusahaan":"GARUDA WISNU AMERTA","jumlah":"1"},{"sektor":"Perdagangan dan Reparasi","nama_perusahaan":"GLOCHATSA TESALONIKA SENTOSA","jumlah":"1"},{"sektor":"Perdagangan dan Reparasi","nama_perusahaan":"GRAND DUTA BORNEO","jumlah":"2"},{"sektor":"Perdagangan dan Reparasi","nama_perusahaan":"INDOMARCO PRISMATAMA","jumlah":"2"},{"sektor":"Perdagangan dan Reparasi","nama_perusahaan":"JHONLIN MARINE TRANS","jumlah":"1"},{"sektor":"Perdagangan dan Reparasi","nama_perusahaan":"KALIMAS KHARISMA","jumlah":"4"},{"sektor":"Perdagangan dan Reparasi","nama_perusahaan":"KARYA JAYA LOGISTIK","jumlah":"8"},{"sektor":"Perdagangan dan Reparasi","nama_perusahaan":"KHARISMA KAISAR BATULICIN","jumlah":"2"},{"sektor":"Perdagangan dan Reparasi","nama_perusahaan":"KODECO AGROJAYA MANDIRI","jumlah":"1"},{"sektor":"Perdagangan dan Reparasi","nama_perusahaan":"MANDIRI AMAN SEJAHTERA","jumlah":"12"},{"sektor":"Perdagangan dan Reparasi","nama_perusahaan":"MANDIRI AMAN SEKAWAN","jumlah":"7"},{"sektor":"Perdagangan dan Reparasi","nama_perusahaan":"MITRA MEGAH PROFITAMAS","jumlah":"1"},{"sektor":"Perdagangan dan Reparasi","nama_perusahaan":"PUTRA PERKASA ABADI","jumlah":"1"},{"sektor":"Perdagangan dan Reparasi","nama_perusahaan":"SAMATOR GAS INDUSTRI","jumlah":"1"},{"sektor":"Perdagangan dan Reparasi","nama_perusahaan":"SEBAMBAN TERMINAL UMUM","jumlah":"1"},{"sektor":"Perdagangan dan Reparasi","nama_perusahaan":"SENTRA AGRO SUMBER RAYA","jumlah":"3"},{"sektor":"Perdagangan dan Reparasi","nama_perusahaan":"SINARNIAGA SEJAHTERA","jumlah":"1"},{"sektor":"Perdagangan dan Reparasi","nama_perusahaan":"SUMBER ALFARIA TRIJAYA","jumlah":"19"},{"sektor":"Perdagangan dan Reparasi","nama_perusahaan":"SUMBER BERLIAN MOTORS","jumlah":"6"},{"sektor":"Perdagangan dan Reparasi","nama_perusahaan":"SUMBER CIPTA MULTINIAGA","jumlah":"1"},{"sektor":"Perdagangan dan Reparasi","nama_perusahaan":"TIRTAKENCANA TATAWARNA","jumlah":"5"},{"sektor":"Perdagangan dan Reparasi","nama_perusahaan":"UNITED TRACTORS","jumlah":"7"},{"sektor":"Perdagangan dan Reparasi","nama_perusahaan":"WARGI SANTOSA","jumlah":"2"},{"sektor":"Perikanan","nama_perusahaan":"UDANG MARIANI ENAM SEMBILAN","jumlah":"1"},{"sektor":"Pertambangan","nama_perusahaan":"ADIDAYA AKBAR BERKARYA","jumlah":"1"},{"sektor":"Pertambangan","nama_perusahaan":"AMANAH PUTRA BORNEO","jumlah":"1"},{"sektor":"Pertambangan","nama_perusahaan":"ANGSANA JAYA ENERGI","jumlah":"1"},{"sektor":"Pertambangan","nama_perusahaan":"ANZAWARA SATRIA","jumlah":"1"},{"sektor":"Pertambangan","nama_perusahaan":"ARUTMIN INDONESIA","jumlah":"6"},{"sektor":"Pertambangan","nama_perusahaan":"BATULICIN BORNEO MARITIM","jumlah":"2"},{"sektor":"Pertambangan","nama_perusahaan":"BATULICIN ENAM SEMBILAN PERTAMBANGAN","jumlah":"1"},{"sektor":"Pertambangan","nama_perusahaan":"BINA BATULICIN USAHA","jumlah":"1"},{"sektor":"Pertambangan","nama_perusahaan":"BORNEO INDOBARA","jumlah":"31"},{"sektor":"Pertambangan","nama_perusahaan":"BORNEO MITRA BARATAMA","jumlah":"1"},{"sektor":"Pertambangan","nama_perusahaan":"BUKIT MAKMUR MANDIRI UTAMA","jumlah":"1"},{"sektor":"Pertambangan","nama_perusahaan":"CAKRAWALA LANGIT SEJAHTERA","jumlah":"1"},{"sektor":"Pertambangan","nama_perusahaan":"CIPTA KRIDATAMA","jumlah":"2"},{"sektor":"Pertambangan","nama_perusahaan":"DARMA HENWA","jumlah":"2"},{"sektor":"Pertambangan","nama_perusahaan":"DAYA ENERGI TEKNIK","jumlah":"1"},{"sektor":"Pertambangan","nama_perusahaan":"GEMA TAMBANG NUSANTARA","jumlah":"1"},{"sektor":"Pertambangan","nama_perusahaan":"GUNUNG MAYANG STONE","jumlah":"1"},{"sektor":"Pertambangan","nama_perusahaan":"HALONG JAYA BERGETAR","jumlah":"1"},{"sektor":"Pertambangan","nama_perusahaan":"JHONLIN BARATAMA","jumlah":"1"},{"sektor":"Pertambangan","nama_perusahaan":"KRIDA CIPTA SATYA","jumlah":"1"},{"sektor":"Pertambangan","nama_perusahaan":"LINTAS FORTUNA NUSANTARA","jumlah":"1"},{"sektor":"Pertambangan","nama_perusahaan":"MITRAJAYA ABADI BERSAMA","jumlah":"1"},{"sektor":"Pertambangan","nama_perusahaan":"REZKI BATULICIN TRANSPORT","jumlah":"1"},{"sektor":"Pertambangan","nama_perusahaan":"SATUI BINA USAHA","jumlah":"2"},{"sektor":"Pertambangan","nama_perusahaan":"SEIA MITRA MANDIRI","jumlah":"1"},{"sektor":"Pertambangan","nama_perusahaan":"SILIKA MITRA PERKASA","jumlah":"1"},{"sektor":"Pertambangan","nama_perusahaan":"SUNGAI DANAU JAYA","jumlah":"2"},{"sektor":"Pertambangan","nama_perusahaan":"TANAH BUMBU RESOURCES","jumlah":"1"},{"sektor":"Pertambangan","nama_perusahaan":"TIMUR SATRIA PERKASA","jumlah":"1"},{"sektor":"Pertambangan","nama_perusahaan":"TUNAS INTI ABADI","jumlah":"1"},{"sektor":"Pertambangan","nama_perusahaan":"USAHA BARATAMA JESINDO","jumlah":"1"},{"sektor":"Pertambangan","nama_perusahaan":"WAHANA BARATAMA MINING","jumlah":"1"},{"sektor":"Perumahan, Kawasan Industri dan Perkantoran","nama_perusahaan":"DUA SAMUDERA PERKASA","jumlah":"1"},{"sektor":"Perumahan, Kawasan Industri dan Perkantoran","nama_perusahaan":"MANDIRI AMAN SEJAHTERA","jumlah":"2"},{"sektor":"Perumahan, Kawasan Industri dan Perkantoran","nama_perusahaan":"PELAYARAN BAHTERA ADHIGUNA","jumlah":"1"},{"sektor":"Perumahan, Kawasan Industri dan Perkantoran","nama_perusahaan":"SAPTAINDRA SEJATI","jumlah":"1"},{"sektor":"Perumahan, Kawasan Industri dan Perkantoran","nama_perusahaan":"UNITED TRACTORS","jumlah":"1"},{"sektor":"Tanaman Pangan, Perkebunan, dan Peternakan","nama_perusahaan":"ADISURYA CIPTA LESTARI","jumlah":"1"},{"sektor":"Tanaman Pangan, Perkebunan, dan Peternakan","nama_perusahaan":"BORNEO PALM PLANTATION","jumlah":"2"},{"sektor":"Tanaman Pangan, Perkebunan, dan Peternakan","nama_perusahaan":"BUANA KARYA BHAKTI","jumlah":"1"},{"sektor":"Tanaman Pangan, Perkebunan, dan Peternakan","nama_perusahaan":"FASS FOREST DEVELOPMENT","jumlah":"1"},{"sektor":"Tanaman Pangan, Perkebunan, dan Peternakan","nama_perusahaan":"JHONLIN AGRO LESTARI","jumlah":"1"},{"sektor":"Tanaman Pangan, Perkebunan, dan Peternakan","nama_perusahaan":"KODECO AGROJAYA MANDIRI","jumlah":"1"},{"sektor":"Tanaman Pangan, Perkebunan, dan Peternakan","nama_perusahaan":"MANDIRI AMAN SEJAHTERA","jumlah":"14"},{"sektor":"Tanaman Pangan, Perkebunan, dan Peternakan","nama_perusahaan":"MANDIRI AMAN SEKAWAN","jumlah":"6"},{"sektor":"Tanaman Pangan, Perkebunan, dan Peternakan","nama_perusahaan":"PERKEBUNAN NUSANTARA IV","jumlah":"1"},{"sektor":"Transportasi, Gudang dan Telekomunikasi","nama_perusahaan":"ANDIFA NUSA SAMUDERA","jumlah":"2"},{"sektor":"Transportasi, Gudang dan Telekomunikasi","nama_perusahaan":"ARUTMIN INDONESIA","jumlah":"2"},{"sektor":"Transportasi, Gudang dan Telekomunikasi","nama_perusahaan":"ASDP INDONESIA FERRY","jumlah":"2"},{"sektor":"Transportasi, Gudang dan Telekomunikasi","nama_perusahaan":"AXIS PRATAMA INDONESIA","jumlah":"3"},{"sektor":"Transportasi, Gudang dan Telekomunikasi","nama_perusahaan":"BANDAR INDO RAYA","jumlah":"1"},{"sektor":"Transportasi, Gudang dan Telekomunikasi","nama_perusahaan":"BAROKAH DEPUTRA NUSANTARA","jumlah":"1"},{"sektor":"Transportasi, Gudang dan Telekomunikasi","nama_perusahaan":"BATULICIN NUSANTARA MARITIM","jumlah":"1"},{"sektor":"Transportasi, Gudang dan Telekomunikasi","nama_perusahaan":"BAYAN RESOURCES","jumlah":"1"},{"sektor":"Transportasi, Gudang dan Telekomunikasi","nama_perusahaan":"BINA INDO RAYA","jumlah":"1"},{"sektor":"Transportasi, Gudang dan Telekomunikasi","nama_perusahaan":"BINA INTI PERSADA","jumlah":"3"},{"sektor":"Transportasi, Gudang dan Telekomunikasi","nama_perusahaan":"BINA KARYA PUTRA BATULICIN","jumlah":"1"},{"sektor":"Transportasi, Gudang dan Telekomunikasi","nama_perusahaan":"BINA USAHA BATULICIN","jumlah":"3"},{"sektor":"Transportasi, Gudang dan Telekomunikasi","nama_perusahaan":"BORNEO INDOBARA","jumlah":"2"},{"sektor":"Transportasi, Gudang dan Telekomunikasi","nama_perusahaan":"BUKIT MAKMUR MANDIRI UTAMA","jumlah":"1"},{"sektor":"Transportasi, Gudang dan Telekomunikasi","nama_perusahaan":"CIPTA KRIDA BAHARI","jumlah":"1"},{"sektor":"Transportasi, Gudang dan Telekomunikasi","nama_perusahaan":"CIPTA KRIDATAMA","jumlah":"1"},{"sektor":"Transportasi, Gudang dan Telekomunikasi","nama_perusahaan":"DIANTA DAYA EMBARA","jumlah":"1"},{"sektor":"Transportasi, Gudang dan Telekomunikasi","nama_perusahaan":"DUA SAMUDERA PERKASA","jumlah":"1"},{"sektor":"Transportasi, Gudang dan Telekomunikasi","nama_perusahaan":"JEMBATAN NUSANTARA","jumlah":"1"},{"sektor":"Transportasi, Gudang dan Telekomunikasi","nama_perusahaan":"JHONLIN AGRO RAYA Tbk","jumlah":"1"},{"sektor":"Transportasi, Gudang dan Telekomunikasi","nama_perusahaan":"JHONLIN MARINE LINES","jumlah":"1"},{"sektor":"Transportasi, Gudang dan Telekomunikasi","nama_perusahaan":"JHONLIN MARINE TRANS","jumlah":"2"},{"sektor":"Transportasi, Gudang dan Telekomunikasi","nama_perusahaan":"KARYA JAYA LOGISTIK","jumlah":"1"},{"sektor":"Transportasi, Gudang dan Telekomunikasi","nama_perusahaan":"KHARISMA KAISAR BATULICIN","jumlah":"3"},{"sektor":"Transportasi, Gudang dan Telekomunikasi","nama_perusahaan":"MANDIRI AMAN SEJAHTERA","jumlah":"3"},{"sektor":"Transportasi, Gudang dan Telekomunikasi","nama_perusahaan":"MANDIRI AMAN SEKAWAN","jumlah":"2"},{"sektor":"Transportasi, Gudang dan Telekomunikasi","nama_perusahaan":"MEGA UTAMA KHATULISTIWA","jumlah":"2"},{"sektor":"Transportasi, Gudang dan Telekomunikasi","nama_perusahaan":"MITRA JASA SEBAMBAN UTAMA","jumlah":"2"},{"sektor":"Transportasi, Gudang dan Telekomunikasi","nama_perusahaan":"PAGAR MULYA KARYATAMA","jumlah":"4"},{"sektor":"Transportasi, Gudang dan Telekomunikasi","nama_perusahaan":"PELABUHAN SWANGI INDAH","jumlah":"1"},{"sektor":"Transportasi, Gudang dan Telekomunikasi","nama_perusahaan":"PERUSAHAAN PERSEROAN (PERSERO) PT PELABUHAN INDONESIA DISINGKAT PT PELABUHAN INDONESIA (PERSERO)","jumlah":"1"},{"sektor":"Transportasi, Gudang dan Telekomunikasi","nama_perusahaan":"REZKI BATULICIN TRANSPORT","jumlah":"3"},{"sektor":"Transportasi, Gudang dan Telekomunikasi","nama_perusahaan":"SALAM PACIFIC INDONESIA LINES","jumlah":"1"},{"sektor":"Transportasi, Gudang dan Telekomunikasi","nama_perusahaan":"SARANA INDO PERDANA","jumlah":"2"},{"sektor":"Transportasi, Gudang dan Telekomunikasi","nama_perusahaan":"SEBAMBAN TERMINAL UMUM","jumlah":"1"},{"sektor":"Transportasi, Gudang dan Telekomunikasi","nama_perusahaan":"SERASI SHIPPING INDONESIA","jumlah":"1"},{"sektor":"Transportasi, Gudang dan Telekomunikasi","nama_perusahaan":"TIRTAKENCANA TATAWARNA","jumlah":"1"},{"sektor":"Transportasi, Gudang dan Telekomunikasi","nama_perusahaan":"WARGI SANTOSA","jumlah":"1"},{"sektor":"Transportasi, Gudang dan Telekomunikasi","nama_perusahaan":"WORLD TERMINALINDO","jumlah":"1"}],"total":435}}
DEBUG - 2025-12-15 08:57:16 --> QuarterlyChartService - Total uploads: 1
DEBUG - 2025-12-15 08:57:16 --> QuarterlyChartService - Selected year: all
DEBUG - 2025-12-15 08:57:16 --> Processing upload ID: 52, Status: completed, Year: 2025, Quarter: Q3
DEBUG - 2025-12-15 08:57:16 --> Upload ID 52 - PMA: 1653622393959.00, PMDN: 1817276331954.00
DEBUG - 2025-12-15 08:57:16 --> Added to Q3: 3470898725913 (Total now: 3470898725913)
DEBUG - 2025-12-15 08:57:16 --> Final quarterly data before conversion: {"Q1":0,"Q2":0,"Q3":3470898725913,"Q4":0}
DEBUG - 2025-12-15 08:57:16 --> QuarterlyChartService (All Years) - Total uploads: 1
DEBUG - 2025-12-15 08:57:16 --> Initialized year: 2025
DEBUG - 2025-12-15 08:57:16 --> Upload ID 52 - PMA: 1653622393959.00, PMDN: 1817276331954.00
DEBUG - 2025-12-15 08:57:16 --> Added to Q3: 3470898725913 (Total now: 3470898725913)
DEBUG - 2025-12-15 08:57:16 --> Yearly quarterly data before conversion: {"2025":{"Q1":0,"Q2":0,"Q3":3470898725913,"Q4":0}}
DEBUG - 2025-12-15 08:57:16 --> QuarterlyChartService (All Years) - Final result: {"2025":{"labels":["Q1","Q2","Q3","Q4"],"values":[0,0,3470898725913,0]}}
INFO - 2025-12-15 08:59:00 --> Session: Class initialized using 'CodeIgniter\Session\Handlers\FileHandler' driver.
DEBUG - 2025-12-15 08:59:01 --> === getSectorCountByCompany START ===
DEBUG - 2025-12-15 08:59:01 --> Upload ID: 52
DEBUG - 2025-12-15 08:59:01 --> PMA records found: 15
DEBUG - 2025-12-15 08:59:01 --> PMDN records found: 186
DEBUG - 2025-12-15 08:59:01 --> PMA: 15 rows, Total: 20
DEBUG - 2025-12-15 08:59:01 --> PMDN: 186 rows, Total: 435
DEBUG - 2025-12-15 08:59:01 --> === getSectorCountByCompany END ===
DEBUG - 2025-12-15 08:59:01 --> === getSectorCountByCompany START ===
DEBUG - 2025-12-15 08:59:01 --> Upload ID: 52
DEBUG - 2025-12-15 08:59:01 --> PMA records found: 15
DEBUG - 2025-12-15 08:59:01 --> PMDN records found: 186
DEBUG - 2025-12-15 08:59:01 --> PMA: 15 rows, Total: 20
DEBUG - 2025-12-15 08:59:01 --> PMDN: 186 rows, Total: 435
DEBUG - 2025-12-15 08:59:01 --> === getSectorCountByCompany END ===
DEBUG - 2025-12-15 08:59:01 --> Sector count in DashboardService: {"PMA":{"data":[{"sektor":"Hotel dan Restoran","nama_perusahaan":"CAHAYA ANUGRAH SARANA CATERING","jumlah":"2"},{"sektor":"Industri Lainnya","nama_perusahaan":"ANUGERAH BAROKAH CAKRAWALA","jumlah":"1"},{"sektor":"Industri Logam Dasar, Barang Logam, Bukan Mesin dan Peralatannya","nama_perusahaan":"ANUGERAH BAROKAH CAKRAWALA","jumlah":"3"},{"sektor":"Industri Logam Dasar, Barang Logam, Bukan Mesin dan Peralatannya","nama_perusahaan":"ANUGERAH BAROKAH ENERGI BARU","jumlah":"1"},{"sektor":"Jasa Lainnya","nama_perusahaan":"THIESS CONTRACTORS INDONESIA","jumlah":"1"},{"sektor":"Listrik, Gas dan Air","nama_perusahaan":"ANUGERAH BAROKAH CAKRAWALA","jumlah":"1"},{"sektor":"Perdagangan dan Reparasi","nama_perusahaan":"VKS DRILLTEK INDO","jumlah":"1"},{"sektor":"Pertambangan","nama_perusahaan":"MITRA SETIA TANAH BUMBU","jumlah":"1"},{"sektor":"Pertambangan","nama_perusahaan":"THIESS CONTRACTORS INDONESIA","jumlah":"1"},{"sektor":"Pertambangan","nama_perusahaan":"TOUDANO MANDIRI ABADI","jumlah":"1"},{"sektor":"Pertambangan","nama_perusahaan":"TRANSCOAL MINERGY","jumlah":"3"},{"sektor":"Pertambangan","nama_perusahaan":"YIWAN MINING","jumlah":"1"},{"sektor":"Tanaman Pangan, Perkebunan, dan Peternakan","nama_perusahaan":"JAYA MANDIRI SUKSES","jumlah":"1"},{"sektor":"Tanaman Pangan, Perkebunan, dan Peternakan","nama_perusahaan":"SINGALAND ASETAMA","jumlah":"1"},{"sektor":"Transportasi, Gudang dan Telekomunikasi","nama_perusahaan":"ANUGERAH BAROKAH CAKRAWALA","jumlah":"1"}],"total":20},"PMDN":{"data":[{"sektor":"Hotel dan Restoran","nama_perusahaan":"ARYATAMA BANUA BIRU","jumlah":"3"},{"sektor":"Hotel dan Restoran","nama_perusahaan":"FAST FOOD INDONESIA","jumlah":"1"},{"sektor":"Hotel dan Restoran","nama_perusahaan":"PESTA PORA ABADI","jumlah":"3"},{"sektor":"Hotel dan Restoran","nama_perusahaan":"RICHEESE KULINER INDONESIA","jumlah":"1"},{"sektor":"Hotel dan Restoran","nama_perusahaan":"SARANA INDO PERDANA","jumlah":"1"},{"sektor":"Industri  Mesin, Elektronik, Instrumen Kedokteran, Peralatan Listrik, Presisi, Optik dan Jam","nama_perusahaan":"SANGGAR SARANA BAJA","jumlah":"1"},{"sektor":"Industri Karet dan Plastik","nama_perusahaan":"NUSANTARA BATULICIN","jumlah":"1"},{"sektor":"Industri Kendaraan Bermotor dan Alat Transportasi Lain","nama_perusahaan":"KARYA JAYA LOGISTIK","jumlah":"1"},{"sektor":"Industri Kimia Dan Farmasi","nama_perusahaan":"HAJI MAMING PELABUHAN","jumlah":"1"},{"sektor":"Industri Kimia Dan Farmasi","nama_perusahaan":"JHONLIN AGRO RAYA Tbk","jumlah":"1"},{"sektor":"Industri Kimia Dan Farmasi","nama_perusahaan":"JOH SUKSES MANDIRI MOTOR","jumlah":"1"},{"sektor":"Industri Kimia Dan Farmasi","nama_perusahaan":"SATUI BINA USAHA","jumlah":"2"},{"sektor":"Industri Lainnya","nama_perusahaan":"BUANA KARYA BHAKTI","jumlah":"1"},{"sektor":"Industri Logam Dasar, Barang Logam, Bukan Mesin dan Peralatannya","nama_perusahaan":"ANGKASA JAYA MULIA","jumlah":"1"},{"sektor":"Industri Makanan","nama_perusahaan":"ADISURYA CIPTA LESTARI","jumlah":"1"},{"sektor":"Industri Makanan","nama_perusahaan":"BUANA KARYA BHAKTI","jumlah":"2"},{"sektor":"Industri Makanan","nama_perusahaan":"BUANA KARYA NOVELTINDO","jumlah":"1"},{"sektor":"Industri Makanan","nama_perusahaan":"GAWI MAKMUR KALIMANTAN","jumlah":"1"},{"sektor":"Industri Makanan","nama_perusahaan":"JHONLIN AGRO RAYA Tbk","jumlah":"1"},{"sektor":"Industri Makanan","nama_perusahaan":"KARYA JAYA LOGISTIK","jumlah":"3"},{"sektor":"Industri Makanan","nama_perusahaan":"KODECO AGROJAYA MANDIRI","jumlah":"2"},{"sektor":"Industri Makanan","nama_perusahaan":"MANDIRI AMAN SEJAHTERA","jumlah":"2"},{"sektor":"Industri Makanan","nama_perusahaan":"MANDIRI AMAN SEKAWAN","jumlah":"1"},{"sektor":"Industri Makanan","nama_perusahaan":"SARANA INDO PERDANA","jumlah":"1"},{"sektor":"Industri Makanan","nama_perusahaan":"UDANG MARIANI ENAM SEMBILAN","jumlah":"1"},{"sektor":"Jasa Lainnya","nama_perusahaan":"ANINDYA WIRAPUTRA KONSULT","jumlah":"3"},{"sektor":"Jasa Lainnya","nama_perusahaan":"BATULICIN ENAM SEMBILAN","jumlah":"1"},{"sektor":"Jasa Lainnya","nama_perusahaan":"BATULICIN ENAM SEMBILAN PERTAMBANGAN","jumlah":"1"},{"sektor":"Jasa Lainnya","nama_perusahaan":"BINA INTI PERSADA","jumlah":"1"},{"sektor":"Jasa Lainnya","nama_perusahaan":"BUANA KARYA BHAKTI","jumlah":"1"},{"sektor":"Jasa Lainnya","nama_perusahaan":"DAYA ENERGI TEKNIK","jumlah":"2"},{"sektor":"Jasa Lainnya","nama_perusahaan":"DELTA GARDA PERSADA","jumlah":"1"},{"sektor":"Jasa Lainnya","nama_perusahaan":"MAMING ENAM SEMBILAN","jumlah":"1"},{"sektor":"Jasa Lainnya","nama_perusahaan":"MANDIRI AMAN SEKAWAN","jumlah":"5"},{"sektor":"Jasa Lainnya","nama_perusahaan":"NAWAKARA PERKASA NUSANTARA","jumlah":"2"},{"sektor":"Jasa Lainnya","nama_perusahaan":"PUTRA PERKASA ABADI","jumlah":"1"},{"sektor":"Jasa Lainnya","nama_perusahaan":"SARANA INDO PERDANA","jumlah":"2"},{"sektor":"Jasa Lainnya","nama_perusahaan":"SUPRIMA MITRA ADIHUSADA","jumlah":"3"},{"sektor":"Jasa Lainnya","nama_perusahaan":"UNITED TRACTORS","jumlah":"6"},{"sektor":"Jasa Lainnya","nama_perusahaan":"WARGI SANTOSA","jumlah":"3"},{"sektor":"Kehutanan","nama_perusahaan":"BATULICIN BUMI BERSUJUD","jumlah":"2"},{"sektor":"Konstruksi","nama_perusahaan":"ANDIFA NUSA SAMUDERA","jumlah":"3"},{"sektor":"Konstruksi","nama_perusahaan":"BATULICIN BORNEO MARITIM","jumlah":"2"},{"sektor":"Konstruksi","nama_perusahaan":"KARYA TANTRA MEGA","jumlah":"2"},{"sektor":"Konstruksi","nama_perusahaan":"KRIDA CIPTA SATYA","jumlah":"3"},{"sektor":"Konstruksi","nama_perusahaan":"MANDIRI AMAN SEJAHTERA","jumlah":"20"},{"sektor":"Konstruksi","nama_perusahaan":"MANDIRI AMAN SEKAWAN","jumlah":"19"},{"sektor":"Konstruksi","nama_perusahaan":"MITRA JASA SEBAMBAN UTAMA","jumlah":"1"},{"sektor":"Konstruksi","nama_perusahaan":"PROFESIONAL TELEKOMUNIKASI INDONESIA","jumlah":"8"},{"sektor":"Konstruksi","nama_perusahaan":"SOLUSI TUNAS PRATAMA","jumlah":"7"},{"sektor":"Konstruksi","nama_perusahaan":"TATA BUANA KARYA","jumlah":"1"},{"sektor":"Konstruksi","nama_perusahaan":"TOWER BERSAMA","jumlah":"5"},{"sektor":"Konstruksi","nama_perusahaan":"UNITED TRACTORS","jumlah":"1"},{"sektor":"Listrik, Gas dan Air","nama_perusahaan":"BINA INTI PERSADA","jumlah":"3"},{"sektor":"Listrik, Gas dan Air","nama_perusahaan":"BUMI NUSA PALAPA","jumlah":"1"},{"sektor":"Listrik, Gas dan Air","nama_perusahaan":"DUA SAMUDERA PERKASA","jumlah":"1"},{"sektor":"Listrik, Gas dan Air","nama_perusahaan":"SARANA INDO PERDANA","jumlah":"2"},{"sektor":"Listrik, Gas dan Air","nama_perusahaan":"SUMBERDAYA SEWATAMA","jumlah":"1"},{"sektor":"Perdagangan dan Reparasi","nama_perusahaan":"ADIDAYA AKBAR BERKARYA","jumlah":"1"},{"sektor":"Perdagangan dan Reparasi","nama_perusahaan":"ADISURYA CIPTA LESTARI","jumlah":"2"},{"sektor":"Perdagangan dan Reparasi","nama_perusahaan":"AMANAH PUTRA BORNEO","jumlah":"1"},{"sektor":"Perdagangan dan Reparasi","nama_perusahaan":"ANDIFA PERKASA ENERGI","jumlah":"4"},{"sektor":"Perdagangan dan Reparasi","nama_perusahaan":"ANDIFA ZAYEEN PERKASA","jumlah":"1"},{"sektor":"Perdagangan dan Reparasi","nama_perusahaan":"AXIS PRATAMA INDONESIA","jumlah":"1"},{"sektor":"Perdagangan dan Reparasi","nama_perusahaan":"BARA ASIA COALTRADE","jumlah":"1"},{"sektor":"Perdagangan dan Reparasi","nama_perusahaan":"BATULICIN AGRO SENTOSA","jumlah":"1"},{"sektor":"Perdagangan dan Reparasi","nama_perusahaan":"BATULICIN ENAM SEMBILAN PELABUHAN","jumlah":"1"},{"sektor":"Perdagangan dan Reparasi","nama_perusahaan":"BATULICIN ENAM SEMBILAN TRANSPORTASI","jumlah":"1"},{"sektor":"Perdagangan dan Reparasi","nama_perusahaan":"BAYAN RESOURCES","jumlah":"1"},{"sektor":"Perdagangan dan Reparasi","nama_perusahaan":"BINA INTI PERSADA","jumlah":"1"},{"sektor":"Perdagangan dan Reparasi","nama_perusahaan":"BINA USAHA BATULICIN","jumlah":"1"},{"sektor":"Perdagangan dan Reparasi","nama_perusahaan":"BUANA KARYA NOVELTINDO","jumlah":"1"},{"sektor":"Perdagangan dan Reparasi","nama_perusahaan":"DAYA INDAH ANDALAN","jumlah":"1"},{"sektor":"Perdagangan dan Reparasi","nama_perusahaan":"DAYA INDAH YASA","jumlah":"4"},{"sektor":"Perdagangan dan Reparasi","nama_perusahaan":"DUA KOTA LAUT","jumlah":"1"},{"sektor":"Perdagangan dan Reparasi","nama_perusahaan":"ENAM SEMBILAN NIAGA NIKEL","jumlah":"1"},{"sektor":"Perdagangan dan Reparasi","nama_perusahaan":"ENAM SEMBILAN TRADING BATUBARA","jumlah":"1"},{"sektor":"Perdagangan dan Reparasi","nama_perusahaan":"GARUDA WISNU AMERTA","jumlah":"1"},{"sektor":"Perdagangan dan Reparasi","nama_perusahaan":"GLOCHATSA TESALONIKA SENTOSA","jumlah":"1"},{"sektor":"Perdagangan dan Reparasi","nama_perusahaan":"GRAND DUTA BORNEO","jumlah":"2"},{"sektor":"Perdagangan dan Reparasi","nama_perusahaan":"INDOMARCO PRISMATAMA","jumlah":"2"},{"sektor":"Perdagangan dan Reparasi","nama_perusahaan":"JHONLIN MARINE TRANS","jumlah":"1"},{"sektor":"Perdagangan dan Reparasi","nama_perusahaan":"KALIMAS KHARISMA","jumlah":"4"},{"sektor":"Perdagangan dan Reparasi","nama_perusahaan":"KARYA JAYA LOGISTIK","jumlah":"8"},{"sektor":"Perdagangan dan Reparasi","nama_perusahaan":"KHARISMA KAISAR BATULICIN","jumlah":"2"},{"sektor":"Perdagangan dan Reparasi","nama_perusahaan":"KODECO AGROJAYA MANDIRI","jumlah":"1"},{"sektor":"Perdagangan dan Reparasi","nama_perusahaan":"MANDIRI AMAN SEJAHTERA","jumlah":"12"},{"sektor":"Perdagangan dan Reparasi","nama_perusahaan":"MANDIRI AMAN SEKAWAN","jumlah":"7"},{"sektor":"Perdagangan dan Reparasi","nama_perusahaan":"MITRA MEGAH PROFITAMAS","jumlah":"1"},{"sektor":"Perdagangan dan Reparasi","nama_perusahaan":"PUTRA PERKASA ABADI","jumlah":"1"},{"sektor":"Perdagangan dan Reparasi","nama_perusahaan":"SAMATOR GAS INDUSTRI","jumlah":"1"},{"sektor":"Perdagangan dan Reparasi","nama_perusahaan":"SEBAMBAN TERMINAL UMUM","jumlah":"1"},{"sektor":"Perdagangan dan Reparasi","nama_perusahaan":"SENTRA AGRO SUMBER RAYA","jumlah":"3"},{"sektor":"Perdagangan dan Reparasi","nama_perusahaan":"SINARNIAGA SEJAHTERA","jumlah":"1"},{"sektor":"Perdagangan dan Reparasi","nama_perusahaan":"SUMBER ALFARIA TRIJAYA","jumlah":"19"},{"sektor":"Perdagangan dan Reparasi","nama_perusahaan":"SUMBER BERLIAN MOTORS","jumlah":"6"},{"sektor":"Perdagangan dan Reparasi","nama_perusahaan":"SUMBER CIPTA MULTINIAGA","jumlah":"1"},{"sektor":"Perdagangan dan Reparasi","nama_perusahaan":"TIRTAKENCANA TATAWARNA","jumlah":"5"},{"sektor":"Perdagangan dan Reparasi","nama_perusahaan":"UNITED TRACTORS","jumlah":"7"},{"sektor":"Perdagangan dan Reparasi","nama_perusahaan":"WARGI SANTOSA","jumlah":"2"},{"sektor":"Perikanan","nama_perusahaan":"UDANG MARIANI ENAM SEMBILAN","jumlah":"1"},{"sektor":"Pertambangan","nama_perusahaan":"ADIDAYA AKBAR BERKARYA","jumlah":"1"},{"sektor":"Pertambangan","nama_perusahaan":"AMANAH PUTRA BORNEO","jumlah":"1"},{"sektor":"Pertambangan","nama_perusahaan":"ANGSANA JAYA ENERGI","jumlah":"1"},{"sektor":"Pertambangan","nama_perusahaan":"ANZAWARA SATRIA","jumlah":"1"},{"sektor":"Pertambangan","nama_perusahaan":"ARUTMIN INDONESIA","jumlah":"6"},{"sektor":"Pertambangan","nama_perusahaan":"BATULICIN BORNEO MARITIM","jumlah":"2"},{"sektor":"Pertambangan","nama_perusahaan":"BATULICIN ENAM SEMBILAN PERTAMBANGAN","jumlah":"1"},{"sektor":"Pertambangan","nama_perusahaan":"BINA BATULICIN USAHA","jumlah":"1"},{"sektor":"Pertambangan","nama_perusahaan":"BORNEO INDOBARA","jumlah":"31"},{"sektor":"Pertambangan","nama_perusahaan":"BORNEO MITRA BARATAMA","jumlah":"1"},{"sektor":"Pertambangan","nama_perusahaan":"BUKIT MAKMUR MANDIRI UTAMA","jumlah":"1"},{"sektor":"Pertambangan","nama_perusahaan":"CAKRAWALA LANGIT SEJAHTERA","jumlah":"1"},{"sektor":"Pertambangan","nama_perusahaan":"CIPTA KRIDATAMA","jumlah":"2"},{"sektor":"Pertambangan","nama_perusahaan":"DARMA HENWA","jumlah":"2"},{"sektor":"Pertambangan","nama_perusahaan":"DAYA ENERGI TEKNIK","jumlah":"1"},{"sektor":"Pertambangan","nama_perusahaan":"GEMA TAMBANG NUSANTARA","jumlah":"1"},{"sektor":"Pertambangan","nama_perusahaan":"GUNUNG MAYANG STONE","jumlah":"1"},{"sektor":"Pertambangan","nama_perusahaan":"HALONG JAYA BERGETAR","jumlah":"1"},{"sektor":"Pertambangan","nama_perusahaan":"JHONLIN BARATAMA","jumlah":"1"},{"sektor":"Pertambangan","nama_perusahaan":"KRIDA CIPTA SATYA","jumlah":"1"},{"sektor":"Pertambangan","nama_perusahaan":"LINTAS FORTUNA NUSANTARA","jumlah":"1"},{"sektor":"Pertambangan","nama_perusahaan":"MITRAJAYA ABADI BERSAMA","jumlah":"1"},{"sektor":"Pertambangan","nama_perusahaan":"REZKI BATULICIN TRANSPORT","jumlah":"1"},{"sektor":"Pertambangan","nama_perusahaan":"SATUI BINA USAHA","jumlah":"2"},{"sektor":"Pertambangan","nama_perusahaan":"SEIA MITRA MANDIRI","jumlah":"1"},{"sektor":"Pertambangan","nama_perusahaan":"SILIKA MITRA PERKASA","jumlah":"1"},{"sektor":"Pertambangan","nama_perusahaan":"SUNGAI DANAU JAYA","jumlah":"2"},{"sektor":"Pertambangan","nama_perusahaan":"TANAH BUMBU RESOURCES","jumlah":"1"},{"sektor":"Pertambangan","nama_perusahaan":"TIMUR SATRIA PERKASA","jumlah":"1"},{"sektor":"Pertambangan","nama_perusahaan":"TUNAS INTI ABADI","jumlah":"1"},{"sektor":"Pertambangan","nama_perusahaan":"USAHA BARATAMA JESINDO","jumlah":"1"},{"sektor":"Pertambangan","nama_perusahaan":"WAHANA BARATAMA MINING","jumlah":"1"},{"sektor":"Perumahan, Kawasan Industri dan Perkantoran","nama_perusahaan":"DUA SAMUDERA PERKASA","jumlah":"1"},{"sektor":"Perumahan, Kawasan Industri dan Perkantoran","nama_perusahaan":"MANDIRI AMAN SEJAHTERA","jumlah":"2"},{"sektor":"Perumahan, Kawasan Industri dan Perkantoran","nama_perusahaan":"PELAYARAN BAHTERA ADHIGUNA","jumlah":"1"},{"sektor":"Perumahan, Kawasan Industri dan Perkantoran","nama_perusahaan":"SAPTAINDRA SEJATI","jumlah":"1"},{"sektor":"Perumahan, Kawasan Industri dan Perkantoran","nama_perusahaan":"UNITED TRACTORS","jumlah":"1"},{"sektor":"Tanaman Pangan, Perkebunan, dan Peternakan","nama_perusahaan":"ADISURYA CIPTA LESTARI","jumlah":"1"},{"sektor":"Tanaman Pangan, Perkebunan, dan Peternakan","nama_perusahaan":"BORNEO PALM PLANTATION","jumlah":"2"},{"sektor":"Tanaman Pangan, Perkebunan, dan Peternakan","nama_perusahaan":"BUANA KARYA BHAKTI","jumlah":"1"},{"sektor":"Tanaman Pangan, Perkebunan, dan Peternakan","nama_perusahaan":"FASS FOREST DEVELOPMENT","jumlah":"1"},{"sektor":"Tanaman Pangan, Perkebunan, dan Peternakan","nama_perusahaan":"JHONLIN AGRO LESTARI","jumlah":"1"},{"sektor":"Tanaman Pangan, Perkebunan, dan Peternakan","nama_perusahaan":"KODECO AGROJAYA MANDIRI","jumlah":"1"},{"sektor":"Tanaman Pangan, Perkebunan, dan Peternakan","nama_perusahaan":"MANDIRI AMAN SEJAHTERA","jumlah":"14"},{"sektor":"Tanaman Pangan, Perkebunan, dan Peternakan","nama_perusahaan":"MANDIRI AMAN SEKAWAN","jumlah":"6"},{"sektor":"Tanaman Pangan, Perkebunan, dan Peternakan","nama_perusahaan":"PERKEBUNAN NUSANTARA IV","jumlah":"1"},{"sektor":"Transportasi, Gudang dan Telekomunikasi","nama_perusahaan":"ANDIFA NUSA SAMUDERA","jumlah":"2"},{"sektor":"Transportasi, Gudang dan Telekomunikasi","nama_perusahaan":"ARUTMIN INDONESIA","jumlah":"2"},{"sektor":"Transportasi, Gudang dan Telekomunikasi","nama_perusahaan":"ASDP INDONESIA FERRY","jumlah":"2"},{"sektor":"Transportasi, Gudang dan Telekomunikasi","nama_perusahaan":"AXIS PRATAMA INDONESIA","jumlah":"3"},{"sektor":"Transportasi, Gudang dan Telekomunikasi","nama_perusahaan":"BANDAR INDO RAYA","jumlah":"1"},{"sektor":"Transportasi, Gudang dan Telekomunikasi","nama_perusahaan":"BAROKAH DEPUTRA NUSANTARA","jumlah":"1"},{"sektor":"Transportasi, Gudang dan Telekomunikasi","nama_perusahaan":"BATULICIN NUSANTARA MARITIM","jumlah":"1"},{"sektor":"Transportasi, Gudang dan Telekomunikasi","nama_perusahaan":"BAYAN RESOURCES","jumlah":"1"},{"sektor":"Transportasi, Gudang dan Telekomunikasi","nama_perusahaan":"BINA INDO RAYA","jumlah":"1"},{"sektor":"Transportasi, Gudang dan Telekomunikasi","nama_perusahaan":"BINA INTI PERSADA","jumlah":"3"},{"sektor":"Transportasi, Gudang dan Telekomunikasi","nama_perusahaan":"BINA KARYA PUTRA BATULICIN","jumlah":"1"},{"sektor":"Transportasi, Gudang dan Telekomunikasi","nama_perusahaan":"BINA USAHA BATULICIN","jumlah":"3"},{"sektor":"Transportasi, Gudang dan Telekomunikasi","nama_perusahaan":"BORNEO INDOBARA","jumlah":"2"},{"sektor":"Transportasi, Gudang dan Telekomunikasi","nama_perusahaan":"BUKIT MAKMUR MANDIRI UTAMA","jumlah":"1"},{"sektor":"Transportasi, Gudang dan Telekomunikasi","nama_perusahaan":"CIPTA KRIDA BAHARI","jumlah":"1"},{"sektor":"Transportasi, Gudang dan Telekomunikasi","nama_perusahaan":"CIPTA KRIDATAMA","jumlah":"1"},{"sektor":"Transportasi, Gudang dan Telekomunikasi","nama_perusahaan":"DIANTA DAYA EMBARA","jumlah":"1"},{"sektor":"Transportasi, Gudang dan Telekomunikasi","nama_perusahaan":"DUA SAMUDERA PERKASA","jumlah":"1"},{"sektor":"Transportasi, Gudang dan Telekomunikasi","nama_perusahaan":"JEMBATAN NUSANTARA","jumlah":"1"},{"sektor":"Transportasi, Gudang dan Telekomunikasi","nama_perusahaan":"JHONLIN AGRO RAYA Tbk","jumlah":"1"},{"sektor":"Transportasi, Gudang dan Telekomunikasi","nama_perusahaan":"JHONLIN MARINE LINES","jumlah":"1"},{"sektor":"Transportasi, Gudang dan Telekomunikasi","nama_perusahaan":"JHONLIN MARINE TRANS","jumlah":"2"},{"sektor":"Transportasi, Gudang dan Telekomunikasi","nama_perusahaan":"KARYA JAYA LOGISTIK","jumlah":"1"},{"sektor":"Transportasi, Gudang dan Telekomunikasi","nama_perusahaan":"KHARISMA KAISAR BATULICIN","jumlah":"3"},{"sektor":"Transportasi, Gudang dan Telekomunikasi","nama_perusahaan":"MANDIRI AMAN SEJAHTERA","jumlah":"3"},{"sektor":"Transportasi, Gudang dan Telekomunikasi","nama_perusahaan":"MANDIRI AMAN SEKAWAN","jumlah":"2"},{"sektor":"Transportasi, Gudang dan Telekomunikasi","nama_perusahaan":"MEGA UTAMA KHATULISTIWA","jumlah":"2"},{"sektor":"Transportasi, Gudang dan Telekomunikasi","nama_perusahaan":"MITRA JASA SEBAMBAN UTAMA","jumlah":"2"},{"sektor":"Transportasi, Gudang dan Telekomunikasi","nama_perusahaan":"PAGAR MULYA KARYATAMA","jumlah":"4"},{"sektor":"Transportasi, Gudang dan Telekomunikasi","nama_perusahaan":"PELABUHAN SWANGI INDAH","jumlah":"1"},{"sektor":"Transportasi, Gudang dan Telekomunikasi","nama_perusahaan":"PERUSAHAAN PERSEROAN (PERSERO) PT PELABUHAN INDONESIA DISINGKAT PT PELABUHAN INDONESIA (PERSERO)","jumlah":"1"},{"sektor":"Transportasi, Gudang dan Telekomunikasi","nama_perusahaan":"REZKI BATULICIN TRANSPORT","jumlah":"3"},{"sektor":"Transportasi, Gudang dan Telekomunikasi","nama_perusahaan":"SALAM PACIFIC INDONESIA LINES","jumlah":"1"},{"sektor":"Transportasi, Gudang dan Telekomunikasi","nama_perusahaan":"SARANA INDO PERDANA","jumlah":"2"},{"sektor":"Transportasi, Gudang dan Telekomunikasi","nama_perusahaan":"SEBAMBAN TERMINAL UMUM","jumlah":"1"},{"sektor":"Transportasi, Gudang dan Telekomunikasi","nama_perusahaan":"SERASI SHIPPING INDONESIA","jumlah":"1"},{"sektor":"Transportasi, Gudang dan Telekomunikasi","nama_perusahaan":"TIRTAKENCANA TATAWARNA","jumlah":"1"},{"sektor":"Transportasi, Gudang dan Telekomunikasi","nama_perusahaan":"WARGI SANTOSA","jumlah":"1"},{"sektor":"Transportasi, Gudang dan Telekomunikasi","nama_perusahaan":"WORLD TERMINALINDO","jumlah":"1"}],"total":435}}
DEBUG - 2025-12-15 08:59:01 --> QuarterlyChartService - Total uploads: 1
DEBUG - 2025-12-15 08:59:01 --> QuarterlyChartService - Selected year: all
DEBUG - 2025-12-15 08:59:01 --> Processing upload ID: 52, Status: completed, Year: 2025, Quarter: Q3
DEBUG - 2025-12-15 08:59:01 --> Upload ID 52 - PMA: 1653622393959.00, PMDN: 1817276331954.00
DEBUG - 2025-12-15 08:59:01 --> Added to Q3: 3470898725913 (Total now: 3470898725913)
DEBUG - 2025-12-15 08:59:01 --> Final quarterly data before conversion: {"Q1":0,"Q2":0,"Q3":3470898725913,"Q4":0}
DEBUG - 2025-12-15 08:59:01 --> QuarterlyChartService (All Years) - Total uploads: 1
DEBUG - 2025-12-15 08:59:01 --> Initialized year: 2025
DEBUG - 2025-12-15 08:59:01 --> Upload ID 52 - PMA: 1653622393959.00, PMDN: 1817276331954.00
DEBUG - 2025-12-15 08:59:01 --> Added to Q3: 3470898725913 (Total now: 3470898725913)
DEBUG - 2025-12-15 08:59:01 --> Yearly quarterly data before conversion: {"2025":{"Q1":0,"Q2":0,"Q3":3470898725913,"Q4":0}}
DEBUG - 2025-12-15 08:59:01 --> QuarterlyChartService (All Years) - Final result: {"2025":{"labels":["Q1","Q2","Q3","Q4"],"values":[0,0,3470898725913,0]}}
INFO - 2025-12-15 09:02:21 --> Session: Class initialized using 'CodeIgniter\Session\Handlers\FileHandler' driver.
DEBUG - 2025-12-15 09:02:22 --> === getSectorCountByCompany START ===
DEBUG - 2025-12-15 09:02:22 --> Upload ID: 52
DEBUG - 2025-12-15 09:02:22 --> PMA records found: 15
DEBUG - 2025-12-15 09:02:22 --> PMDN records found: 186
DEBUG - 2025-12-15 09:02:22 --> PMA: 15 rows, Total: 20
DEBUG - 2025-12-15 09:02:22 --> PMDN: 186 rows, Total: 435
DEBUG - 2025-12-15 09:02:22 --> === getSectorCountByCompany END ===
DEBUG - 2025-12-15 09:02:22 --> === getSectorCountByCompany START ===
DEBUG - 2025-12-15 09:02:22 --> Upload ID: 52
DEBUG - 2025-12-15 09:02:22 --> PMA records found: 15
DEBUG - 2025-12-15 09:02:22 --> PMDN records found: 186
DEBUG - 2025-12-15 09:02:22 --> PMA: 15 rows, Total: 20
DEBUG - 2025-12-15 09:02:22 --> PMDN: 186 rows, Total: 435
DEBUG - 2025-12-15 09:02:22 --> === getSectorCountByCompany END ===
DEBUG - 2025-12-15 09:02:22 --> Sector count in DashboardService: {"PMA":{"data":[{"sektor":"Hotel dan Restoran","nama_perusahaan":"CAHAYA ANUGRAH SARANA CATERING","jumlah":"2"},{"sektor":"Industri Lainnya","nama_perusahaan":"ANUGERAH BAROKAH CAKRAWALA","jumlah":"1"},{"sektor":"Industri Logam Dasar, Barang Logam, Bukan Mesin dan Peralatannya","nama_perusahaan":"ANUGERAH BAROKAH CAKRAWALA","jumlah":"3"},{"sektor":"Industri Logam Dasar, Barang Logam, Bukan Mesin dan Peralatannya","nama_perusahaan":"ANUGERAH BAROKAH ENERGI BARU","jumlah":"1"},{"sektor":"Jasa Lainnya","nama_perusahaan":"THIESS CONTRACTORS INDONESIA","jumlah":"1"},{"sektor":"Listrik, Gas dan Air","nama_perusahaan":"ANUGERAH BAROKAH CAKRAWALA","jumlah":"1"},{"sektor":"Perdagangan dan Reparasi","nama_perusahaan":"VKS DRILLTEK INDO","jumlah":"1"},{"sektor":"Pertambangan","nama_perusahaan":"MITRA SETIA TANAH BUMBU","jumlah":"1"},{"sektor":"Pertambangan","nama_perusahaan":"THIESS CONTRACTORS INDONESIA","jumlah":"1"},{"sektor":"Pertambangan","nama_perusahaan":"TOUDANO MANDIRI ABADI","jumlah":"1"},{"sektor":"Pertambangan","nama_perusahaan":"TRANSCOAL MINERGY","jumlah":"3"},{"sektor":"Pertambangan","nama_perusahaan":"YIWAN MINING","jumlah":"1"},{"sektor":"Tanaman Pangan, Perkebunan, dan Peternakan","nama_perusahaan":"JAYA MANDIRI SUKSES","jumlah":"1"},{"sektor":"Tanaman Pangan, Perkebunan, dan Peternakan","nama_perusahaan":"SINGALAND ASETAMA","jumlah":"1"},{"sektor":"Transportasi, Gudang dan Telekomunikasi","nama_perusahaan":"ANUGERAH BAROKAH CAKRAWALA","jumlah":"1"}],"total":20},"PMDN":{"data":[{"sektor":"Hotel dan Restoran","nama_perusahaan":"ARYATAMA BANUA BIRU","jumlah":"3"},{"sektor":"Hotel dan Restoran","nama_perusahaan":"FAST FOOD INDONESIA","jumlah":"1"},{"sektor":"Hotel dan Restoran","nama_perusahaan":"PESTA PORA ABADI","jumlah":"3"},{"sektor":"Hotel dan Restoran","nama_perusahaan":"RICHEESE KULINER INDONESIA","jumlah":"1"},{"sektor":"Hotel dan Restoran","nama_perusahaan":"SARANA INDO PERDANA","jumlah":"1"},{"sektor":"Industri  Mesin, Elektronik, Instrumen Kedokteran, Peralatan Listrik, Presisi, Optik dan Jam","nama_perusahaan":"SANGGAR SARANA BAJA","jumlah":"1"},{"sektor":"Industri Karet dan Plastik","nama_perusahaan":"NUSANTARA BATULICIN","jumlah":"1"},{"sektor":"Industri Kendaraan Bermotor dan Alat Transportasi Lain","nama_perusahaan":"KARYA JAYA LOGISTIK","jumlah":"1"},{"sektor":"Industri Kimia Dan Farmasi","nama_perusahaan":"HAJI MAMING PELABUHAN","jumlah":"1"},{"sektor":"Industri Kimia Dan Farmasi","nama_perusahaan":"JHONLIN AGRO RAYA Tbk","jumlah":"1"},{"sektor":"Industri Kimia Dan Farmasi","nama_perusahaan":"JOH SUKSES MANDIRI MOTOR","jumlah":"1"},{"sektor":"Industri Kimia Dan Farmasi","nama_perusahaan":"SATUI BINA USAHA","jumlah":"2"},{"sektor":"Industri Lainnya","nama_perusahaan":"BUANA KARYA BHAKTI","jumlah":"1"},{"sektor":"Industri Logam Dasar, Barang Logam, Bukan Mesin dan Peralatannya","nama_perusahaan":"ANGKASA JAYA MULIA","jumlah":"1"},{"sektor":"Industri Makanan","nama_perusahaan":"ADISURYA CIPTA LESTARI","jumlah":"1"},{"sektor":"Industri Makanan","nama_perusahaan":"BUANA KARYA BHAKTI","jumlah":"2"},{"sektor":"Industri Makanan","nama_perusahaan":"BUANA KARYA NOVELTINDO","jumlah":"1"},{"sektor":"Industri Makanan","nama_perusahaan":"GAWI MAKMUR KALIMANTAN","jumlah":"1"},{"sektor":"Industri Makanan","nama_perusahaan":"JHONLIN AGRO RAYA Tbk","jumlah":"1"},{"sektor":"Industri Makanan","nama_perusahaan":"KARYA JAYA LOGISTIK","jumlah":"3"},{"sektor":"Industri Makanan","nama_perusahaan":"KODECO AGROJAYA MANDIRI","jumlah":"2"},{"sektor":"Industri Makanan","nama_perusahaan":"MANDIRI AMAN SEJAHTERA","jumlah":"2"},{"sektor":"Industri Makanan","nama_perusahaan":"MANDIRI AMAN SEKAWAN","jumlah":"1"},{"sektor":"Industri Makanan","nama_perusahaan":"SARANA INDO PERDANA","jumlah":"1"},{"sektor":"Industri Makanan","nama_perusahaan":"UDANG MARIANI ENAM SEMBILAN","jumlah":"1"},{"sektor":"Jasa Lainnya","nama_perusahaan":"ANINDYA WIRAPUTRA KONSULT","jumlah":"3"},{"sektor":"Jasa Lainnya","nama_perusahaan":"BATULICIN ENAM SEMBILAN","jumlah":"1"},{"sektor":"Jasa Lainnya","nama_perusahaan":"BATULICIN ENAM SEMBILAN PERTAMBANGAN","jumlah":"1"},{"sektor":"Jasa Lainnya","nama_perusahaan":"BINA INTI PERSADA","jumlah":"1"},{"sektor":"Jasa Lainnya","nama_perusahaan":"BUANA KARYA BHAKTI","jumlah":"1"},{"sektor":"Jasa Lainnya","nama_perusahaan":"DAYA ENERGI TEKNIK","jumlah":"2"},{"sektor":"Jasa Lainnya","nama_perusahaan":"DELTA GARDA PERSADA","jumlah":"1"},{"sektor":"Jasa Lainnya","nama_perusahaan":"MAMING ENAM SEMBILAN","jumlah":"1"},{"sektor":"Jasa Lainnya","nama_perusahaan":"MANDIRI AMAN SEKAWAN","jumlah":"5"},{"sektor":"Jasa Lainnya","nama_perusahaan":"NAWAKARA PERKASA NUSANTARA","jumlah":"2"},{"sektor":"Jasa Lainnya","nama_perusahaan":"PUTRA PERKASA ABADI","jumlah":"1"},{"sektor":"Jasa Lainnya","nama_perusahaan":"SARANA INDO PERDANA","jumlah":"2"},{"sektor":"Jasa Lainnya","nama_perusahaan":"SUPRIMA MITRA ADIHUSADA","jumlah":"3"},{"sektor":"Jasa Lainnya","nama_perusahaan":"UNITED TRACTORS","jumlah":"6"},{"sektor":"Jasa Lainnya","nama_perusahaan":"WARGI SANTOSA","jumlah":"3"},{"sektor":"Kehutanan","nama_perusahaan":"BATULICIN BUMI BERSUJUD","jumlah":"2"},{"sektor":"Konstruksi","nama_perusahaan":"ANDIFA NUSA SAMUDERA","jumlah":"3"},{"sektor":"Konstruksi","nama_perusahaan":"BATULICIN BORNEO MARITIM","jumlah":"2"},{"sektor":"Konstruksi","nama_perusahaan":"KARYA TANTRA MEGA","jumlah":"2"},{"sektor":"Konstruksi","nama_perusahaan":"KRIDA CIPTA SATYA","jumlah":"3"},{"sektor":"Konstruksi","nama_perusahaan":"MANDIRI AMAN SEJAHTERA","jumlah":"20"},{"sektor":"Konstruksi","nama_perusahaan":"MANDIRI AMAN SEKAWAN","jumlah":"19"},{"sektor":"Konstruksi","nama_perusahaan":"MITRA JASA SEBAMBAN UTAMA","jumlah":"1"},{"sektor":"Konstruksi","nama_perusahaan":"PROFESIONAL TELEKOMUNIKASI INDONESIA","jumlah":"8"},{"sektor":"Konstruksi","nama_perusahaan":"SOLUSI TUNAS PRATAMA","jumlah":"7"},{"sektor":"Konstruksi","nama_perusahaan":"TATA BUANA KARYA","jumlah":"1"},{"sektor":"Konstruksi","nama_perusahaan":"TOWER BERSAMA","jumlah":"5"},{"sektor":"Konstruksi","nama_perusahaan":"UNITED TRACTORS","jumlah":"1"},{"sektor":"Listrik, Gas dan Air","nama_perusahaan":"BINA INTI PERSADA","jumlah":"3"},{"sektor":"Listrik, Gas dan Air","nama_perusahaan":"BUMI NUSA PALAPA","jumlah":"1"},{"sektor":"Listrik, Gas dan Air","nama_perusahaan":"DUA SAMUDERA PERKASA","jumlah":"1"},{"sektor":"Listrik, Gas dan Air","nama_perusahaan":"SARANA INDO PERDANA","jumlah":"2"},{"sektor":"Listrik, Gas dan Air","nama_perusahaan":"SUMBERDAYA SEWATAMA","jumlah":"1"},{"sektor":"Perdagangan dan Reparasi","nama_perusahaan":"ADIDAYA AKBAR BERKARYA","jumlah":"1"},{"sektor":"Perdagangan dan Reparasi","nama_perusahaan":"ADISURYA CIPTA LESTARI","jumlah":"2"},{"sektor":"Perdagangan dan Reparasi","nama_perusahaan":"AMANAH PUTRA BORNEO","jumlah":"1"},{"sektor":"Perdagangan dan Reparasi","nama_perusahaan":"ANDIFA PERKASA ENERGI","jumlah":"4"},{"sektor":"Perdagangan dan Reparasi","nama_perusahaan":"ANDIFA ZAYEEN PERKASA","jumlah":"1"},{"sektor":"Perdagangan dan Reparasi","nama_perusahaan":"AXIS PRATAMA INDONESIA","jumlah":"1"},{"sektor":"Perdagangan dan Reparasi","nama_perusahaan":"BARA ASIA COALTRADE","jumlah":"1"},{"sektor":"Perdagangan dan Reparasi","nama_perusahaan":"BATULICIN AGRO SENTOSA","jumlah":"1"},{"sektor":"Perdagangan dan Reparasi","nama_perusahaan":"BATULICIN ENAM SEMBILAN PELABUHAN","jumlah":"1"},{"sektor":"Perdagangan dan Reparasi","nama_perusahaan":"BATULICIN ENAM SEMBILAN TRANSPORTASI","jumlah":"1"},{"sektor":"Perdagangan dan Reparasi","nama_perusahaan":"BAYAN RESOURCES","jumlah":"1"},{"sektor":"Perdagangan dan Reparasi","nama_perusahaan":"BINA INTI PERSADA","jumlah":"1"},{"sektor":"Perdagangan dan Reparasi","nama_perusahaan":"BINA USAHA BATULICIN","jumlah":"1"},{"sektor":"Perdagangan dan Reparasi","nama_perusahaan":"BUANA KARYA NOVELTINDO","jumlah":"1"},{"sektor":"Perdagangan dan Reparasi","nama_perusahaan":"DAYA INDAH ANDALAN","jumlah":"1"},{"sektor":"Perdagangan dan Reparasi","nama_perusahaan":"DAYA INDAH YASA","jumlah":"4"},{"sektor":"Perdagangan dan Reparasi","nama_perusahaan":"DUA KOTA LAUT","jumlah":"1"},{"sektor":"Perdagangan dan Reparasi","nama_perusahaan":"ENAM SEMBILAN NIAGA NIKEL","jumlah":"1"},{"sektor":"Perdagangan dan Reparasi","nama_perusahaan":"ENAM SEMBILAN TRADING BATUBARA","jumlah":"1"},{"sektor":"Perdagangan dan Reparasi","nama_perusahaan":"GARUDA WISNU AMERTA","jumlah":"1"},{"sektor":"Perdagangan dan Reparasi","nama_perusahaan":"GLOCHATSA TESALONIKA SENTOSA","jumlah":"1"},{"sektor":"Perdagangan dan Reparasi","nama_perusahaan":"GRAND DUTA BORNEO","jumlah":"2"},{"sektor":"Perdagangan dan Reparasi","nama_perusahaan":"INDOMARCO PRISMATAMA","jumlah":"2"},{"sektor":"Perdagangan dan Reparasi","nama_perusahaan":"JHONLIN MARINE TRANS","jumlah":"1"},{"sektor":"Perdagangan dan Reparasi","nama_perusahaan":"KALIMAS KHARISMA","jumlah":"4"},{"sektor":"Perdagangan dan Reparasi","nama_perusahaan":"KARYA JAYA LOGISTIK","jumlah":"8"},{"sektor":"Perdagangan dan Reparasi","nama_perusahaan":"KHARISMA KAISAR BATULICIN","jumlah":"2"},{"sektor":"Perdagangan dan Reparasi","nama_perusahaan":"KODECO AGROJAYA MANDIRI","jumlah":"1"},{"sektor":"Perdagangan dan Reparasi","nama_perusahaan":"MANDIRI AMAN SEJAHTERA","jumlah":"12"},{"sektor":"Perdagangan dan Reparasi","nama_perusahaan":"MANDIRI AMAN SEKAWAN","jumlah":"7"},{"sektor":"Perdagangan dan Reparasi","nama_perusahaan":"MITRA MEGAH PROFITAMAS","jumlah":"1"},{"sektor":"Perdagangan dan Reparasi","nama_perusahaan":"PUTRA PERKASA ABADI","jumlah":"1"},{"sektor":"Perdagangan dan Reparasi","nama_perusahaan":"SAMATOR GAS INDUSTRI","jumlah":"1"},{"sektor":"Perdagangan dan Reparasi","nama_perusahaan":"SEBAMBAN TERMINAL UMUM","jumlah":"1"},{"sektor":"Perdagangan dan Reparasi","nama_perusahaan":"SENTRA AGRO SUMBER RAYA","jumlah":"3"},{"sektor":"Perdagangan dan Reparasi","nama_perusahaan":"SINARNIAGA SEJAHTERA","jumlah":"1"},{"sektor":"Perdagangan dan Reparasi","nama_perusahaan":"SUMBER ALFARIA TRIJAYA","jumlah":"19"},{"sektor":"Perdagangan dan Reparasi","nama_perusahaan":"SUMBER BERLIAN MOTORS","jumlah":"6"},{"sektor":"Perdagangan dan Reparasi","nama_perusahaan":"SUMBER CIPTA MULTINIAGA","jumlah":"1"},{"sektor":"Perdagangan dan Reparasi","nama_perusahaan":"TIRTAKENCANA TATAWARNA","jumlah":"5"},{"sektor":"Perdagangan dan Reparasi","nama_perusahaan":"UNITED TRACTORS","jumlah":"7"},{"sektor":"Perdagangan dan Reparasi","nama_perusahaan":"WARGI SANTOSA","jumlah":"2"},{"sektor":"Perikanan","nama_perusahaan":"UDANG MARIANI ENAM SEMBILAN","jumlah":"1"},{"sektor":"Pertambangan","nama_perusahaan":"ADIDAYA AKBAR BERKARYA","jumlah":"1"},{"sektor":"Pertambangan","nama_perusahaan":"AMANAH PUTRA BORNEO","jumlah":"1"},{"sektor":"Pertambangan","nama_perusahaan":"ANGSANA JAYA ENERGI","jumlah":"1"},{"sektor":"Pertambangan","nama_perusahaan":"ANZAWARA SATRIA","jumlah":"1"},{"sektor":"Pertambangan","nama_perusahaan":"ARUTMIN INDONESIA","jumlah":"6"},{"sektor":"Pertambangan","nama_perusahaan":"BATULICIN BORNEO MARITIM","jumlah":"2"},{"sektor":"Pertambangan","nama_perusahaan":"BATULICIN ENAM SEMBILAN PERTAMBANGAN","jumlah":"1"},{"sektor":"Pertambangan","nama_perusahaan":"BINA BATULICIN USAHA","jumlah":"1"},{"sektor":"Pertambangan","nama_perusahaan":"BORNEO INDOBARA","jumlah":"31"},{"sektor":"Pertambangan","nama_perusahaan":"BORNEO MITRA BARATAMA","jumlah":"1"},{"sektor":"Pertambangan","nama_perusahaan":"BUKIT MAKMUR MANDIRI UTAMA","jumlah":"1"},{"sektor":"Pertambangan","nama_perusahaan":"CAKRAWALA LANGIT SEJAHTERA","jumlah":"1"},{"sektor":"Pertambangan","nama_perusahaan":"CIPTA KRIDATAMA","jumlah":"2"},{"sektor":"Pertambangan","nama_perusahaan":"DARMA HENWA","jumlah":"2"},{"sektor":"Pertambangan","nama_perusahaan":"DAYA ENERGI TEKNIK","jumlah":"1"},{"sektor":"Pertambangan","nama_perusahaan":"GEMA TAMBANG NUSANTARA","jumlah":"1"},{"sektor":"Pertambangan","nama_perusahaan":"GUNUNG MAYANG STONE","jumlah":"1"},{"sektor":"Pertambangan","nama_perusahaan":"HALONG JAYA BERGETAR","jumlah":"1"},{"sektor":"Pertambangan","nama_perusahaan":"JHONLIN BARATAMA","jumlah":"1"},{"sektor":"Pertambangan","nama_perusahaan":"KRIDA CIPTA SATYA","jumlah":"1"},{"sektor":"Pertambangan","nama_perusahaan":"LINTAS FORTUNA NUSANTARA","jumlah":"1"},{"sektor":"Pertambangan","nama_perusahaan":"MITRAJAYA ABADI BERSAMA","jumlah":"1"},{"sektor":"Pertambangan","nama_perusahaan":"REZKI BATULICIN TRANSPORT","jumlah":"1"},{"sektor":"Pertambangan","nama_perusahaan":"SATUI BINA USAHA","jumlah":"2"},{"sektor":"Pertambangan","nama_perusahaan":"SEIA MITRA MANDIRI","jumlah":"1"},{"sektor":"Pertambangan","nama_perusahaan":"SILIKA MITRA PERKASA","jumlah":"1"},{"sektor":"Pertambangan","nama_perusahaan":"SUNGAI DANAU JAYA","jumlah":"2"},{"sektor":"Pertambangan","nama_perusahaan":"TANAH BUMBU RESOURCES","jumlah":"1"},{"sektor":"Pertambangan","nama_perusahaan":"TIMUR SATRIA PERKASA","jumlah":"1"},{"sektor":"Pertambangan","nama_perusahaan":"TUNAS INTI ABADI","jumlah":"1"},{"sektor":"Pertambangan","nama_perusahaan":"USAHA BARATAMA JESINDO","jumlah":"1"},{"sektor":"Pertambangan","nama_perusahaan":"WAHANA BARATAMA MINING","jumlah":"1"},{"sektor":"Perumahan, Kawasan Industri dan Perkantoran","nama_perusahaan":"DUA SAMUDERA PERKASA","jumlah":"1"},{"sektor":"Perumahan, Kawasan Industri dan Perkantoran","nama_perusahaan":"MANDIRI AMAN SEJAHTERA","jumlah":"2"},{"sektor":"Perumahan, Kawasan Industri dan Perkantoran","nama_perusahaan":"PELAYARAN BAHTERA ADHIGUNA","jumlah":"1"},{"sektor":"Perumahan, Kawasan Industri dan Perkantoran","nama_perusahaan":"SAPTAINDRA SEJATI","jumlah":"1"},{"sektor":"Perumahan, Kawasan Industri dan Perkantoran","nama_perusahaan":"UNITED TRACTORS","jumlah":"1"},{"sektor":"Tanaman Pangan, Perkebunan, dan Peternakan","nama_perusahaan":"ADISURYA CIPTA LESTARI","jumlah":"1"},{"sektor":"Tanaman Pangan, Perkebunan, dan Peternakan","nama_perusahaan":"BORNEO PALM PLANTATION","jumlah":"2"},{"sektor":"Tanaman Pangan, Perkebunan, dan Peternakan","nama_perusahaan":"BUANA KARYA BHAKTI","jumlah":"1"},{"sektor":"Tanaman Pangan, Perkebunan, dan Peternakan","nama_perusahaan":"FASS FOREST DEVELOPMENT","jumlah":"1"},{"sektor":"Tanaman Pangan, Perkebunan, dan Peternakan","nama_perusahaan":"JHONLIN AGRO LESTARI","jumlah":"1"},{"sektor":"Tanaman Pangan, Perkebunan, dan Peternakan","nama_perusahaan":"KODECO AGROJAYA MANDIRI","jumlah":"1"},{"sektor":"Tanaman Pangan, Perkebunan, dan Peternakan","nama_perusahaan":"MANDIRI AMAN SEJAHTERA","jumlah":"14"},{"sektor":"Tanaman Pangan, Perkebunan, dan Peternakan","nama_perusahaan":"MANDIRI AMAN SEKAWAN","jumlah":"6"},{"sektor":"Tanaman Pangan, Perkebunan, dan Peternakan","nama_perusahaan":"PERKEBUNAN NUSANTARA IV","jumlah":"1"},{"sektor":"Transportasi, Gudang dan Telekomunikasi","nama_perusahaan":"ANDIFA NUSA SAMUDERA","jumlah":"2"},{"sektor":"Transportasi, Gudang dan Telekomunikasi","nama_perusahaan":"ARUTMIN INDONESIA","jumlah":"2"},{"sektor":"Transportasi, Gudang dan Telekomunikasi","nama_perusahaan":"ASDP INDONESIA FERRY","jumlah":"2"},{"sektor":"Transportasi, Gudang dan Telekomunikasi","nama_perusahaan":"AXIS PRATAMA INDONESIA","jumlah":"3"},{"sektor":"Transportasi, Gudang dan Telekomunikasi","nama_perusahaan":"BANDAR INDO RAYA","jumlah":"1"},{"sektor":"Transportasi, Gudang dan Telekomunikasi","nama_perusahaan":"BAROKAH DEPUTRA NUSANTARA","jumlah":"1"},{"sektor":"Transportasi, Gudang dan Telekomunikasi","nama_perusahaan":"BATULICIN NUSANTARA MARITIM","jumlah":"1"},{"sektor":"Transportasi, Gudang dan Telekomunikasi","nama_perusahaan":"BAYAN RESOURCES","jumlah":"1"},{"sektor":"Transportasi, Gudang dan Telekomunikasi","nama_perusahaan":"BINA INDO RAYA","jumlah":"1"},{"sektor":"Transportasi, Gudang dan Telekomunikasi","nama_perusahaan":"BINA INTI PERSADA","jumlah":"3"},{"sektor":"Transportasi, Gudang dan Telekomunikasi","nama_perusahaan":"BINA KARYA PUTRA BATULICIN","jumlah":"1"},{"sektor":"Transportasi, Gudang dan Telekomunikasi","nama_perusahaan":"BINA USAHA BATULICIN","jumlah":"3"},{"sektor":"Transportasi, Gudang dan Telekomunikasi","nama_perusahaan":"BORNEO INDOBARA","jumlah":"2"},{"sektor":"Transportasi, Gudang dan Telekomunikasi","nama_perusahaan":"BUKIT MAKMUR MANDIRI UTAMA","jumlah":"1"},{"sektor":"Transportasi, Gudang dan Telekomunikasi","nama_perusahaan":"CIPTA KRIDA BAHARI","jumlah":"1"},{"sektor":"Transportasi, Gudang dan Telekomunikasi","nama_perusahaan":"CIPTA KRIDATAMA","jumlah":"1"},{"sektor":"Transportasi, Gudang dan Telekomunikasi","nama_perusahaan":"DIANTA DAYA EMBARA","jumlah":"1"},{"sektor":"Transportasi, Gudang dan Telekomunikasi","nama_perusahaan":"DUA SAMUDERA PERKASA","jumlah":"1"},{"sektor":"Transportasi, Gudang dan Telekomunikasi","nama_perusahaan":"JEMBATAN NUSANTARA","jumlah":"1"},{"sektor":"Transportasi, Gudang dan Telekomunikasi","nama_perusahaan":"JHONLIN AGRO RAYA Tbk","jumlah":"1"},{"sektor":"Transportasi, Gudang dan Telekomunikasi","nama_perusahaan":"JHONLIN MARINE LINES","jumlah":"1"},{"sektor":"Transportasi, Gudang dan Telekomunikasi","nama_perusahaan":"JHONLIN MARINE TRANS","jumlah":"2"},{"sektor":"Transportasi, Gudang dan Telekomunikasi","nama_perusahaan":"KARYA JAYA LOGISTIK","jumlah":"1"},{"sektor":"Transportasi, Gudang dan Telekomunikasi","nama_perusahaan":"KHARISMA KAISAR BATULICIN","jumlah":"3"},{"sektor":"Transportasi, Gudang dan Telekomunikasi","nama_perusahaan":"MANDIRI AMAN SEJAHTERA","jumlah":"3"},{"sektor":"Transportasi, Gudang dan Telekomunikasi","nama_perusahaan":"MANDIRI AMAN SEKAWAN","jumlah":"2"},{"sektor":"Transportasi, Gudang dan Telekomunikasi","nama_perusahaan":"MEGA UTAMA KHATULISTIWA","jumlah":"2"},{"sektor":"Transportasi, Gudang dan Telekomunikasi","nama_perusahaan":"MITRA JASA SEBAMBAN UTAMA","jumlah":"2"},{"sektor":"Transportasi, Gudang dan Telekomunikasi","nama_perusahaan":"PAGAR MULYA KARYATAMA","jumlah":"4"},{"sektor":"Transportasi, Gudang dan Telekomunikasi","nama_perusahaan":"PELABUHAN SWANGI INDAH","jumlah":"1"},{"sektor":"Transportasi, Gudang dan Telekomunikasi","nama_perusahaan":"PERUSAHAAN PERSEROAN (PERSERO) PT PELABUHAN INDONESIA DISINGKAT PT PELABUHAN INDONESIA (PERSERO)","jumlah":"1"},{"sektor":"Transportasi, Gudang dan Telekomunikasi","nama_perusahaan":"REZKI BATULICIN TRANSPORT","jumlah":"3"},{"sektor":"Transportasi, Gudang dan Telekomunikasi","nama_perusahaan":"SALAM PACIFIC INDONESIA LINES","jumlah":"1"},{"sektor":"Transportasi, Gudang dan Telekomunikasi","nama_perusahaan":"SARANA INDO PERDANA","jumlah":"2"},{"sektor":"Transportasi, Gudang dan Telekomunikasi","nama_perusahaan":"SEBAMBAN TERMINAL UMUM","jumlah":"1"},{"sektor":"Transportasi, Gudang dan Telekomunikasi","nama_perusahaan":"SERASI SHIPPING INDONESIA","jumlah":"1"},{"sektor":"Transportasi, Gudang dan Telekomunikasi","nama_perusahaan":"TIRTAKENCANA TATAWARNA","jumlah":"1"},{"sektor":"Transportasi, Gudang dan Telekomunikasi","nama_perusahaan":"WARGI SANTOSA","jumlah":"1"},{"sektor":"Transportasi, Gudang dan Telekomunikasi","nama_perusahaan":"WORLD TERMINALINDO","jumlah":"1"}],"total":435}}
DEBUG - 2025-12-15 09:02:22 --> QuarterlyChartService - Total uploads: 1
DEBUG - 2025-12-15 09:02:22 --> QuarterlyChartService - Selected year: all
DEBUG - 2025-12-15 09:02:22 --> Processing upload ID: 52, Status: completed, Year: 2025, Quarter: Q3
DEBUG - 2025-12-15 09:02:22 --> Upload ID 52 - PMA: 1653622393959.00, PMDN: 1817276331954.00
DEBUG - 2025-12-15 09:02:22 --> Added to Q3: 3470898725913 (Total now: 3470898725913)
DEBUG - 2025-12-15 09:02:22 --> Final quarterly data before conversion: {"Q1":0,"Q2":0,"Q3":3470898725913,"Q4":0}
DEBUG - 2025-12-15 09:02:22 --> QuarterlyChartService (All Years) - Total uploads: 1
DEBUG - 2025-12-15 09:02:22 --> Initialized year: 2025
DEBUG - 2025-12-15 09:02:22 --> Upload ID 52 - PMA: 1653622393959.00, PMDN: 1817276331954.00
DEBUG - 2025-12-15 09:02:22 --> Added to Q3: 3470898725913 (Total now: 3470898725913)
DEBUG - 2025-12-15 09:02:22 --> Yearly quarterly data before conversion: {"2025":{"Q1":0,"Q2":0,"Q3":3470898725913,"Q4":0}}
DEBUG - 2025-12-15 09:02:22 --> QuarterlyChartService (All Years) - Final result: {"2025":{"labels":["Q1","Q2","Q3","Q4"],"values":[0,0,3470898725913,0]}}
INFO - 2025-12-15 09:04:14 --> Session: Class initialized using 'CodeIgniter\Session\Handlers\FileHandler' driver.
DEBUG - 2025-12-15 09:04:14 --> === getSectorCountByCompany START ===
DEBUG - 2025-12-15 09:04:14 --> Upload ID: 52
DEBUG - 2025-12-15 09:04:14 --> PMA records found: 15
DEBUG - 2025-12-15 09:04:14 --> PMDN records found: 186
DEBUG - 2025-12-15 09:04:14 --> PMA: 15 rows, Total: 20
DEBUG - 2025-12-15 09:04:14 --> PMDN: 186 rows, Total: 435
DEBUG - 2025-12-15 09:04:14 --> === getSectorCountByCompany END ===
DEBUG - 2025-12-15 09:04:14 --> === getSectorCountByCompany START ===
DEBUG - 2025-12-15 09:04:14 --> Upload ID: 52
DEBUG - 2025-12-15 09:04:14 --> PMA records found: 15
DEBUG - 2025-12-15 09:04:14 --> PMDN records found: 186
DEBUG - 2025-12-15 09:04:14 --> PMA: 15 rows, Total: 20
DEBUG - 2025-12-15 09:04:14 --> PMDN: 186 rows, Total: 435
DEBUG - 2025-12-15 09:04:14 --> === getSectorCountByCompany END ===
DEBUG - 2025-12-15 09:04:14 --> Sector count in DashboardService: {"PMA":{"data":[{"sektor":"Hotel dan Restoran","nama_perusahaan":"CAHAYA ANUGRAH SARANA CATERING","jumlah":"2"},{"sektor":"Industri Lainnya","nama_perusahaan":"ANUGERAH BAROKAH CAKRAWALA","jumlah":"1"},{"sektor":"Industri Logam Dasar, Barang Logam, Bukan Mesin dan Peralatannya","nama_perusahaan":"ANUGERAH BAROKAH CAKRAWALA","jumlah":"3"},{"sektor":"Industri Logam Dasar, Barang Logam, Bukan Mesin dan Peralatannya","nama_perusahaan":"ANUGERAH BAROKAH ENERGI BARU","jumlah":"1"},{"sektor":"Jasa Lainnya","nama_perusahaan":"THIESS CONTRACTORS INDONESIA","jumlah":"1"},{"sektor":"Listrik, Gas dan Air","nama_perusahaan":"ANUGERAH BAROKAH CAKRAWALA","jumlah":"1"},{"sektor":"Perdagangan dan Reparasi","nama_perusahaan":"VKS DRILLTEK INDO","jumlah":"1"},{"sektor":"Pertambangan","nama_perusahaan":"MITRA SETIA TANAH BUMBU","jumlah":"1"},{"sektor":"Pertambangan","nama_perusahaan":"THIESS CONTRACTORS INDONESIA","jumlah":"1"},{"sektor":"Pertambangan","nama_perusahaan":"TOUDANO MANDIRI ABADI","jumlah":"1"},{"sektor":"Pertambangan","nama_perusahaan":"TRANSCOAL MINERGY","jumlah":"3"},{"sektor":"Pertambangan","nama_perusahaan":"YIWAN MINING","jumlah":"1"},{"sektor":"Tanaman Pangan, Perkebunan, dan Peternakan","nama_perusahaan":"JAYA MANDIRI SUKSES","jumlah":"1"},{"sektor":"Tanaman Pangan, Perkebunan, dan Peternakan","nama_perusahaan":"SINGALAND ASETAMA","jumlah":"1"},{"sektor":"Transportasi, Gudang dan Telekomunikasi","nama_perusahaan":"ANUGERAH BAROKAH CAKRAWALA","jumlah":"1"}],"total":20},"PMDN":{"data":[{"sektor":"Hotel dan Restoran","nama_perusahaan":"ARYATAMA BANUA BIRU","jumlah":"3"},{"sektor":"Hotel dan Restoran","nama_perusahaan":"FAST FOOD INDONESIA","jumlah":"1"},{"sektor":"Hotel dan Restoran","nama_perusahaan":"PESTA PORA ABADI","jumlah":"3"},{"sektor":"Hotel dan Restoran","nama_perusahaan":"RICHEESE KULINER INDONESIA","jumlah":"1"},{"sektor":"Hotel dan Restoran","nama_perusahaan":"SARANA INDO PERDANA","jumlah":"1"},{"sektor":"Industri  Mesin, Elektronik, Instrumen Kedokteran, Peralatan Listrik, Presisi, Optik dan Jam","nama_perusahaan":"SANGGAR SARANA BAJA","jumlah":"1"},{"sektor":"Industri Karet dan Plastik","nama_perusahaan":"NUSANTARA BATULICIN","jumlah":"1"},{"sektor":"Industri Kendaraan Bermotor dan Alat Transportasi Lain","nama_perusahaan":"KARYA JAYA LOGISTIK","jumlah":"1"},{"sektor":"Industri Kimia Dan Farmasi","nama_perusahaan":"HAJI MAMING PELABUHAN","jumlah":"1"},{"sektor":"Industri Kimia Dan Farmasi","nama_perusahaan":"JHONLIN AGRO RAYA Tbk","jumlah":"1"},{"sektor":"Industri Kimia Dan Farmasi","nama_perusahaan":"JOH SUKSES MANDIRI MOTOR","jumlah":"1"},{"sektor":"Industri Kimia Dan Farmasi","nama_perusahaan":"SATUI BINA USAHA","jumlah":"2"},{"sektor":"Industri Lainnya","nama_perusahaan":"BUANA KARYA BHAKTI","jumlah":"1"},{"sektor":"Industri Logam Dasar, Barang Logam, Bukan Mesin dan Peralatannya","nama_perusahaan":"ANGKASA JAYA MULIA","jumlah":"1"},{"sektor":"Industri Makanan","nama_perusahaan":"ADISURYA CIPTA LESTARI","jumlah":"1"},{"sektor":"Industri Makanan","nama_perusahaan":"BUANA KARYA BHAKTI","jumlah":"2"},{"sektor":"Industri Makanan","nama_perusahaan":"BUANA KARYA NOVELTINDO","jumlah":"1"},{"sektor":"Industri Makanan","nama_perusahaan":"GAWI MAKMUR KALIMANTAN","jumlah":"1"},{"sektor":"Industri Makanan","nama_perusahaan":"JHONLIN AGRO RAYA Tbk","jumlah":"1"},{"sektor":"Industri Makanan","nama_perusahaan":"KARYA JAYA LOGISTIK","jumlah":"3"},{"sektor":"Industri Makanan","nama_perusahaan":"KODECO AGROJAYA MANDIRI","jumlah":"2"},{"sektor":"Industri Makanan","nama_perusahaan":"MANDIRI AMAN SEJAHTERA","jumlah":"2"},{"sektor":"Industri Makanan","nama_perusahaan":"MANDIRI AMAN SEKAWAN","jumlah":"1"},{"sektor":"Industri Makanan","nama_perusahaan":"SARANA INDO PERDANA","jumlah":"1"},{"sektor":"Industri Makanan","nama_perusahaan":"UDANG MARIANI ENAM SEMBILAN","jumlah":"1"},{"sektor":"Jasa Lainnya","nama_perusahaan":"ANINDYA WIRAPUTRA KONSULT","jumlah":"3"},{"sektor":"Jasa Lainnya","nama_perusahaan":"BATULICIN ENAM SEMBILAN","jumlah":"1"},{"sektor":"Jasa Lainnya","nama_perusahaan":"BATULICIN ENAM SEMBILAN PERTAMBANGAN","jumlah":"1"},{"sektor":"Jasa Lainnya","nama_perusahaan":"BINA INTI PERSADA","jumlah":"1"},{"sektor":"Jasa Lainnya","nama_perusahaan":"BUANA KARYA BHAKTI","jumlah":"1"},{"sektor":"Jasa Lainnya","nama_perusahaan":"DAYA ENERGI TEKNIK","jumlah":"2"},{"sektor":"Jasa Lainnya","nama_perusahaan":"DELTA GARDA PERSADA","jumlah":"1"},{"sektor":"Jasa Lainnya","nama_perusahaan":"MAMING ENAM SEMBILAN","jumlah":"1"},{"sektor":"Jasa Lainnya","nama_perusahaan":"MANDIRI AMAN SEKAWAN","jumlah":"5"},{"sektor":"Jasa Lainnya","nama_perusahaan":"NAWAKARA PERKASA NUSANTARA","jumlah":"2"},{"sektor":"Jasa Lainnya","nama_perusahaan":"PUTRA PERKASA ABADI","jumlah":"1"},{"sektor":"Jasa Lainnya","nama_perusahaan":"SARANA INDO PERDANA","jumlah":"2"},{"sektor":"Jasa Lainnya","nama_perusahaan":"SUPRIMA MITRA ADIHUSADA","jumlah":"3"},{"sektor":"Jasa Lainnya","nama_perusahaan":"UNITED TRACTORS","jumlah":"6"},{"sektor":"Jasa Lainnya","nama_perusahaan":"WARGI SANTOSA","jumlah":"3"},{"sektor":"Kehutanan","nama_perusahaan":"BATULICIN BUMI BERSUJUD","jumlah":"2"},{"sektor":"Konstruksi","nama_perusahaan":"ANDIFA NUSA SAMUDERA","jumlah":"3"},{"sektor":"Konstruksi","nama_perusahaan":"BATULICIN BORNEO MARITIM","jumlah":"2"},{"sektor":"Konstruksi","nama_perusahaan":"KARYA TANTRA MEGA","jumlah":"2"},{"sektor":"Konstruksi","nama_perusahaan":"KRIDA CIPTA SATYA","jumlah":"3"},{"sektor":"Konstruksi","nama_perusahaan":"MANDIRI AMAN SEJAHTERA","jumlah":"20"},{"sektor":"Konstruksi","nama_perusahaan":"MANDIRI AMAN SEKAWAN","jumlah":"19"},{"sektor":"Konstruksi","nama_perusahaan":"MITRA JASA SEBAMBAN UTAMA","jumlah":"1"},{"sektor":"Konstruksi","nama_perusahaan":"PROFESIONAL TELEKOMUNIKASI INDONESIA","jumlah":"8"},{"sektor":"Konstruksi","nama_perusahaan":"SOLUSI TUNAS PRATAMA","jumlah":"7"},{"sektor":"Konstruksi","nama_perusahaan":"TATA BUANA KARYA","jumlah":"1"},{"sektor":"Konstruksi","nama_perusahaan":"TOWER BERSAMA","jumlah":"5"},{"sektor":"Konstruksi","nama_perusahaan":"UNITED TRACTORS","jumlah":"1"},{"sektor":"Listrik, Gas dan Air","nama_perusahaan":"BINA INTI PERSADA","jumlah":"3"},{"sektor":"Listrik, Gas dan Air","nama_perusahaan":"BUMI NUSA PALAPA","jumlah":"1"},{"sektor":"Listrik, Gas dan Air","nama_perusahaan":"DUA SAMUDERA PERKASA","jumlah":"1"},{"sektor":"Listrik, Gas dan Air","nama_perusahaan":"SARANA INDO PERDANA","jumlah":"2"},{"sektor":"Listrik, Gas dan Air","nama_perusahaan":"SUMBERDAYA SEWATAMA","jumlah":"1"},{"sektor":"Perdagangan dan Reparasi","nama_perusahaan":"ADIDAYA AKBAR BERKARYA","jumlah":"1"},{"sektor":"Perdagangan dan Reparasi","nama_perusahaan":"ADISURYA CIPTA LESTARI","jumlah":"2"},{"sektor":"Perdagangan dan Reparasi","nama_perusahaan":"AMANAH PUTRA BORNEO","jumlah":"1"},{"sektor":"Perdagangan dan Reparasi","nama_perusahaan":"ANDIFA PERKASA ENERGI","jumlah":"4"},{"sektor":"Perdagangan dan Reparasi","nama_perusahaan":"ANDIFA ZAYEEN PERKASA","jumlah":"1"},{"sektor":"Perdagangan dan Reparasi","nama_perusahaan":"AXIS PRATAMA INDONESIA","jumlah":"1"},{"sektor":"Perdagangan dan Reparasi","nama_perusahaan":"BARA ASIA COALTRADE","jumlah":"1"},{"sektor":"Perdagangan dan Reparasi","nama_perusahaan":"BATULICIN AGRO SENTOSA","jumlah":"1"},{"sektor":"Perdagangan dan Reparasi","nama_perusahaan":"BATULICIN ENAM SEMBILAN PELABUHAN","jumlah":"1"},{"sektor":"Perdagangan dan Reparasi","nama_perusahaan":"BATULICIN ENAM SEMBILAN TRANSPORTASI","jumlah":"1"},{"sektor":"Perdagangan dan Reparasi","nama_perusahaan":"BAYAN RESOURCES","jumlah":"1"},{"sektor":"Perdagangan dan Reparasi","nama_perusahaan":"BINA INTI PERSADA","jumlah":"1"},{"sektor":"Perdagangan dan Reparasi","nama_perusahaan":"BINA USAHA BATULICIN","jumlah":"1"},{"sektor":"Perdagangan dan Reparasi","nama_perusahaan":"BUANA KARYA NOVELTINDO","jumlah":"1"},{"sektor":"Perdagangan dan Reparasi","nama_perusahaan":"DAYA INDAH ANDALAN","jumlah":"1"},{"sektor":"Perdagangan dan Reparasi","nama_perusahaan":"DAYA INDAH YASA","jumlah":"4"},{"sektor":"Perdagangan dan Reparasi","nama_perusahaan":"DUA KOTA LAUT","jumlah":"1"},{"sektor":"Perdagangan dan Reparasi","nama_perusahaan":"ENAM SEMBILAN NIAGA NIKEL","jumlah":"1"},{"sektor":"Perdagangan dan Reparasi","nama_perusahaan":"ENAM SEMBILAN TRADING BATUBARA","jumlah":"1"},{"sektor":"Perdagangan dan Reparasi","nama_perusahaan":"GARUDA WISNU AMERTA","jumlah":"1"},{"sektor":"Perdagangan dan Reparasi","nama_perusahaan":"GLOCHATSA TESALONIKA SENTOSA","jumlah":"1"},{"sektor":"Perdagangan dan Reparasi","nama_perusahaan":"GRAND DUTA BORNEO","jumlah":"2"},{"sektor":"Perdagangan dan Reparasi","nama_perusahaan":"INDOMARCO PRISMATAMA","jumlah":"2"},{"sektor":"Perdagangan dan Reparasi","nama_perusahaan":"JHONLIN MARINE TRANS","jumlah":"1"},{"sektor":"Perdagangan dan Reparasi","nama_perusahaan":"KALIMAS KHARISMA","jumlah":"4"},{"sektor":"Perdagangan dan Reparasi","nama_perusahaan":"KARYA JAYA LOGISTIK","jumlah":"8"},{"sektor":"Perdagangan dan Reparasi","nama_perusahaan":"KHARISMA KAISAR BATULICIN","jumlah":"2"},{"sektor":"Perdagangan dan Reparasi","nama_perusahaan":"KODECO AGROJAYA MANDIRI","jumlah":"1"},{"sektor":"Perdagangan dan Reparasi","nama_perusahaan":"MANDIRI AMAN SEJAHTERA","jumlah":"12"},{"sektor":"Perdagangan dan Reparasi","nama_perusahaan":"MANDIRI AMAN SEKAWAN","jumlah":"7"},{"sektor":"Perdagangan dan Reparasi","nama_perusahaan":"MITRA MEGAH PROFITAMAS","jumlah":"1"},{"sektor":"Perdagangan dan Reparasi","nama_perusahaan":"PUTRA PERKASA ABADI","jumlah":"1"},{"sektor":"Perdagangan dan Reparasi","nama_perusahaan":"SAMATOR GAS INDUSTRI","jumlah":"1"},{"sektor":"Perdagangan dan Reparasi","nama_perusahaan":"SEBAMBAN TERMINAL UMUM","jumlah":"1"},{"sektor":"Perdagangan dan Reparasi","nama_perusahaan":"SENTRA AGRO SUMBER RAYA","jumlah":"3"},{"sektor":"Perdagangan dan Reparasi","nama_perusahaan":"SINARNIAGA SEJAHTERA","jumlah":"1"},{"sektor":"Perdagangan dan Reparasi","nama_perusahaan":"SUMBER ALFARIA TRIJAYA","jumlah":"19"},{"sektor":"Perdagangan dan Reparasi","nama_perusahaan":"SUMBER BERLIAN MOTORS","jumlah":"6"},{"sektor":"Perdagangan dan Reparasi","nama_perusahaan":"SUMBER CIPTA MULTINIAGA","jumlah":"1"},{"sektor":"Perdagangan dan Reparasi","nama_perusahaan":"TIRTAKENCANA TATAWARNA","jumlah":"5"},{"sektor":"Perdagangan dan Reparasi","nama_perusahaan":"UNITED TRACTORS","jumlah":"7"},{"sektor":"Perdagangan dan Reparasi","nama_perusahaan":"WARGI SANTOSA","jumlah":"2"},{"sektor":"Perikanan","nama_perusahaan":"UDANG MARIANI ENAM SEMBILAN","jumlah":"1"},{"sektor":"Pertambangan","nama_perusahaan":"ADIDAYA AKBAR BERKARYA","jumlah":"1"},{"sektor":"Pertambangan","nama_perusahaan":"AMANAH PUTRA BORNEO","jumlah":"1"},{"sektor":"Pertambangan","nama_perusahaan":"ANGSANA JAYA ENERGI","jumlah":"1"},{"sektor":"Pertambangan","nama_perusahaan":"ANZAWARA SATRIA","jumlah":"1"},{"sektor":"Pertambangan","nama_perusahaan":"ARUTMIN INDONESIA","jumlah":"6"},{"sektor":"Pertambangan","nama_perusahaan":"BATULICIN BORNEO MARITIM","jumlah":"2"},{"sektor":"Pertambangan","nama_perusahaan":"BATULICIN ENAM SEMBILAN PERTAMBANGAN","jumlah":"1"},{"sektor":"Pertambangan","nama_perusahaan":"BINA BATULICIN USAHA","jumlah":"1"},{"sektor":"Pertambangan","nama_perusahaan":"BORNEO INDOBARA","jumlah":"31"},{"sektor":"Pertambangan","nama_perusahaan":"BORNEO MITRA BARATAMA","jumlah":"1"},{"sektor":"Pertambangan","nama_perusahaan":"BUKIT MAKMUR MANDIRI UTAMA","jumlah":"1"},{"sektor":"Pertambangan","nama_perusahaan":"CAKRAWALA LANGIT SEJAHTERA","jumlah":"1"},{"sektor":"Pertambangan","nama_perusahaan":"CIPTA KRIDATAMA","jumlah":"2"},{"sektor":"Pertambangan","nama_perusahaan":"DARMA HENWA","jumlah":"2"},{"sektor":"Pertambangan","nama_perusahaan":"DAYA ENERGI TEKNIK","jumlah":"1"},{"sektor":"Pertambangan","nama_perusahaan":"GEMA TAMBANG NUSANTARA","jumlah":"1"},{"sektor":"Pertambangan","nama_perusahaan":"GUNUNG MAYANG STONE","jumlah":"1"},{"sektor":"Pertambangan","nama_perusahaan":"HALONG JAYA BERGETAR","jumlah":"1"},{"sektor":"Pertambangan","nama_perusahaan":"JHONLIN BARATAMA","jumlah":"1"},{"sektor":"Pertambangan","nama_perusahaan":"KRIDA CIPTA SATYA","jumlah":"1"},{"sektor":"Pertambangan","nama_perusahaan":"LINTAS FORTUNA NUSANTARA","jumlah":"1"},{"sektor":"Pertambangan","nama_perusahaan":"MITRAJAYA ABADI BERSAMA","jumlah":"1"},{"sektor":"Pertambangan","nama_perusahaan":"REZKI BATULICIN TRANSPORT","jumlah":"1"},{"sektor":"Pertambangan","nama_perusahaan":"SATUI BINA USAHA","jumlah":"2"},{"sektor":"Pertambangan","nama_perusahaan":"SEIA MITRA MANDIRI","jumlah":"1"},{"sektor":"Pertambangan","nama_perusahaan":"SILIKA MITRA PERKASA","jumlah":"1"},{"sektor":"Pertambangan","nama_perusahaan":"SUNGAI DANAU JAYA","jumlah":"2"},{"sektor":"Pertambangan","nama_perusahaan":"TANAH BUMBU RESOURCES","jumlah":"1"},{"sektor":"Pertambangan","nama_perusahaan":"TIMUR SATRIA PERKASA","jumlah":"1"},{"sektor":"Pertambangan","nama_perusahaan":"TUNAS INTI ABADI","jumlah":"1"},{"sektor":"Pertambangan","nama_perusahaan":"USAHA BARATAMA JESINDO","jumlah":"1"},{"sektor":"Pertambangan","nama_perusahaan":"WAHANA BARATAMA MINING","jumlah":"1"},{"sektor":"Perumahan, Kawasan Industri dan Perkantoran","nama_perusahaan":"DUA SAMUDERA PERKASA","jumlah":"1"},{"sektor":"Perumahan, Kawasan Industri dan Perkantoran","nama_perusahaan":"MANDIRI AMAN SEJAHTERA","jumlah":"2"},{"sektor":"Perumahan, Kawasan Industri dan Perkantoran","nama_perusahaan":"PELAYARAN BAHTERA ADHIGUNA","jumlah":"1"},{"sektor":"Perumahan, Kawasan Industri dan Perkantoran","nama_perusahaan":"SAPTAINDRA SEJATI","jumlah":"1"},{"sektor":"Perumahan, Kawasan Industri dan Perkantoran","nama_perusahaan":"UNITED TRACTORS","jumlah":"1"},{"sektor":"Tanaman Pangan, Perkebunan, dan Peternakan","nama_perusahaan":"ADISURYA CIPTA LESTARI","jumlah":"1"},{"sektor":"Tanaman Pangan, Perkebunan, dan Peternakan","nama_perusahaan":"BORNEO PALM PLANTATION","jumlah":"2"},{"sektor":"Tanaman Pangan, Perkebunan, dan Peternakan","nama_perusahaan":"BUANA KARYA BHAKTI","jumlah":"1"},{"sektor":"Tanaman Pangan, Perkebunan, dan Peternakan","nama_perusahaan":"FASS FOREST DEVELOPMENT","jumlah":"1"},{"sektor":"Tanaman Pangan, Perkebunan, dan Peternakan","nama_perusahaan":"JHONLIN AGRO LESTARI","jumlah":"1"},{"sektor":"Tanaman Pangan, Perkebunan, dan Peternakan","nama_perusahaan":"KODECO AGROJAYA MANDIRI","jumlah":"1"},{"sektor":"Tanaman Pangan, Perkebunan, dan Peternakan","nama_perusahaan":"MANDIRI AMAN SEJAHTERA","jumlah":"14"},{"sektor":"Tanaman Pangan, Perkebunan, dan Peternakan","nama_perusahaan":"MANDIRI AMAN SEKAWAN","jumlah":"6"},{"sektor":"Tanaman Pangan, Perkebunan, dan Peternakan","nama_perusahaan":"PERKEBUNAN NUSANTARA IV","jumlah":"1"},{"sektor":"Transportasi, Gudang dan Telekomunikasi","nama_perusahaan":"ANDIFA NUSA SAMUDERA","jumlah":"2"},{"sektor":"Transportasi, Gudang dan Telekomunikasi","nama_perusahaan":"ARUTMIN INDONESIA","jumlah":"2"},{"sektor":"Transportasi, Gudang dan Telekomunikasi","nama_perusahaan":"ASDP INDONESIA FERRY","jumlah":"2"},{"sektor":"Transportasi, Gudang dan Telekomunikasi","nama_perusahaan":"AXIS PRATAMA INDONESIA","jumlah":"3"},{"sektor":"Transportasi, Gudang dan Telekomunikasi","nama_perusahaan":"BANDAR INDO RAYA","jumlah":"1"},{"sektor":"Transportasi, Gudang dan Telekomunikasi","nama_perusahaan":"BAROKAH DEPUTRA NUSANTARA","jumlah":"1"},{"sektor":"Transportasi, Gudang dan Telekomunikasi","nama_perusahaan":"BATULICIN NUSANTARA MARITIM","jumlah":"1"},{"sektor":"Transportasi, Gudang dan Telekomunikasi","nama_perusahaan":"BAYAN RESOURCES","jumlah":"1"},{"sektor":"Transportasi, Gudang dan Telekomunikasi","nama_perusahaan":"BINA INDO RAYA","jumlah":"1"},{"sektor":"Transportasi, Gudang dan Telekomunikasi","nama_perusahaan":"BINA INTI PERSADA","jumlah":"3"},{"sektor":"Transportasi, Gudang dan Telekomunikasi","nama_perusahaan":"BINA KARYA PUTRA BATULICIN","jumlah":"1"},{"sektor":"Transportasi, Gudang dan Telekomunikasi","nama_perusahaan":"BINA USAHA BATULICIN","jumlah":"3"},{"sektor":"Transportasi, Gudang dan Telekomunikasi","nama_perusahaan":"BORNEO INDOBARA","jumlah":"2"},{"sektor":"Transportasi, Gudang dan Telekomunikasi","nama_perusahaan":"BUKIT MAKMUR MANDIRI UTAMA","jumlah":"1"},{"sektor":"Transportasi, Gudang dan Telekomunikasi","nama_perusahaan":"CIPTA KRIDA BAHARI","jumlah":"1"},{"sektor":"Transportasi, Gudang dan Telekomunikasi","nama_perusahaan":"CIPTA KRIDATAMA","jumlah":"1"},{"sektor":"Transportasi, Gudang dan Telekomunikasi","nama_perusahaan":"DIANTA DAYA EMBARA","jumlah":"1"},{"sektor":"Transportasi, Gudang dan Telekomunikasi","nama_perusahaan":"DUA SAMUDERA PERKASA","jumlah":"1"},{"sektor":"Transportasi, Gudang dan Telekomunikasi","nama_perusahaan":"JEMBATAN NUSANTARA","jumlah":"1"},{"sektor":"Transportasi, Gudang dan Telekomunikasi","nama_perusahaan":"JHONLIN AGRO RAYA Tbk","jumlah":"1"},{"sektor":"Transportasi, Gudang dan Telekomunikasi","nama_perusahaan":"JHONLIN MARINE LINES","jumlah":"1"},{"sektor":"Transportasi, Gudang dan Telekomunikasi","nama_perusahaan":"JHONLIN MARINE TRANS","jumlah":"2"},{"sektor":"Transportasi, Gudang dan Telekomunikasi","nama_perusahaan":"KARYA JAYA LOGISTIK","jumlah":"1"},{"sektor":"Transportasi, Gudang dan Telekomunikasi","nama_perusahaan":"KHARISMA KAISAR BATULICIN","jumlah":"3"},{"sektor":"Transportasi, Gudang dan Telekomunikasi","nama_perusahaan":"MANDIRI AMAN SEJAHTERA","jumlah":"3"},{"sektor":"Transportasi, Gudang dan Telekomunikasi","nama_perusahaan":"MANDIRI AMAN SEKAWAN","jumlah":"2"},{"sektor":"Transportasi, Gudang dan Telekomunikasi","nama_perusahaan":"MEGA UTAMA KHATULISTIWA","jumlah":"2"},{"sektor":"Transportasi, Gudang dan Telekomunikasi","nama_perusahaan":"MITRA JASA SEBAMBAN UTAMA","jumlah":"2"},{"sektor":"Transportasi, Gudang dan Telekomunikasi","nama_perusahaan":"PAGAR MULYA KARYATAMA","jumlah":"4"},{"sektor":"Transportasi, Gudang dan Telekomunikasi","nama_perusahaan":"PELABUHAN SWANGI INDAH","jumlah":"1"},{"sektor":"Transportasi, Gudang dan Telekomunikasi","nama_perusahaan":"PERUSAHAAN PERSEROAN (PERSERO) PT PELABUHAN INDONESIA DISINGKAT PT PELABUHAN INDONESIA (PERSERO)","jumlah":"1"},{"sektor":"Transportasi, Gudang dan Telekomunikasi","nama_perusahaan":"REZKI BATULICIN TRANSPORT","jumlah":"3"},{"sektor":"Transportasi, Gudang dan Telekomunikasi","nama_perusahaan":"SALAM PACIFIC INDONESIA LINES","jumlah":"1"},{"sektor":"Transportasi, Gudang dan Telekomunikasi","nama_perusahaan":"SARANA INDO PERDANA","jumlah":"2"},{"sektor":"Transportasi, Gudang dan Telekomunikasi","nama_perusahaan":"SEBAMBAN TERMINAL UMUM","jumlah":"1"},{"sektor":"Transportasi, Gudang dan Telekomunikasi","nama_perusahaan":"SERASI SHIPPING INDONESIA","jumlah":"1"},{"sektor":"Transportasi, Gudang dan Telekomunikasi","nama_perusahaan":"TIRTAKENCANA TATAWARNA","jumlah":"1"},{"sektor":"Transportasi, Gudang dan Telekomunikasi","nama_perusahaan":"WARGI SANTOSA","jumlah":"1"},{"sektor":"Transportasi, Gudang dan Telekomunikasi","nama_perusahaan":"WORLD TERMINALINDO","jumlah":"1"}],"total":435}}
DEBUG - 2025-12-15 09:04:14 --> QuarterlyChartService - Total uploads: 1
DEBUG - 2025-12-15 09:04:14 --> QuarterlyChartService - Selected year: all
DEBUG - 2025-12-15 09:04:14 --> Processing upload ID: 52, Status: completed, Year: 2025, Quarter: Q3
DEBUG - 2025-12-15 09:04:14 --> Upload ID 52 - PMA: 1653622393959.00, PMDN: 1817276331954.00
DEBUG - 2025-12-15 09:04:14 --> Added to Q3: 3470898725913 (Total now: 3470898725913)
DEBUG - 2025-12-15 09:04:14 --> Final quarterly data before conversion: {"Q1":0,"Q2":0,"Q3":3470898725913,"Q4":0}
DEBUG - 2025-12-15 09:04:14 --> QuarterlyChartService (All Years) - Total uploads: 1
DEBUG - 2025-12-15 09:04:14 --> Initialized year: 2025
DEBUG - 2025-12-15 09:04:14 --> Upload ID 52 - PMA: 1653622393959.00, PMDN: 1817276331954.00
DEBUG - 2025-12-15 09:04:14 --> Added to Q3: 3470898725913 (Total now: 3470898725913)
DEBUG - 2025-12-15 09:04:14 --> Yearly quarterly data before conversion: {"2025":{"Q1":0,"Q2":0,"Q3":3470898725913,"Q4":0}}
DEBUG - 2025-12-15 09:04:14 --> QuarterlyChartService (All Years) - Final result: {"2025":{"labels":["Q1","Q2","Q3","Q4"],"values":[0,0,3470898725913,0]}}
INFO - 2025-12-15 09:05:33 --> Session: Class initialized using 'CodeIgniter\Session\Handlers\FileHandler' driver.
DEBUG - 2025-12-15 09:05:33 --> === getSectorCountByCompany START ===
DEBUG - 2025-12-15 09:05:33 --> Upload ID: 52
DEBUG - 2025-12-15 09:05:33 --> PMA records found: 15
DEBUG - 2025-12-15 09:05:33 --> PMDN records found: 186
DEBUG - 2025-12-15 09:05:33 --> PMA: 15 rows, Total: 20
DEBUG - 2025-12-15 09:05:33 --> PMDN: 186 rows, Total: 435
DEBUG - 2025-12-15 09:05:33 --> === getSectorCountByCompany END ===
DEBUG - 2025-12-15 09:05:33 --> === getSectorCountByCompany START ===
DEBUG - 2025-12-15 09:05:33 --> Upload ID: 52
DEBUG - 2025-12-15 09:05:33 --> PMA records found: 15
DEBUG - 2025-12-15 09:05:33 --> PMDN records found: 186
DEBUG - 2025-12-15 09:05:33 --> PMA: 15 rows, Total: 20
DEBUG - 2025-12-15 09:05:33 --> PMDN: 186 rows, Total: 435
DEBUG - 2025-12-15 09:05:33 --> === getSectorCountByCompany END ===
DEBUG - 2025-12-15 09:05:33 --> Sector count in DashboardService: {"PMA":{"data":[{"sektor":"Hotel dan Restoran","nama_perusahaan":"CAHAYA ANUGRAH SARANA CATERING","jumlah":"2"},{"sektor":"Industri Lainnya","nama_perusahaan":"ANUGERAH BAROKAH CAKRAWALA","jumlah":"1"},{"sektor":"Industri Logam Dasar, Barang Logam, Bukan Mesin dan Peralatannya","nama_perusahaan":"ANUGERAH BAROKAH CAKRAWALA","jumlah":"3"},{"sektor":"Industri Logam Dasar, Barang Logam, Bukan Mesin dan Peralatannya","nama_perusahaan":"ANUGERAH BAROKAH ENERGI BARU","jumlah":"1"},{"sektor":"Jasa Lainnya","nama_perusahaan":"THIESS CONTRACTORS INDONESIA","jumlah":"1"},{"sektor":"Listrik, Gas dan Air","nama_perusahaan":"ANUGERAH BAROKAH CAKRAWALA","jumlah":"1"},{"sektor":"Perdagangan dan Reparasi","nama_perusahaan":"VKS DRILLTEK INDO","jumlah":"1"},{"sektor":"Pertambangan","nama_perusahaan":"MITRA SETIA TANAH BUMBU","jumlah":"1"},{"sektor":"Pertambangan","nama_perusahaan":"THIESS CONTRACTORS INDONESIA","jumlah":"1"},{"sektor":"Pertambangan","nama_perusahaan":"TOUDANO MANDIRI ABADI","jumlah":"1"},{"sektor":"Pertambangan","nama_perusahaan":"TRANSCOAL MINERGY","jumlah":"3"},{"sektor":"Pertambangan","nama_perusahaan":"YIWAN MINING","jumlah":"1"},{"sektor":"Tanaman Pangan, Perkebunan, dan Peternakan","nama_perusahaan":"JAYA MANDIRI SUKSES","jumlah":"1"},{"sektor":"Tanaman Pangan, Perkebunan, dan Peternakan","nama_perusahaan":"SINGALAND ASETAMA","jumlah":"1"},{"sektor":"Transportasi, Gudang dan Telekomunikasi","nama_perusahaan":"ANUGERAH BAROKAH CAKRAWALA","jumlah":"1"}],"total":20},"PMDN":{"data":[{"sektor":"Hotel dan Restoran","nama_perusahaan":"ARYATAMA BANUA BIRU","jumlah":"3"},{"sektor":"Hotel dan Restoran","nama_perusahaan":"FAST FOOD INDONESIA","jumlah":"1"},{"sektor":"Hotel dan Restoran","nama_perusahaan":"PESTA PORA ABADI","jumlah":"3"},{"sektor":"Hotel dan Restoran","nama_perusahaan":"RICHEESE KULINER INDONESIA","jumlah":"1"},{"sektor":"Hotel dan Restoran","nama_perusahaan":"SARANA INDO PERDANA","jumlah":"1"},{"sektor":"Industri  Mesin, Elektronik, Instrumen Kedokteran, Peralatan Listrik, Presisi, Optik dan Jam","nama_perusahaan":"SANGGAR SARANA BAJA","jumlah":"1"},{"sektor":"Industri Karet dan Plastik","nama_perusahaan":"NUSANTARA BATULICIN","jumlah":"1"},{"sektor":"Industri Kendaraan Bermotor dan Alat Transportasi Lain","nama_perusahaan":"KARYA JAYA LOGISTIK","jumlah":"1"},{"sektor":"Industri Kimia Dan Farmasi","nama_perusahaan":"HAJI MAMING PELABUHAN","jumlah":"1"},{"sektor":"Industri Kimia Dan Farmasi","nama_perusahaan":"JHONLIN AGRO RAYA Tbk","jumlah":"1"},{"sektor":"Industri Kimia Dan Farmasi","nama_perusahaan":"JOH SUKSES MANDIRI MOTOR","jumlah":"1"},{"sektor":"Industri Kimia Dan Farmasi","nama_perusahaan":"SATUI BINA USAHA","jumlah":"2"},{"sektor":"Industri Lainnya","nama_perusahaan":"BUANA KARYA BHAKTI","jumlah":"1"},{"sektor":"Industri Logam Dasar, Barang Logam, Bukan Mesin dan Peralatannya","nama_perusahaan":"ANGKASA JAYA MULIA","jumlah":"1"},{"sektor":"Industri Makanan","nama_perusahaan":"ADISURYA CIPTA LESTARI","jumlah":"1"},{"sektor":"Industri Makanan","nama_perusahaan":"BUANA KARYA BHAKTI","jumlah":"2"},{"sektor":"Industri Makanan","nama_perusahaan":"BUANA KARYA NOVELTINDO","jumlah":"1"},{"sektor":"Industri Makanan","nama_perusahaan":"GAWI MAKMUR KALIMANTAN","jumlah":"1"},{"sektor":"Industri Makanan","nama_perusahaan":"JHONLIN AGRO RAYA Tbk","jumlah":"1"},{"sektor":"Industri Makanan","nama_perusahaan":"KARYA JAYA LOGISTIK","jumlah":"3"},{"sektor":"Industri Makanan","nama_perusahaan":"KODECO AGROJAYA MANDIRI","jumlah":"2"},{"sektor":"Industri Makanan","nama_perusahaan":"MANDIRI AMAN SEJAHTERA","jumlah":"2"},{"sektor":"Industri Makanan","nama_perusahaan":"MANDIRI AMAN SEKAWAN","jumlah":"1"},{"sektor":"Industri Makanan","nama_perusahaan":"SARANA INDO PERDANA","jumlah":"1"},{"sektor":"Industri Makanan","nama_perusahaan":"UDANG MARIANI ENAM SEMBILAN","jumlah":"1"},{"sektor":"Jasa Lainnya","nama_perusahaan":"ANINDYA WIRAPUTRA KONSULT","jumlah":"3"},{"sektor":"Jasa Lainnya","nama_perusahaan":"BATULICIN ENAM SEMBILAN","jumlah":"1"},{"sektor":"Jasa Lainnya","nama_perusahaan":"BATULICIN ENAM SEMBILAN PERTAMBANGAN","jumlah":"1"},{"sektor":"Jasa Lainnya","nama_perusahaan":"BINA INTI PERSADA","jumlah":"1"},{"sektor":"Jasa Lainnya","nama_perusahaan":"BUANA KARYA BHAKTI","jumlah":"1"},{"sektor":"Jasa Lainnya","nama_perusahaan":"DAYA ENERGI TEKNIK","jumlah":"2"},{"sektor":"Jasa Lainnya","nama_perusahaan":"DELTA GARDA PERSADA","jumlah":"1"},{"sektor":"Jasa Lainnya","nama_perusahaan":"MAMING ENAM SEMBILAN","jumlah":"1"},{"sektor":"Jasa Lainnya","nama_perusahaan":"MANDIRI AMAN SEKAWAN","jumlah":"5"},{"sektor":"Jasa Lainnya","nama_perusahaan":"NAWAKARA PERKASA NUSANTARA","jumlah":"2"},{"sektor":"Jasa Lainnya","nama_perusahaan":"PUTRA PERKASA ABADI","jumlah":"1"},{"sektor":"Jasa Lainnya","nama_perusahaan":"SARANA INDO PERDANA","jumlah":"2"},{"sektor":"Jasa Lainnya","nama_perusahaan":"SUPRIMA MITRA ADIHUSADA","jumlah":"3"},{"sektor":"Jasa Lainnya","nama_perusahaan":"UNITED TRACTORS","jumlah":"6"},{"sektor":"Jasa Lainnya","nama_perusahaan":"WARGI SANTOSA","jumlah":"3"},{"sektor":"Kehutanan","nama_perusahaan":"BATULICIN BUMI BERSUJUD","jumlah":"2"},{"sektor":"Konstruksi","nama_perusahaan":"ANDIFA NUSA SAMUDERA","jumlah":"3"},{"sektor":"Konstruksi","nama_perusahaan":"BATULICIN BORNEO MARITIM","jumlah":"2"},{"sektor":"Konstruksi","nama_perusahaan":"KARYA TANTRA MEGA","jumlah":"2"},{"sektor":"Konstruksi","nama_perusahaan":"KRIDA CIPTA SATYA","jumlah":"3"},{"sektor":"Konstruksi","nama_perusahaan":"MANDIRI AMAN SEJAHTERA","jumlah":"20"},{"sektor":"Konstruksi","nama_perusahaan":"MANDIRI AMAN SEKAWAN","jumlah":"19"},{"sektor":"Konstruksi","nama_perusahaan":"MITRA JASA SEBAMBAN UTAMA","jumlah":"1"},{"sektor":"Konstruksi","nama_perusahaan":"PROFESIONAL TELEKOMUNIKASI INDONESIA","jumlah":"8"},{"sektor":"Konstruksi","nama_perusahaan":"SOLUSI TUNAS PRATAMA","jumlah":"7"},{"sektor":"Konstruksi","nama_perusahaan":"TATA BUANA KARYA","jumlah":"1"},{"sektor":"Konstruksi","nama_perusahaan":"TOWER BERSAMA","jumlah":"5"},{"sektor":"Konstruksi","nama_perusahaan":"UNITED TRACTORS","jumlah":"1"},{"sektor":"Listrik, Gas dan Air","nama_perusahaan":"BINA INTI PERSADA","jumlah":"3"},{"sektor":"Listrik, Gas dan Air","nama_perusahaan":"BUMI NUSA PALAPA","jumlah":"1"},{"sektor":"Listrik, Gas dan Air","nama_perusahaan":"DUA SAMUDERA PERKASA","jumlah":"1"},{"sektor":"Listrik, Gas dan Air","nama_perusahaan":"SARANA INDO PERDANA","jumlah":"2"},{"sektor":"Listrik, Gas dan Air","nama_perusahaan":"SUMBERDAYA SEWATAMA","jumlah":"1"},{"sektor":"Perdagangan dan Reparasi","nama_perusahaan":"ADIDAYA AKBAR BERKARYA","jumlah":"1"},{"sektor":"Perdagangan dan Reparasi","nama_perusahaan":"ADISURYA CIPTA LESTARI","jumlah":"2"},{"sektor":"Perdagangan dan Reparasi","nama_perusahaan":"AMANAH PUTRA BORNEO","jumlah":"1"},{"sektor":"Perdagangan dan Reparasi","nama_perusahaan":"ANDIFA PERKASA ENERGI","jumlah":"4"},{"sektor":"Perdagangan dan Reparasi","nama_perusahaan":"ANDIFA ZAYEEN PERKASA","jumlah":"1"},{"sektor":"Perdagangan dan Reparasi","nama_perusahaan":"AXIS PRATAMA INDONESIA","jumlah":"1"},{"sektor":"Perdagangan dan Reparasi","nama_perusahaan":"BARA ASIA COALTRADE","jumlah":"1"},{"sektor":"Perdagangan dan Reparasi","nama_perusahaan":"BATULICIN AGRO SENTOSA","jumlah":"1"},{"sektor":"Perdagangan dan Reparasi","nama_perusahaan":"BATULICIN ENAM SEMBILAN PELABUHAN","jumlah":"1"},{"sektor":"Perdagangan dan Reparasi","nama_perusahaan":"BATULICIN ENAM SEMBILAN TRANSPORTASI","jumlah":"1"},{"sektor":"Perdagangan dan Reparasi","nama_perusahaan":"BAYAN RESOURCES","jumlah":"1"},{"sektor":"Perdagangan dan Reparasi","nama_perusahaan":"BINA INTI PERSADA","jumlah":"1"},{"sektor":"Perdagangan dan Reparasi","nama_perusahaan":"BINA USAHA BATULICIN","jumlah":"1"},{"sektor":"Perdagangan dan Reparasi","nama_perusahaan":"BUANA KARYA NOVELTINDO","jumlah":"1"},{"sektor":"Perdagangan dan Reparasi","nama_perusahaan":"DAYA INDAH ANDALAN","jumlah":"1"},{"sektor":"Perdagangan dan Reparasi","nama_perusahaan":"DAYA INDAH YASA","jumlah":"4"},{"sektor":"Perdagangan dan Reparasi","nama_perusahaan":"DUA KOTA LAUT","jumlah":"1"},{"sektor":"Perdagangan dan Reparasi","nama_perusahaan":"ENAM SEMBILAN NIAGA NIKEL","jumlah":"1"},{"sektor":"Perdagangan dan Reparasi","nama_perusahaan":"ENAM SEMBILAN TRADING BATUBARA","jumlah":"1"},{"sektor":"Perdagangan dan Reparasi","nama_perusahaan":"GARUDA WISNU AMERTA","jumlah":"1"},{"sektor":"Perdagangan dan Reparasi","nama_perusahaan":"GLOCHATSA TESALONIKA SENTOSA","jumlah":"1"},{"sektor":"Perdagangan dan Reparasi","nama_perusahaan":"GRAND DUTA BORNEO","jumlah":"2"},{"sektor":"Perdagangan dan Reparasi","nama_perusahaan":"INDOMARCO PRISMATAMA","jumlah":"2"},{"sektor":"Perdagangan dan Reparasi","nama_perusahaan":"JHONLIN MARINE TRANS","jumlah":"1"},{"sektor":"Perdagangan dan Reparasi","nama_perusahaan":"KALIMAS KHARISMA","jumlah":"4"},{"sektor":"Perdagangan dan Reparasi","nama_perusahaan":"KARYA JAYA LOGISTIK","jumlah":"8"},{"sektor":"Perdagangan dan Reparasi","nama_perusahaan":"KHARISMA KAISAR BATULICIN","jumlah":"2"},{"sektor":"Perdagangan dan Reparasi","nama_perusahaan":"KODECO AGROJAYA MANDIRI","jumlah":"1"},{"sektor":"Perdagangan dan Reparasi","nama_perusahaan":"MANDIRI AMAN SEJAHTERA","jumlah":"12"},{"sektor":"Perdagangan dan Reparasi","nama_perusahaan":"MANDIRI AMAN SEKAWAN","jumlah":"7"},{"sektor":"Perdagangan dan Reparasi","nama_perusahaan":"MITRA MEGAH PROFITAMAS","jumlah":"1"},{"sektor":"Perdagangan dan Reparasi","nama_perusahaan":"PUTRA PERKASA ABADI","jumlah":"1"},{"sektor":"Perdagangan dan Reparasi","nama_perusahaan":"SAMATOR GAS INDUSTRI","jumlah":"1"},{"sektor":"Perdagangan dan Reparasi","nama_perusahaan":"SEBAMBAN TERMINAL UMUM","jumlah":"1"},{"sektor":"Perdagangan dan Reparasi","nama_perusahaan":"SENTRA AGRO SUMBER RAYA","jumlah":"3"},{"sektor":"Perdagangan dan Reparasi","nama_perusahaan":"SINARNIAGA SEJAHTERA","jumlah":"1"},{"sektor":"Perdagangan dan Reparasi","nama_perusahaan":"SUMBER ALFARIA TRIJAYA","jumlah":"19"},{"sektor":"Perdagangan dan Reparasi","nama_perusahaan":"SUMBER BERLIAN MOTORS","jumlah":"6"},{"sektor":"Perdagangan dan Reparasi","nama_perusahaan":"SUMBER CIPTA MULTINIAGA","jumlah":"1"},{"sektor":"Perdagangan dan Reparasi","nama_perusahaan":"TIRTAKENCANA TATAWARNA","jumlah":"5"},{"sektor":"Perdagangan dan Reparasi","nama_perusahaan":"UNITED TRACTORS","jumlah":"7"},{"sektor":"Perdagangan dan Reparasi","nama_perusahaan":"WARGI SANTOSA","jumlah":"2"},{"sektor":"Perikanan","nama_perusahaan":"UDANG MARIANI ENAM SEMBILAN","jumlah":"1"},{"sektor":"Pertambangan","nama_perusahaan":"ADIDAYA AKBAR BERKARYA","jumlah":"1"},{"sektor":"Pertambangan","nama_perusahaan":"AMANAH PUTRA BORNEO","jumlah":"1"},{"sektor":"Pertambangan","nama_perusahaan":"ANGSANA JAYA ENERGI","jumlah":"1"},{"sektor":"Pertambangan","nama_perusahaan":"ANZAWARA SATRIA","jumlah":"1"},{"sektor":"Pertambangan","nama_perusahaan":"ARUTMIN INDONESIA","jumlah":"6"},{"sektor":"Pertambangan","nama_perusahaan":"BATULICIN BORNEO MARITIM","jumlah":"2"},{"sektor":"Pertambangan","nama_perusahaan":"BATULICIN ENAM SEMBILAN PERTAMBANGAN","jumlah":"1"},{"sektor":"Pertambangan","nama_perusahaan":"BINA BATULICIN USAHA","jumlah":"1"},{"sektor":"Pertambangan","nama_perusahaan":"BORNEO INDOBARA","jumlah":"31"},{"sektor":"Pertambangan","nama_perusahaan":"BORNEO MITRA BARATAMA","jumlah":"1"},{"sektor":"Pertambangan","nama_perusahaan":"BUKIT MAKMUR MANDIRI UTAMA","jumlah":"1"},{"sektor":"Pertambangan","nama_perusahaan":"CAKRAWALA LANGIT SEJAHTERA","jumlah":"1"},{"sektor":"Pertambangan","nama_perusahaan":"CIPTA KRIDATAMA","jumlah":"2"},{"sektor":"Pertambangan","nama_perusahaan":"DARMA HENWA","jumlah":"2"},{"sektor":"Pertambangan","nama_perusahaan":"DAYA ENERGI TEKNIK","jumlah":"1"},{"sektor":"Pertambangan","nama_perusahaan":"GEMA TAMBANG NUSANTARA","jumlah":"1"},{"sektor":"Pertambangan","nama_perusahaan":"GUNUNG MAYANG STONE","jumlah":"1"},{"sektor":"Pertambangan","nama_perusahaan":"HALONG JAYA BERGETAR","jumlah":"1"},{"sektor":"Pertambangan","nama_perusahaan":"JHONLIN BARATAMA","jumlah":"1"},{"sektor":"Pertambangan","nama_perusahaan":"KRIDA CIPTA SATYA","jumlah":"1"},{"sektor":"Pertambangan","nama_perusahaan":"LINTAS FORTUNA NUSANTARA","jumlah":"1"},{"sektor":"Pertambangan","nama_perusahaan":"MITRAJAYA ABADI BERSAMA","jumlah":"1"},{"sektor":"Pertambangan","nama_perusahaan":"REZKI BATULICIN TRANSPORT","jumlah":"1"},{"sektor":"Pertambangan","nama_perusahaan":"SATUI BINA USAHA","jumlah":"2"},{"sektor":"Pertambangan","nama_perusahaan":"SEIA MITRA MANDIRI","jumlah":"1"},{"sektor":"Pertambangan","nama_perusahaan":"SILIKA MITRA PERKASA","jumlah":"1"},{"sektor":"Pertambangan","nama_perusahaan":"SUNGAI DANAU JAYA","jumlah":"2"},{"sektor":"Pertambangan","nama_perusahaan":"TANAH BUMBU RESOURCES","jumlah":"1"},{"sektor":"Pertambangan","nama_perusahaan":"TIMUR SATRIA PERKASA","jumlah":"1"},{"sektor":"Pertambangan","nama_perusahaan":"TUNAS INTI ABADI","jumlah":"1"},{"sektor":"Pertambangan","nama_perusahaan":"USAHA BARATAMA JESINDO","jumlah":"1"},{"sektor":"Pertambangan","nama_perusahaan":"WAHANA BARATAMA MINING","jumlah":"1"},{"sektor":"Perumahan, Kawasan Industri dan Perkantoran","nama_perusahaan":"DUA SAMUDERA PERKASA","jumlah":"1"},{"sektor":"Perumahan, Kawasan Industri dan Perkantoran","nama_perusahaan":"MANDIRI AMAN SEJAHTERA","jumlah":"2"},{"sektor":"Perumahan, Kawasan Industri dan Perkantoran","nama_perusahaan":"PELAYARAN BAHTERA ADHIGUNA","jumlah":"1"},{"sektor":"Perumahan, Kawasan Industri dan Perkantoran","nama_perusahaan":"SAPTAINDRA SEJATI","jumlah":"1"},{"sektor":"Perumahan, Kawasan Industri dan Perkantoran","nama_perusahaan":"UNITED TRACTORS","jumlah":"1"},{"sektor":"Tanaman Pangan, Perkebunan, dan Peternakan","nama_perusahaan":"ADISURYA CIPTA LESTARI","jumlah":"1"},{"sektor":"Tanaman Pangan, Perkebunan, dan Peternakan","nama_perusahaan":"BORNEO PALM PLANTATION","jumlah":"2"},{"sektor":"Tanaman Pangan, Perkebunan, dan Peternakan","nama_perusahaan":"BUANA KARYA BHAKTI","jumlah":"1"},{"sektor":"Tanaman Pangan, Perkebunan, dan Peternakan","nama_perusahaan":"FASS FOREST DEVELOPMENT","jumlah":"1"},{"sektor":"Tanaman Pangan, Perkebunan, dan Peternakan","nama_perusahaan":"JHONLIN AGRO LESTARI","jumlah":"1"},{"sektor":"Tanaman Pangan, Perkebunan, dan Peternakan","nama_perusahaan":"KODECO AGROJAYA MANDIRI","jumlah":"1"},{"sektor":"Tanaman Pangan, Perkebunan, dan Peternakan","nama_perusahaan":"MANDIRI AMAN SEJAHTERA","jumlah":"14"},{"sektor":"Tanaman Pangan, Perkebunan, dan Peternakan","nama_perusahaan":"MANDIRI AMAN SEKAWAN","jumlah":"6"},{"sektor":"Tanaman Pangan, Perkebunan, dan Peternakan","nama_perusahaan":"PERKEBUNAN NUSANTARA IV","jumlah":"1"},{"sektor":"Transportasi, Gudang dan Telekomunikasi","nama_perusahaan":"ANDIFA NUSA SAMUDERA","jumlah":"2"},{"sektor":"Transportasi, Gudang dan Telekomunikasi","nama_perusahaan":"ARUTMIN INDONESIA","jumlah":"2"},{"sektor":"Transportasi, Gudang dan Telekomunikasi","nama_perusahaan":"ASDP INDONESIA FERRY","jumlah":"2"},{"sektor":"Transportasi, Gudang dan Telekomunikasi","nama_perusahaan":"AXIS PRATAMA INDONESIA","jumlah":"3"},{"sektor":"Transportasi, Gudang dan Telekomunikasi","nama_perusahaan":"BANDAR INDO RAYA","jumlah":"1"},{"sektor":"Transportasi, Gudang dan Telekomunikasi","nama_perusahaan":"BAROKAH DEPUTRA NUSANTARA","jumlah":"1"},{"sektor":"Transportasi, Gudang dan Telekomunikasi","nama_perusahaan":"BATULICIN NUSANTARA MARITIM","jumlah":"1"},{"sektor":"Transportasi, Gudang dan Telekomunikasi","nama_perusahaan":"BAYAN RESOURCES","jumlah":"1"},{"sektor":"Transportasi, Gudang dan Telekomunikasi","nama_perusahaan":"BINA INDO RAYA","jumlah":"1"},{"sektor":"Transportasi, Gudang dan Telekomunikasi","nama_perusahaan":"BINA INTI PERSADA","jumlah":"3"},{"sektor":"Transportasi, Gudang dan Telekomunikasi","nama_perusahaan":"BINA KARYA PUTRA BATULICIN","jumlah":"1"},{"sektor":"Transportasi, Gudang dan Telekomunikasi","nama_perusahaan":"BINA USAHA BATULICIN","jumlah":"3"},{"sektor":"Transportasi, Gudang dan Telekomunikasi","nama_perusahaan":"BORNEO INDOBARA","jumlah":"2"},{"sektor":"Transportasi, Gudang dan Telekomunikasi","nama_perusahaan":"BUKIT MAKMUR MANDIRI UTAMA","jumlah":"1"},{"sektor":"Transportasi, Gudang dan Telekomunikasi","nama_perusahaan":"CIPTA KRIDA BAHARI","jumlah":"1"},{"sektor":"Transportasi, Gudang dan Telekomunikasi","nama_perusahaan":"CIPTA KRIDATAMA","jumlah":"1"},{"sektor":"Transportasi, Gudang dan Telekomunikasi","nama_perusahaan":"DIANTA DAYA EMBARA","jumlah":"1"},{"sektor":"Transportasi, Gudang dan Telekomunikasi","nama_perusahaan":"DUA SAMUDERA PERKASA","jumlah":"1"},{"sektor":"Transportasi, Gudang dan Telekomunikasi","nama_perusahaan":"JEMBATAN NUSANTARA","jumlah":"1"},{"sektor":"Transportasi, Gudang dan Telekomunikasi","nama_perusahaan":"JHONLIN AGRO RAYA Tbk","jumlah":"1"},{"sektor":"Transportasi, Gudang dan Telekomunikasi","nama_perusahaan":"JHONLIN MARINE LINES","jumlah":"1"},{"sektor":"Transportasi, Gudang dan Telekomunikasi","nama_perusahaan":"JHONLIN MARINE TRANS","jumlah":"2"},{"sektor":"Transportasi, Gudang dan Telekomunikasi","nama_perusahaan":"KARYA JAYA LOGISTIK","jumlah":"1"},{"sektor":"Transportasi, Gudang dan Telekomunikasi","nama_perusahaan":"KHARISMA KAISAR BATULICIN","jumlah":"3"},{"sektor":"Transportasi, Gudang dan Telekomunikasi","nama_perusahaan":"MANDIRI AMAN SEJAHTERA","jumlah":"3"},{"sektor":"Transportasi, Gudang dan Telekomunikasi","nama_perusahaan":"MANDIRI AMAN SEKAWAN","jumlah":"2"},{"sektor":"Transportasi, Gudang dan Telekomunikasi","nama_perusahaan":"MEGA UTAMA KHATULISTIWA","jumlah":"2"},{"sektor":"Transportasi, Gudang dan Telekomunikasi","nama_perusahaan":"MITRA JASA SEBAMBAN UTAMA","jumlah":"2"},{"sektor":"Transportasi, Gudang dan Telekomunikasi","nama_perusahaan":"PAGAR MULYA KARYATAMA","jumlah":"4"},{"sektor":"Transportasi, Gudang dan Telekomunikasi","nama_perusahaan":"PELABUHAN SWANGI INDAH","jumlah":"1"},{"sektor":"Transportasi, Gudang dan Telekomunikasi","nama_perusahaan":"PERUSAHAAN PERSEROAN (PERSERO) PT PELABUHAN INDONESIA DISINGKAT PT PELABUHAN INDONESIA (PERSERO)","jumlah":"1"},{"sektor":"Transportasi, Gudang dan Telekomunikasi","nama_perusahaan":"REZKI BATULICIN TRANSPORT","jumlah":"3"},{"sektor":"Transportasi, Gudang dan Telekomunikasi","nama_perusahaan":"SALAM PACIFIC INDONESIA LINES","jumlah":"1"},{"sektor":"Transportasi, Gudang dan Telekomunikasi","nama_perusahaan":"SARANA INDO PERDANA","jumlah":"2"},{"sektor":"Transportasi, Gudang dan Telekomunikasi","nama_perusahaan":"SEBAMBAN TERMINAL UMUM","jumlah":"1"},{"sektor":"Transportasi, Gudang dan Telekomunikasi","nama_perusahaan":"SERASI SHIPPING INDONESIA","jumlah":"1"},{"sektor":"Transportasi, Gudang dan Telekomunikasi","nama_perusahaan":"TIRTAKENCANA TATAWARNA","jumlah":"1"},{"sektor":"Transportasi, Gudang dan Telekomunikasi","nama_perusahaan":"WARGI SANTOSA","jumlah":"1"},{"sektor":"Transportasi, Gudang dan Telekomunikasi","nama_perusahaan":"WORLD TERMINALINDO","jumlah":"1"}],"total":435}}
DEBUG - 2025-12-15 09:05:33 --> QuarterlyChartService - Total uploads: 1
DEBUG - 2025-12-15 09:05:33 --> QuarterlyChartService - Selected year: all
DEBUG - 2025-12-15 09:05:33 --> Processing upload ID: 52, Status: completed, Year: 2025, Quarter: Q3
DEBUG - 2025-12-15 09:05:33 --> Upload ID 52 - PMA: 1653622393959.00, PMDN: 1817276331954.00
DEBUG - 2025-12-15 09:05:33 --> Added to Q3: 3470898725913 (Total now: 3470898725913)
DEBUG - 2025-12-15 09:05:33 --> Final quarterly data before conversion: {"Q1":0,"Q2":0,"Q3":3470898725913,"Q4":0}
DEBUG - 2025-12-15 09:05:33 --> QuarterlyChartService (All Years) - Total uploads: 1
DEBUG - 2025-12-15 09:05:33 --> Initialized year: 2025
DEBUG - 2025-12-15 09:05:33 --> Upload ID 52 - PMA: 1653622393959.00, PMDN: 1817276331954.00
DEBUG - 2025-12-15 09:05:33 --> Added to Q3: 3470898725913 (Total now: 3470898725913)
DEBUG - 2025-12-15 09:05:33 --> Yearly quarterly data before conversion: {"2025":{"Q1":0,"Q2":0,"Q3":3470898725913,"Q4":0}}
DEBUG - 2025-12-15 09:05:33 --> QuarterlyChartService (All Years) - Final result: {"2025":{"labels":["Q1","Q2","Q3","Q4"],"values":[0,0,3470898725913,0]}}
